New Link ID,Original Links
collapsed_2336171_2336748_2335757,5702791_rev,5702155
collapsed_2336675_2336748_15339501,5702792,5702719_rev
collapsed_2336685_2336759_2336661,5702804_rev,5702730
collapsed_2337645_2337716_2337308,5703918,5703842_rev
collapsed_2337606_2337722_2337489,5703922_rev,5703805
collapsed_2337941_2338004_50556095,5704242,18053002
collapsed_2337720_15339518_50556095,5703920,18053003_rev
collapsed_2337774_2337987_2337722,5704223_rev,5703978
collapsed_2342076_2342428_56729082,5709199_rev,19925738
collapsed_2337673_2337285_2337716,5703869_rev,5703917
collapsed_2334823_2334527_2334971,5700672,5700842_rev
collapsed_2334650_2335110_2334553,5700984,5700500_rev
collapsed_2336053_2335775_2336261,5702016,5702250_rev
collapsed_2336056_2336030_2336081,5702020_rev,5702053
collapsed_2339937_2340405_47620962,5706960_rev,17223357
collapsed_2340444_2340193_2340523,5707001_rev,5707083
collapsed_2334845_2334795_2335035,5700697_rev,5700907
collapsed_2336081_2336030_2336087,5702020_rev,5702053,5702061
collapsed_2336083_2336301_2336383,5702298,5702390_rev
collapsed_2336092_2335887_2336433,5702065,5702448_rev
collapsed_2341422_2341484_2341361,5708163,5708086_rev
collapsed_2341340_2341467_2341310,5708137,5707996_rev
collapsed_2341425_2341273_12575759,5708141_rev,5709087_rev
collapsed_2342440_2342010_2342408,5709210_rev,5709211_rev
collapsed_2339703_2339063_2339543,5706172,5706173_rev
collapsed_2340757_2340256_2340846,5707353_rev,5707443
collapsed_2335530_2335858_2335384,5701780,5701416_rev
collapsed_2336296_2336802_2335842,5702855,5702290_rev
collapsed_2336803_2336432_2336877,5702857_rev,5702941
collapsed_2336589_2336809_2336307,5702865,5702631_rev
collapsed_2336818_2336433_2337019,5702877_rev,5703106
collapsed_2337068_2336129_2337141,5703154,5703244_rev
collapsed_2337072_2337058_15139622,5703159,11581399_rev
collapsed_2338004_50556095_2338062,5704242,18053002,5704307
collapsed_2339139_2339401_2338932,5705822,5705548_rev
collapsed_2339319_2339401_2339275,5705823,5705734_rev
collapsed_2335513_2335572_2335888,5701461,5701814_rev
collapsed_2335572_2335888_2335926,5701461,5701814_rev,5701867_rev
collapsed_2338034_2337549_2338919,5704274,5705294_rev
collapsed_2339007_2339433_2338671,5705860,5705402_rev
collapsed_2339433_2338671_2339853,5705860,5705402_rev,5706347
collapsed_2339443_2338810_2339476,5705874_rev,5705913
collapsed_2340365_2340472_55925622,5707034,5706908_rev
collapsed_2336573_2335977_2336962,5702612_rev,5703042
collapsed_2336588_2336528_2336654,5702630,5702697
collapsed_2336307_2336809_2336230,5702865,5702631_rev,5702306_rev
collapsed_2336508_2336590_2336163,5702632,5702535
collapsed_2337766_2337804_2337731,5704017_rev,5703970
collapsed_2334665_2334886_2334575,5700741_rev,5700517
collapsed_2336052_2336299_2335563,5702294,5702015_rev
collapsed_2336143_2335925_2336163,5702121_rev,5702143_rev
collapsed_2341484_2341361_35499242,5708163,5708086_rev,5708194
collapsed_2334079_2334116_2334035,5699928_rev,5699885
collapsed_2337534_2337368_2337668,5703712,5703866_rev
collapsed_2337557_2337397_2337643,5703743,5703840_rev
collapsed_2337571_2337165_2337507,5703754_rev,5703755_rev
collapsed_2335550_2335601_2335509,5701495,5701426_rev
collapsed_2335747_2335914_36054163,5701851,5701656_rev
collapsed_2335869_2336149_2335702,5702130,5701794_rev
collapsed_2336674_2337105_2335794,5703202_rev,5702716
collapsed_2337128_2336929_2337549,5703226,5703732_rev
collapsed_2341524_2341310_2341540,5708205_rev,5708221
collapsed_2317138_2317092_2317212,5681425_rev,5681503
collapsed_2338539_2339234_2337844,5705651_rev,5704860_rev
collapsed_2338610_2338547_2338643,5704943_rev,5704979
collapsed_2338042_2338097_2337865,5704351,5704283_rev
collapsed_2338097_2337865_2338156,5704351,5704283_rev,5704415
collapsed_2342558_2342462_66543894,5709348_rev,5709496
collapsed_2335683_2335235_2335856,5701591,5701779_rev
collapsed_2335235_2335856_2335096,5701591,5701779_rev,5701123
collapsed_2337828_2337748_2337859,5704050_rev,5704079
collapsed_2337865_2337806_2338156,5704086_rev,5704351,5704283_rev,5704415
collapsed_2340505_2340552_47620967,5707118,17223356_rev
collapsed_2340552_47620967_2340619,5707118,17223356_rev,5707194
collapsed_2336639_2335914_55925546,5702681_rev,5702922
collapsed_2336666_2336654_55925544,5702710_rev,5702772
collapsed_2313762_2313527_2313687,5677686_rev,5677687
collapsed_2334617_2334976_2334542,5700846,5700460_rev
collapsed_2334197_2334246_12575752,5700059_rev,5700011
collapsed_2336168_2335775_2336409,5702151,5702413_rev
collapsed_2341540_2341310_2341547,5708205_rev,5708221,5708229
collapsed_2341561_2341231_2341628,5708247,5708316
collapsed_2337595_2337529_2335767,5703789,5703526_rev
collapsed_2337238_2337600_2337308,5703797,5703440_rev
collapsed_2335336_2335979_2335061,5701936_rev,5701219
collapsed_2335613_2335980_2335198,5701939_rev,5701508
collapsed_2337174_2337107_2337267,5703291_rev,5703389
collapsed_2337224_2337075_2337306,5703343_rev,5703438
collapsed_2342254_2342619_2342176,5709409,5708992_rev
collapsed_2338345_2338531_2337877,5704850,5704634_rev
collapsed_2336018_2336005_2336062,5701983_rev,5702026
collapsed_2336680_2336947_2335787,5703026,5702725_rev
collapsed_2338168_2338013_2338475,5704430,5704787_rev
collapsed_2339383_2339545_18844053,5705987_rev,5705804
collapsed_2335749_2335242_15602110,5701657,11666236_rev
collapsed_2337933_2337530_2338344,5704160,5704632
collapsed_2335289_2334879_2335775,5701172,5701687_rev
collapsed_2334879_2335775_2334422,5701172,5701687_rev,5700735
collapsed_2335314_2334933_2335457,5701193,5701338_rev
collapsed_2340594_2340670_2340141,5707251,5707163_rev
collapsed_2337285_2337716_2336954,5703869_rev,5703917,5703413_rev
collapsed_2334252_2334335_2334246,5700152_rev,5700065
collapsed_2336028_2335728_2335918,5701992_rev,5701993_rev
collapsed_2336265_2335509_2336203,5702256,5702257_rev
collapsed_2336268_2336286_2336073,5702280,5702260_rev
collapsed_2334104_2334225_39336683,5700035_rev,5699912
collapsed_2337365_2337413_2337351,5703563,5703510_rev
collapsed_2337413_2337351_2337425,5703563,5703510_rev,5703580
collapsed_2337389_2337426_2337306,5703582,5703538_rev
collapsed_2333610_2333227_2333976,5699374_rev,5699774
collapsed_2333650_2333622_2333675,5699420_rev,5699447
collapsed_2331708_2331508_2331786,5697412,5697498_rev
collapsed_2332883_2332759_2333179,5698605,5698913_rev
collapsed_2332759_2333179_2332585,5698605,5698913_rev,5698477
collapsed_2332031_2331924_2332405,5697720_rev,5698114
collapsed_2338324_2337489_2338379,5704610_rev,5704677
collapsed_2334549_2334790_2334260,5700638,5700371_rev
collapsed_2332868_2332815_15339396,5698594_rev,11627073
collapsed_2332941_2332845_2333205,5698664_rev,5698948
collapsed_2332038_2331797_2332166,5697728,5697868_rev
collapsed_2333146_2333232_2332710,5698976,5698881_rev
collapsed_2335487_2335529_2335175,5701414_rev,5701366_rev
collapsed_2331404_2331165_2331555,5697097_rev,5697245
collapsed_2331334_2331429_2331011,5697124_rev,5697028
collapsed_2331430_2331537_2329360,5697228,5697125_rev
collapsed_2332580_2332438_16449544,5698288_rev,5698326
collapsed_2332370_2332583_2332329,5698290_rev,5698078
collapsed_2333216_2333943_18395643,5699738_rev,13164007
collapsed_2333895_2333947_2333757,5699743,5699676_rev
collapsed_2333220_2333251_2332714,5698994,5698964_rev
collapsed_2334315_2334221_2334399,5700131,5700222_rev
collapsed_2336532_2336415_16595930,5702566,5703318
collapsed_2332188_2332591_2331890,5698299,5697891_rev
collapsed_2331893_2332606_2331655,5698313,5697592_rev
collapsed_2333636_2333672_15339420,5699441_rev,5699402
collapsed_2333675_2333622_2333706,5699420_rev,5699447,5699481
collapsed_2330308_2330587_2330012,5696273_rev,5695965
collapsed_2330595_2330531_2330646,5696283_rev,5696328
collapsed_2331693_2331729_2331655,5697438,5697396_rev
collapsed_2331729_2331655_2331762,5697438,5697396_rev,5697467
collapsed_2331502_2331733_2331575,5697441,5697263_rev
collapsed_2334335_2334246_2334350,5700152_rev,5700065,5700167
collapsed_2334306_2334361_56720277,5700181,19923509_rev
collapsed_2330935_2330789_2331106,5696612_rev,5696792
collapsed_2338537_2338560_2338481,5704887,5704858_rev
collapsed_2333701_2333648_15540831,5699473,11653904_rev
collapsed_2333648_15540831_62361275,5699473,11653904_rev,5699416
collapsed_2334496_2334680_2334399,5700538,5700324_rev
collapsed_2331756_2331735_2331774,5697461_rev,5697483
collapsed_2332978_2332924_2333413,5698705_rev,5699174
collapsed_2331449_2332151_2331014,5697847_rev,5697141
collapsed_2332283_2331884_2332479,5697992,5698186
collapsed_2332285_2332258_2332297,5697993,5698006_rev
collapsed_2332165_2332290_2331573,5697997_rev,5697867
collapsed_2332321_2332297_2332354,5698026,5698062
collapsed_2332297_2332354_2332258,5698026,5698062,5697993,5698006_rev
collapsed_2331421_2331470_2331402,5697163,6306325_rev
collapsed_2331490_2331470_2331544,5697185,5697235
collapsed_2332995_2332839_2333019,5698727_rev,5698753
collapsed_2333793_2334022_2333678,5699828,5699567_rev
collapsed_2338252_2338156_2338285,5704535_rev,5704572
collapsed_2334532_2334514_2334539,5700355_rev,5700363
collapsed_2334539_2334514_2334575,5700355_rev,5700363,5700412
collapsed_2331493_2330933_2331888,5697186,5697586_rev
collapsed_2332434_2332606_2332462,5698365_rev,5698170
collapsed_2332339_2332672_2332290,5698387,5698044_rev
collapsed_2332672_2332290_2332710,5698387,5698044_rev,5698429
collapsed_2330196_2330625_2329493,5696312,5695856_rev
collapsed_2335334_2334897_2335792,5701217_rev,5701705
collapsed_2331131_2331012_15602083,5696811_rev,5696819
collapsed_2330999_2331214_2330900,5696886,5696675_rev
collapsed_2333773_2333401_2333830,5699543,5699597_rev
collapsed_2333476_2333778_2333035,5699551,5699237_rev
collapsed_2330690_2330531_66241695,5696371_rev,5696429
collapsed_2331786_2331508_2332065,5697412,5697498_rev,5697753_rev
collapsed_2331774_2331797_2331735,5697510,5697461_rev,5697483
collapsed_2331810_2331797_2331882,5697521,5697576_rev
collapsed_2336299_2335563_2336528,5702294,5702015_rev,5702563
collapsed_2332819_2333024_2332497,5698758,5698548
collapsed_2337331_2337270_2337351,5703469,5703498
collapsed_2333461_2333395_2333535,5699214,5699301_rev
collapsed_2334565_2334553_2334411,5700397_rev,5700396_rev
collapsed_2334572_2334361_2334606,5700408_rev,5700446
collapsed_2331232_2331194_2331328,5696911,5697020_rev
collapsed_2331220_2331235_2331173,5696926_rev,5696895
collapsed_2333786_15540832_62361273,5699687,5699560_rev
collapsed_2330713_2330685_2330747,5696391_rev,5696427
collapsed_2330747_2330685_2330789,5696391_rev,5696427,5696472
collapsed_2331872_2331820_70680966,5697570_rev,5697971
collapsed_2331623_2331882_2331325,5697575,5697318_rev
collapsed_2335410_2335278_2335874,5701296,5701800_rev
collapsed_2336240_43913266_2336759,11627052_rev,5702803
collapsed_2331181_2331363_66241703,5697053,5696857_rev
collapsed_2332432_2331755_2332468,5698141_rev,5698178
collapsed_2332696_2333844_2332599,5699614_rev,5698415
collapsed_2333849_2333734_2333887,5699623,5699665_rev
collapsed_2330441_2330349_2329275,5696108,5696107_rev
collapsed_2331890_2331768_2332591,5697588_rev,5698299,5697891_rev
collapsed_2331866_2331891_2330402,5697590,5697565_rev
collapsed_2332447_2332433_2332488,5698160_rev,5698197_rev
collapsed_2331537_2329360_2331826,5697228,5697125_rev,5697537
collapsed_2331607_2331544_2331639,5697297_rev,5697336
collapsed_2333135_2333024_2333185,5698871_rev,5698922
collapsed_2338379_2337489_2337677,5704610_rev,5704677,5704676
collapsed_2332826_2332463_2332907,5698558,5698627_rev
collapsed_2331455_2331639_2331038,5697335,19851382
collapsed_2331641_2331555_15211737,5697340_rev,5697339
collapsed_2338426_2338401_2338445,5704729,5704753_rev
collapsed_2338427_2338260_2338704,5704730,5705051_rev
collapsed_2335447_2335310_2335480,5701330_rev,5701362
collapsed_2335492_2334929_2335577,5701371,5701467_rev
collapsed_2331078_2331311_2330982,5696996,5696762_rev
collapsed_2331328_2331194_2331555,5696911,5697020_rev,19923504_rev
collapsed_2331840_2331932_56720267,5697632_rev,5697907_rev
collapsed_2336179_2336433_2336085,5702449_rev,5702162
collapsed_2336457_2336419_2336493,5702476,5702518_rev
collapsed_2336464_2336459_15139615,5702485_rev,5702531
collapsed_2336478_2336415_13165797,5702500,6289752_rev
collapsed_2332519_2332463_2332585,5698231_rev,5698295
collapsed_2332558_2332201_15575874,5698263_rev,11661361
collapsed_2330452_2330494_2330269,5696175,5696120_rev
collapsed_2330506_2330463_56083083,5696189,5696253_rev
collapsed_2333151_2333194_2332989,5698933,5698887_rev
collapsed_2330073_2330521_2330544,5696203_rev,5696224
collapsed_2330475_2330522_7700091,5696205,6289687_rev
collapsed_2330527_2330513_2330565,5696210,5696246
collapsed_2333179_2332585_2334026,5698605,5698913_rev,5698477,5699831_rev
collapsed_2333205_2332845_15339442,5698664_rev,5698948,11627061
collapsed_2343129_2342954_2343869,5709963_rev,5710766
collapsed_2343859_2344434_2343406,5711366_rev,5710756
collapsed_2344338_2344434_9890652,5711367,6307694
collapsed_2344435_2344142_2344961,5711368_rev,5711940
collapsed_2351011_2351197_2350901,5718693_rev,5718495_rev
collapsed_2313677_2313358_2313974,5677585_rev,5677927_rev
collapsed_2349458_2349411_2349506,5716820,5716876_rev
collapsed_2346265_2345825_2346719,5713365_rev,5713862
collapsed_2346601_2346193_2347256,5713730,5714453
collapsed_2350832_2350901_2350774,5718379_rev,5718311
collapsed_2347360_2346301_2347325,5714573_rev,5714574_rev
collapsed_2323879_2323903_2323858,5689200,5689172_rev
collapsed_2343935_2343958_2343869,5710861_rev,5710837
collapsed_2350092_2350128_2350682,5717544,5718127
collapsed_2350152_2350128_2350753,5717569_rev,5718208
collapsed_2350169_2350144_2350474,5717587_rev,5717930
collapsed_2348962_2348896_2349033,5716278_rev,5716347
collapsed_2351056_55126854_2351115,5718542_rev,5718603
collapsed_2342423_2342368_2342154,5709189,5709190_rev
collapsed_2342879_2342681_2343058,5709697,5709883_rev
collapsed_2342903_2342876_2342954,5709720_rev,5709773
collapsed_2344924_2345242_2344887,5712244,5711904_rev
collapsed_2345242_2344887_2345325,5712244,5711904_rev,5712336
collapsed_2346341_2346268_2346671,5713436_rev,5713809
collapsed_2350599_2350957_2350228,5718440_rev,5718042
collapsed_2350870_2350957_2350816,5718441,5718344_rev
collapsed_2348161_2348128_18769091,5715429_rev,13254415
collapsed_2349249_2349205_2349292,5716577_rev,5716620
collapsed_2343972_2343958_2344030,5710872,5710942_rev
collapsed_2344776_2344959_2344996,5711938,5712235_rev
collapsed_2350986_2350580_7700209,5718472,6289836_rev
collapsed_2348929_2349258_2348859,5716585,5716247_rev
collapsed_2343266_2342421_2342587,5710102,5710103_rev
collapsed_2349866_2350228_2349568,5717649_rev,5717243
collapsed_2345321_2345309_2345335,5712333,5712345_rev
collapsed_2345006_2345335_2344696,5712344,5711996_rev
collapsed_2343009_2342986_2343057,5709830_rev,5709882
collapsed_2348211_2347770_2348041,5715479_rev,5715480_rev
collapsed_2343058_2343284_2342681,5710124,5709697,5709883_rev
collapsed_2347603_2347946_15339741,5715193,5714830_rev
collapsed_2343054_2343030_2343436,5709880_rev,5710290_rev
collapsed_2345274_2345383_2345212,5712394,5712281_rev
collapsed_2345398_2345143_2345464,5712407_rev,5712487
collapsed_2349700_2350010_2349294,5717413_rev,5717074
collapsed_2344057_2342596_2344292,5710973_rev,5711221_rev
collapsed_2351080_2351133_53487918,5718629_rev,5719911
collapsed_2351146_2350815_66465431,5718638,18950614_rev
collapsed_2343402_2343330_2343169,5710253,5710252_rev
collapsed_2346719_2345825_15339725,5713365_rev,5713862,11627129_rev
collapsed_2339132_2339168_2339063,5705578,5705541_rev
collapsed_2339168_2339063_2339195,5705578,5705541_rev,5705607
collapsed_2339853_2340207_2338671,5706732,5705860,5705402_rev,5706347
collapsed_2340207_2338671_70680991,5706732,5705860,5705402_rev,5706347,5707149
collapsed_2340141_2340223_2340670,5706751_rev,5707251,5707163_rev
collapsed_2338798_2338868_2338769,5705245_rev,5705162
collapsed_2340251_2340956_2339906,5707570_rev,5706779
collapsed_2340854_2341279_2341103,5707928,5707717_rev
collapsed_2341086_2341319_2341028,5707972_rev,5707699
collapsed_2345179_2345637_2344888,5712672,5712173_rev
collapsed_2339966_2339906_2340018,5706468_rev,5706522
collapsed_2342224_2342268_2342205,5709008,5708956_rev
collapsed_2344905_2344616_2344846,5711877,5711878_rev
collapsed_2339212_2339170_2339374,5705627_rev,5705843
collapsed_2341080_2341104_2340079,5707719_rev,5707693
collapsed_2339195_2339063_2339217,5705578,5705541_rev,5705607,5705633
collapsed_2339211_2339153_2339256,5705626_rev,5705678
collapsed_2339217_2339234_2339063,5705652,5705578,5705541_rev,5705607,5705633
collapsed_2342851_2342205_2342790,5709670_rev,5709671
collapsed_2341852_2341979_2341764,5708681,5708548_rev
collapsed_2342007_2341797_2342174,5708710,5708891_rev
collapsed_2340154_2340326_15097290,5706868,11571751_rev
collapsed_2340326_15097290_2340472,5706868,11571751_rev,5707035
collapsed_2341332_2340387_2341271,5707986_rev,5707987_rev
collapsed_2339903_2340787_2339354,5707383_rev,5706401
collapsed_2340822_2340421_2340759,5707420,5707421
collapsed_2338961_2338919_2339004,5705346_rev,5705398
collapsed_2340010_2339986_2340032,5706512_rev,5706536
collapsed_2345462_2345741_2345325,5712781,5712485_rev
collapsed_2341736_2341517_2341772,5708433,5708474_rev
collapsed_2341517_2341772_2341438,5708433,5708474_rev,5708196
collapsed_2340034_2339401_2340401,5706540,5706953
collapsed_2342174_2342335_2341797,5709082_rev,5708710,5708891_rev
collapsed_2342274_2342365_2342402,5709117_rev,5709163
collapsed_2346964_2346922_2346626,5714120,5714119
collapsed_2346922_2346626_69941069,5714120,5714119,5714075_rev
collapsed_2343483_2343682_2343171,5710565,5710338
collapsed_2343560_2343682_2343284,5710566,5710427
collapsed_2340360_2340311_2340394,5706901,5706945_rev
collapsed_2340846_2340256_2340896,5707353_rev,5707443,5707502
collapsed_2339013_55925575_55925587,5705409_rev,19842753
collapsed_2346577_2346626_2346516,5713765,5713700
collapsed_2341757_2341686_2342856,5708456,5709677_rev
collapsed_2341760_2341813_2341529,5708510,5708459_rev
collapsed_2341813_2341529_2342176,5708510,5708459_rev,5708894
collapsed_2339032_2339011_2339111,5705426_rev,5705521
collapsed_2347063_2347031_2347159,5714228_rev,5714336
collapsed_2340666_2340598_2340669,5707247_rev,5707249
collapsed_2341999_2342140_2341772,5708852_rev,5708704
collapsed_2342152_2342139_2342205,5708869_rev,5708932
collapsed_2344774_2344688_2344778,5711734_rev,5711738
collapsed_2340127_2339914_2340535,5706644_rev,5707098
collapsed_2338579_55933653_2338671,19848458_rev,5705013
collapsed_2346901_2347031_2346778,5714193,5714054_rev
collapsed_2342200_54205263_2342522,19240801_rev,5709307
collapsed_2344005_2344515_2343506,5711463,5710913_rev
collapsed_2339880_2339792_2339993,5706375_rev,5706498
collapsed_2340994_2340405_2340928,5707603,5707604
collapsed_2338932_2339401_2338531,5705822,5705548_rev,5705309
collapsed_2357012_2356856_2357187,5724353,5724525_rev
collapsed_2356856_2357187_12575771,5724353,5724525_rev,5724195
collapsed_2355900_2355630_2356025,5723264_rev,5723388
collapsed_2357100_2357518_2356928,5724878_rev,5724488_rev
collapsed_2358023_2358280_7741871,5725633,6304609_rev
collapsed_2358280_7741871_2358390,5725633,6304609_rev,5725745
collapsed_2352130_2351939_2351988,5719569_rev,5719640_rev
collapsed_2353273_16510959_2352742,11868400,5720705_rev
collapsed_2359271_2359492_2359303,5726859,5726669
collapsed_2359492_2359303_2359807,5726859,5726669,5727151_rev
collapsed_2356780_2356615_2356912,5724124,5724253_rev
collapsed_2361225_2361244_47392845,5728594,17198972_rev
collapsed_2361244_47392845_2361347,5728594,17198972_rev,5728701
collapsed_2355267_2355630_62670643,5723005,5722617
collapsed_2352765_2352893_53487919,5720332,5720206_rev
collapsed_2358375_2358579_2358055,5725934,5725732
collapsed_2358598_2358579_72140692,5725955,5725996
collapsed_2359724_2359715_2359739,5727070_rev,5727087
collapsed_2359242_2359220_2359272,5726613_rev,5726642
collapsed_2353099_2353050_2353121,5720519_rev,5720544
collapsed_2359768_2359783_70690376,5727127,5727111_rev
collapsed_2354376_2354436_2354291,5721813_rev,5721755
collapsed_2358910_2358768_2359388,5726280_rev,5726759
collapsed_2358928_13104936_2358646,5726678,5726301_rev
collapsed_2353121_2353050_70690953,5720519_rev,5720544,5720578
collapsed_2359783_2359807_70690376,5727152,5727127,5727111_rev
collapsed_2359691_2359672_2359977,6304278_rev,5727309
collapsed_2359030_2359324_2359003,5726700,5726403_rev
collapsed_2354511_2354427_2354291,5721880,5721879_rev
collapsed_2352034_2351988_2352089,5719481,5719534_rev
collapsed_2358784_2358390_7741875,5726136_rev,6304603_rev
collapsed_2354587_2354427_2354797,5721944_rev,5722152
collapsed_2354125_2354291_2354039,5721660,5721488_rev
collapsed_2352330_2352431_53487894,5719874_rev,5719760
collapsed_2352431_53487894_53487900,5719874_rev,5719760,18950458_rev
collapsed_2353890_2353664_2354205,5721276,5721583_rev
collapsed_2356152_2356186_2356141,5723541,5723510_rev
collapsed_2352671_2352526_2352943,5720115_rev,5720377
collapsed_2354303_36079534_69982626,5721672,23334292
collapsed_2354162_2354358_70690954,5721736_rev,5721534
collapsed_2347672_2347325_2347983,5714903_rev,5715230
collapsed_2346651_2346683_2346626,5713822,5713789
collapsed_2347717_2347673_15339754,5714947,5715079_rev
collapsed_2347673_15339754_15339730,5714947,5715079_rev,5714905_rev
collapsed_2350473_2350451_2350556,5717929,5717998_rev
collapsed_2350451_2350556_13104911,5717929,5717998_rev,10087394
collapsed_2347154_2347415_2345921,5714632_rev,5714331
collapsed_2353665_2353618_2353832,5721072_rev,5721228
collapsed_2349514_2349361_2349803,5716883,5717178_rev
collapsed_2348672_2348852_2347916,5716169_rev,5715968
collapsed_2352481_2352499_2352342,5719944,5719927_rev
collapsed_2352834_2352742_2352844,5720274_rev,5720283
collapsed_2352473_2352844_2352311,5720282_rev,5719916
collapsed_2352024_2352133_53487886,5719574,5719472
collapsed_2352210_2352133_53487891,5719638_rev,18950452
collapsed_2353347_2352879_2353618,5720769_rev,5721026
collapsed_2356510_2356376_2356603,5723860,5723950_rev
collapsed_2355429_2355396_12607563,5722782_rev,10100537
collapsed_2352893_53487919_2352736,5720332,5720206_rev,5720331_rev
collapsed_2349679_2349528_2349863,5717052_rev,5717239
collapsed_2353471_2352659_2353664,5720882,5721071_rev
collapsed_2361298_2361347_2361184,5728702_rev,5728649_rev
collapsed_2361610_2361876_2361574,5729245,5728974
collapsed_2361876_2361574_2361812,5729245,5728974,5729246_rev
collapsed_2358034_2358341_2358367,5725690_rev,5725721_rev
collapsed_2358055_2358579_70690966,5725934,5725732,5725400_rev
collapsed_2360506_2360920_7741883,5728261,6304595
collapsed_2358238_2358222_2539354,5725590_rev,6256053
collapsed_2361347_2361184_47392845,5728702_rev,5728649_rev,5728594,17198972_rev,5728701
collapsed_2361145_2361374_2361050,5728732,5728489_rev
collapsed_2361374_2361050_2361295,5728732,5728489_rev,5728733
collapsed_2307288_70905341_2307381,5670173_rev,5670265
collapsed_70905342_70905341_2307247,5670076,5670126_rev
collapsed_70905356_70905363_70905355,23470705,23470863
collapsed_70905360_70905361_70905357,23470853_rev,23470868_rev
collapsed_70905351_70905352_70905350,23470860_rev,23470864
collapsed_70905348_70905352_70905349,23470866_rev,23470870
collapsed_70905349_70905352_70905353,23470866_rev,23470870,23470871
collapsed_2506978_2290999_57498488,6242290_rev,6242291
collapsed_2298169_2298145_2298219,6239018,5659568
collapsed_2298145_2298219_2298545,6239018,5659568,6239020
collapsed_2298545_2298219_57004432,6239018,5659568,6239020,19954949
collapsed_2538256_2538258_2290672,6255639_rev,6255640_rev
collapsed_2328225_2328328_2328749,6304992,6305011_rev
collapsed_2322868_2322731_2323288,6304897_rev,6304901_rev
collapsed_4740270_2348290_2348596,6267922_rev,6267923
collapsed_4740267_2348286_2348031,6267924_rev,6267925
collapsed_2328119_2328658_2327750,6305004_rev,6304984
collapsed_2328024_2328812_2327401,6305013_rev,6304982
collapsed_2327750_2328730_2328658,6305008,6305004_rev,6304984
collapsed_2329220_16586646_66402678,6305031_rev,6305059
collapsed_2329583_2329918_2329531,6305045_rev,6305182_rev
collapsed_2330219_2330392_2330139,6305052,6305050_rev
collapsed_7741863_2355349_2355396,6304288_rev,6304617
collapsed_7741866_2356274_57632307,6304291_rev,20205532
collapsed_7741867_2356715_57632312,6304292_rev,20205531
collapsed_7741875_2358722_2358390,6304283_rev,5726136_rev,6304603_rev
collapsed_7741881_2360049_2359977,6304270,6304601_rev
collapsed_2330495_2329804_2330593,6305056,6305061
collapsed_7741877_2359155_2358999,6304862_rev,6304604
collapsed_7741879_2359184_2359409,6304864,6304607_rev
collapsed_2322023_2322359_2321958,6304890,6304889_rev
collapsed_2322359_2321958_2322399,6304890,6304889_rev,6304891
collapsed_2322769_2322731_2323006,6304895_rev,6304898
collapsed_2323288_2322731_2323156,6304897_rev,6304901_rev,6304902_rev
collapsed_7741954_2292008_2292193,6306141_rev,6306142
collapsed_2292193_2292008_45162298,6306141_rev,6306142,10095069
collapsed_2333864_2334209_2333780,6305139_rev,6305190_rev
collapsed_2334160_2334327_42600989,6305145,6305138_rev
collapsed_2334336_2334209_2334641,6305146,6305152_rev
collapsed_2323006_2323156_2322731,6304900,6304895_rev,6304898
collapsed_2323819_2323862_2323768,6304909,6304908
collapsed_2323862_2323768_54183479,6304909,6304908,6304910
collapsed_2324157_2324301_2325007,6304914_rev,6304920
collapsed_2324341_2324301_2324817,6304915_rev,6304917
collapsed_2312975_2312997_2312913,6288244_rev,6288243
collapsed_2324929_2324817_2325059,6304918,6304922_rev
collapsed_2325007_2324301_2325059,6304914_rev,6304920,6304923
collapsed_2325703_2325572_2325213,6304933_rev,6304932_rev
collapsed_2325998_2326040_2326306,6304937_rev,6304943
collapsed_7721614_2335231_2335061,6303642,6303644_rev
collapsed_2327402_2327754_2327231,6305175,6304968_rev
collapsed_2327754_2327231_2327881,6305175,6304968_rev,6305176
collapsed_2330727_2331805_2330593,6305183,6305066
collapsed_2332288_2331805_2332348,6305184_rev,6305185
collapsed_2332721_2332348_43754858,6305186_rev,16218034
collapsed_2326387_2326129_2326246,6304945_rev,6304946
collapsed_2326235_2326641_2326172,6304949_rev,6304940_rev
collapsed_2326696_2326641_2327231,6304953_rev,6304964_rev
collapsed_9890651_2343907_9890652,6307692_rev,6307695_rev
collapsed_7741848_2331121_35113959,6305960,14297345_rev
collapsed_2331121_35113959_15538573,6305960,14297345_rev,11653215
collapsed_2336593_2540595_2336510,6256533,5702638_rev
collapsed_7699886_2294525_7699884,6289427,6291332_rev
collapsed_7699923_2300054_45162335,6289466_rev,13403133
collapsed_7699925_2300371_45162335,6289470,13403134_rev
collapsed_7699944_2305480_7699943,6289492,6291497_rev
collapsed_7699950_2306819_13165786,6289502_rev,6291498
collapsed_7699991_2315167_45130467,6289552,6289551_rev
collapsed_7670337_2315331_35118077,6273540,6273539_rev
collapsed_7699993_2315402_45130469,6289554_rev,6289555
collapsed_7700009_2317424_62808483,6289577,6289576_rev
collapsed_7700010_2317822_2317726,6289579,6289578_rev
collapsed_7700015_2317656_45130593,6289589,6289588_rev
collapsed_7700016_2318089_45130591,6289591,6289590_rev
collapsed_7700017_2318175_45130595,6289592_rev,6289593
collapsed_7700035_2321212_7700036,6289617,6291510_rev
collapsed_7700036_2321427_2321212,6289618_rev,6289617,6291510_rev
collapsed_7700043_2322402_7700042,6289627_rev,6291512
collapsed_7700060_2325004_45130736,6289651,6289650_rev
collapsed_2325004_45130736_62695254,6289651,6289650_rev,21660945
collapsed_7700090_2330415_7700091,6289686_rev,6291516
collapsed_7700091_2330522_2330415,5696205,6289687_rev,6289686_rev,6291516
collapsed_7700104_2331895_45130793,6289706,6289705_rev
collapsed_2506984_2307276_2506985,6242298,6242299
collapsed_2307276_2506985_2307243,6242298,6242299,5670162_rev
collapsed_2307819_12305898_2307785,10021374_rev,5670776
collapsed_2307612_2307137_2308140,6302554_rev,14419211
collapsed_2308140_2308397_2307137,6302557,6302554_rev,14419211
collapsed_2308397_2307137_2308775,6302557,6302554_rev,14419211,5671907
collapsed_2291623_2292160_2291753,5652999_rev,5652552
collapsed_2507398_2321788_2321435,6242407_rev,6242408
collapsed_2311207_2311234_2311005,6304056,5674741
collapsed_7700128_2335194_2335228,6289738_rev,6289739
collapsed_7700129_2335231_7700130,6289740_rev,6291519
collapsed_7700130_2335295_2335231,6289741,6289740_rev,6291519
collapsed_7700131_2335310_45130832,6289743,6289742_rev
collapsed_2292410_2539623_2292048,6256110_rev,5653253
collapsed_2333036_35118131_63473335,14297716,5698768
collapsed_7700180_2342731_7700181,6289802,6291525_rev
collapsed_7700187_2345273_54205282,6289812,19239844_rev
collapsed_7700188_2345309_54205282,6289813_rev,19239843
collapsed_7700214_2351976_12274520,6289841,6291002_rev
collapsed_2351976_12274520_53487883,6289841,6291002_rev,5719433_rev
collapsed_7699793_2281450_45130094,6289331,6288357_rev
collapsed_2281450_45130094_2281494,6289331,6288357_rev,5641571
collapsed_7699806_2284371_46255939,6289346_rev,10095114
collapsed_7699862_2291712_13095280,6289405,6291489_rev
collapsed_7699867_2292237_7699868,6289410_rev,6291490
collapsed_7699868_2292264_2292237,6289411,6289410_rev,6291490
collapsed_7699869_2292245_7699870,6289412_rev,6291491
collapsed_7699870_2292415_2292245,6289413,6289412_rev,6291491
collapsed_2540579_2323897_2323302,6256505_rev,6306359_rev
collapsed_2278701_2278663_2278728,16761214,5638680_rev
collapsed_2275541_2275516_57854289,5635429_rev,20233507
collapsed_2277902_2277954_2277894,5637884,5637829_rev
collapsed_2281732_2281379_2281935,5641831_rev,5642037
collapsed_2274016_2274042_2273985,5633876_rev,5633848_rev
collapsed_2275938_2275919_2275963,5635827,5635850_rev
collapsed_2275919_2275963_2275898,5635827,5635850_rev,5635811
collapsed_2273660_2273578_2273822,15571098,5633651
collapsed_2273935_2273900_2273960,5633762_rev,5633794
collapsed_2273956_2273891_2274267,5633791,5634102_rev
collapsed_2273891_2274267_2274211,5633791,5634102_rev,5634044_rev
collapsed_2280566_2281051_2280436,5641115,5640624_rev
collapsed_2278468_2278818_45603281,5638768_rev,5638413
collapsed_2279726_2280031_2279368,5640056_rev,5639726
collapsed_2276445_2276460_2276650,5636350,5636539_rev
collapsed_2276460_2276650_2276502,5636350,5636539_rev,5636389
collapsed_2274130_2274117_2274141,5633969,5633980_rev
collapsed_2274620_2274359_2274878,5634454,5634721_rev
collapsed_2274717_2274857_2274608,5634701_rev,5634554_rev
collapsed_2289920_2289960_2289891,5650636,5650597_rev
collapsed_2290096_2289805_2291156,5650786,5651902_rev
collapsed_2290319_2290294_2290365,5651018_rev,5651075
collapsed_2280296_2279666_2280229,5640324_rev,5640325_rev
collapsed_2275016_2274470_2275162,5634871_rev,5635033
collapsed_2280573_2280629_12607536,5640699,10144003_rev
collapsed_2307763_2308368_2307598,6305561_rev,6305560
collapsed_7741819_7741820_2309790,6305565_rev,6304592
collapsed_7741821_2310149_41835988,6305566_rev,6304629
collapsed_2540593_2540595_2540594,6308841,6256536
collapsed_9892442_2336115_2336380,6308842_rev,6308843
collapsed_2314417_2314224_2314552,5678436_rev,5678583
collapsed_2323160_2323314_2323051,5688527_rev,5688358
collapsed_2325364_2325326_2325487,5690786_rev,5690938
collapsed_2326674_2326447_2327197,5692283_rev,5692816
collapsed_7741869_2357480_13104928,6304615,6304286_rev
collapsed_2357480_13104928_7741868,6304615,6304286_rev,6304614_rev
collapsed_2359977_2360049_2359672,6304270,6304601_rev,6304278_rev,5727309
collapsed_7741884_2360920_65740955,6304596,6304269_rev
collapsed_2360920_65740955_7741883,6304596,6304269_rev,5728261,6304595
collapsed_2338445_2338477_2338401,5704791_rev,5704729,5704753_rev
collapsed_2327623_2327668_2327516,5693319,5693274_rev
collapsed_2330364_2330175_2330754,5696027_rev,5696435
collapsed_2329886_2330377_2330081,5696040_rev,5695720
collapsed_2308709_2308569_2309046,5671826_rev,5672251
collapsed_2308702_52597978_2308465,18733881_rev,5671814
collapsed_2340857_2341246_2340394,5707883,5707458_rev
collapsed_2341246_2340394_2341376,5707883,5707458_rev,5707908
collapsed_2348599_2348540_2348651,5715900,5715944
collapsed_2328089_2327992_2328261,5693741,5693917_rev
collapsed_2336029_2335897_55777078,5701994_rev,19818816
collapsed_2315883_2315958_2315658,5680149,5680069_rev
collapsed_2315967_2315899_54741593,5680157,5680169_rev
collapsed_2325183_41860844_2324749,14500332_rev,5690592
collapsed_2336230_2336809_2336485,5702865,5702631_rev,5702306_rev,5702509
collapsed_2316049_2316070_2316016,5680264,5680240_rev
collapsed_2315809_2316074_2315732,5680269,5679986_rev
collapsed_2323317_2323338_2323383,5688558,5688603_rev
collapsed_2323338_2323383_2323364,5688558,5688603_rev,5688583
collapsed_2323355_2323247_55977315,5688573,5688623_rev
collapsed_2323513_2323453_2323703,5688761_rev,5688985_rev
collapsed_2323546_2323037_2323749,5688807,5689036_rev
collapsed_2310563_15606461_2310250,5674410_rev,5674006
collapsed_2313779_2314046_2313629,5678008,5677709_rev
collapsed_2314092_2314046_2314140,5678061_rev,5678117_rev
collapsed_2321856_2321695_2321594,5686829,5686830_rev
collapsed_2321597_2321871_2321514,5686847,5686507_rev
collapsed_2321871_2321514_2322188,5686847,5686507_rev,5687227
collapsed_2330854_2330870_2330789,5696547,5696527_rev
collapsed_2330870_2330789_2330942,5696547,5696527_rev,5696623
collapsed_2341468_2341639_2340802,5708329,5708138_rev
collapsed_2328406_2328312_2329069,5694052,19909469_rev
collapsed_2325387_2325580_16631294,5691036,11897134_rev
collapsed_2328701_2328652_62808495,5694348_rev,5694938
collapsed_2328707_2328571_2329026,5694357,5694699_rev
collapsed_2331093_2332170_2330881,5697873,5696782_rev
collapsed_2308925_2308302_2309300,5672111_rev,5672546_rev
collapsed_2308585_2309035_41188824,5672234_rev,15515450
collapsed_2309056_2308620_2309442,5672258_rev,5672706
collapsed_2308806_2309108_2308406,5672313,5671955_rev
collapsed_2325125_2325458_2324993,5690906,5690537_rev
collapsed_2324073_2323978_2323637,5689387_rev,5689386_rev
collapsed_2333376_2333401_2333227,5699161,5699127_rev
collapsed_2326325_2326109_2326476,5691891,5692070_rev
collapsed_2326337_2326446_39157695,5692032,5691906_rev
collapsed_2331218_2331247_15602083,5696927,5696892_rev
collapsed_2323809_2323750_2323827,5689100_rev,5689119
collapsed_2323993_2323858_57753013,5689296_rev,20220929
collapsed_2311461_2310948_2311596,5675024_rev,5675164
collapsed_2310941_2311478_2310840,5675041,5674428_rev
collapsed_2334890_2334852_2334923,5700744_rev,5700786
collapsed_2312552_2312324_2312768,5676261,5676521_rev
collapsed_2312411_2312638_2312329,5676366_rev,5676095
collapsed_2321942_2322205_12575734,5687246_rev,5686931
collapsed_2322073_2322393_2321947,5687465_rev,5687088_rev
collapsed_2322440_2322313_15057213,5687521,5687648_rev
collapsed_2312868_2312901_2312804,5676677_rev,5676634
collapsed_2320341_2319068_2321064,5685098_rev,5685926
collapsed_2329205_2329192_2329275,5694867_rev,5694944
collapsed_2309397_2309052_2309737,5672661,5673035
collapsed_2309691_2309724_13098510,5673020_rev,5672988
collapsed_2309758_2309125_15540767,5673060_rev,11653848_rev
collapsed_2325820_2325103_2326109,5691307,5691640_rev
collapsed_2333912_2333515_42600992,5699699_rev,15795666
collapsed_2320092_2320679_2319932,5685481_rev,5684828
collapsed_2324143_2324004_2324527,5689472_rev,5689848
collapsed_2323999_2324187_2323918,5689511_rev,5689452
collapsed_2311737_2311639_2311799,5675325,5675396_rev
collapsed_2326684_2326883_2326056,5692480,5692291
collapsed_2314881_2314907_2314878,5678976_rev,5678950
collapsed_2315088_2315106_2315083,5679203,5679183_rev
collapsed_2322617_2322492_2323073,5687714,5688251_rev
collapsed_2324453_2324216_66452619,5689774_rev,5690008
collapsed_2331826_2329360_2332274,5697228,5697125_rev,5697537,5697984
collapsed_2319439_2319405_2319470,5684064_rev,5684098
collapsed_2319469_2319074_12516460,5684095,10095790_rev
collapsed_2319074_12516460_12516456,5684095,10095790_rev,5683614_rev
collapsed_2328516_2329608_2328466,5695264,5694166_rev
collapsed_2329624_2329576_2329178,5695280_rev,5695279_rev
collapsed_2329518_2329779_2328806,5695415,5695177
collapsed_2329838_2329863_15538567,5695497,5695476_rev
collapsed_2329863_15538567_2329975,5695497,5695476_rev,5695605
collapsed_2332007_2332053_12575749,5697744_rev,5698479
collapsed_2332180_2332134_2332191,5697882_rev,5697896
collapsed_2309679_2309948_2309473,5673282_rev,5672978
collapsed_2310015_2309900_2310230,5673366,5673631_rev
collapsed_2309900_2310230_2309805,5673366,5673631_rev,5673223
collapsed_2309936_2310023_2309930,5673375,5673266
collapsed_2319637_2319691_2319552,5684350,5684283_rev
collapsed_2319691_2319552_2319761,5684350,5684283_rev,5684439
collapsed_2313305_2312592_2313254,5677149_rev,5677150_rev
collapsed_2320780_2320705_2320938,5685594_rev,5685771_rev
collapsed_2320820_2320938_2320993,5685772,5685838_rev
collapsed_2308173_2308263_2307540,5671310,5671193
collapsed_2308263_2307540_2308504,5671310,5671193,5671601
collapsed_2308393_2308161_2308529,5671481_rev,5671624
collapsed_2317517_2317336_54205121,5681831,19239830_rev
collapsed_2340669_2340598_2340738,5707247_rev,5707249,5707334
collapsed_2340898_2340311_2341069,5707504,5707681_rev
collapsed_2327123_2327318_2326867,5692947,5692747_rev
collapsed_2327318_2326867_2327497,5692947,5692747_rev,5693141
collapsed_2327629_2327394_2328699,5693283,5694343_rev
collapsed_2315135_2315156_2315130,5679266,5679241_rev
collapsed_2315261_2315249_2315294,5679378,5679418_rev
collapsed_2317782_2317803_2317330,5682158,5682132_rev
collapsed_2324729_2324757_2324723,5690121,5690088_rev
collapsed_2340877_2340993_2340431,5707601_rev,5707479
collapsed_2323146_2323069_2322907,5688340_rev,5688339
collapsed_2323158_2323088_2323600,5688353,5688864_rev
collapsed_2323088_2323600_2322832,5688353,5688864_rev,5688270
collapsed_2323175_2323031_2323750,5688374,5689038_rev
collapsed_2323087_2323037_2323389,5688269_rev,5688611
collapsed_2332277_2332065_2332329,5697986,5698033_rev
collapsed_2332166_2332354_2331797,5698061,5697728,5697868_rev
collapsed_2313468_2313499_2313360,5677377_rev,5677342
collapsed_2303013_2302809_2303115,5665171,5665300
collapsed_2285143_2285177_2285110,5645498,5645464_rev
collapsed_2288002_2287971_63005947,5648544_rev,14500274
collapsed_2307465_2306433_2307902,5670363,5670871_rev
collapsed_2288011_2288033_2287992,5648575,5648551_rev
collapsed_2288033_2287992_2288050,5648575,5648551_rev,5648590
collapsed_2298376_2298348_2298448,5659784_rev,11771225
collapsed_2298481_2298552_2299104,5659956,5660605
collapsed_2306302_2305979_2306868,5669031_rev,5669675
collapsed_2286604_2286575_2286630,5647050_rev,5647087
collapsed_2293270_2293124_2293462,5654150_rev,5654360
collapsed_2296814_2296853_2296756,5658067,5658025_rev
collapsed_2299520_2299750_2299433,5661372,5661092
collapsed_2299750_2299433_2299798,5661372,5661092,5661425
collapsed_2299502_2299768_2299626,5661385,5661222_rev
collapsed_2288524_2288473_2289121,5649110,5649732_rev
collapsed_2288282_2288573_16172746,5649166,11629991_rev
collapsed_2299732_2299836_2299566,5661471,5661352
collapsed_2299836_2299566_2299591,5661471,5661352,5661470
collapsed_2299815_2299893_2299792,5661544_rev,5661444
collapsed_2299940_2300006_2299865,5661674_rev,5661600
collapsed_2288647_2288574_2288654,5649239,5649247_rev
collapsed_2284099_2283605_2284457,5644297_rev,5644694
collapsed_2290815_2290781_2291006,5651556_rev,5651749
collapsed_2286481_2286693_2286458,5647153,5646913_rev
collapsed_2286693_2286458_15339213,5647153,5646913_rev,5647188
collapsed_2286705_2286534_2287402,5647166,5647895
collapsed_2295240_2295542_2296023,5656588_rev,5657133
collapsed_2301770_2301412_2302090,5663733,5664110_rev
collapsed_2293750_2293732_15634015,5654656_rev,11679674
collapsed_2293533_2293897_2293167,5654824,5654433_rev
collapsed_2301904_2301866_57401539,5663896,5663943
collapsed_2301866_57401539_2301852,5663896,5663943,5663854
collapsed_2278419_2278525_2279406,5638472,5639382_rev
collapsed_2278525_2279406_2279460,5638472,5639382_rev,5639442
collapsed_2300093_2300261_2300215,5661992_rev,6306543
collapsed_2306722_2306765_2306248,5669562,5669520_rev
collapsed_2284254_2283837_2284703,5644476_rev,5644965
collapsed_2283999_2284358_2283795,5644576,5644195_rev
collapsed_2306949_2306773_2307495,5669775_rev,5670395
collapsed_2289172_2289318_2289120,5649938,5649787_rev
collapsed_2287231_2287515_35927293,5648023_rev,14410854
collapsed_2294160_2294114_46233634,5655094,5656371_rev
collapsed_2301991_2302016_2302690,5664025,5664776_rev
collapsed_2302058_2302464_2302025,5664514,5664071_rev
collapsed_2302061_2302139_2301850,5664163,5664074_rev
collapsed_2302139_2301850_2302178,5664163,5664074_rev,5664198
collapsed_2302178_2301850_2302243,5664163,5664074_rev,5664198,5664268
collapsed_2302243_2301850_2302356,5664163,5664074_rev,5664198,5664268,5664389
collapsed_2297799_2297661_2298187,5659122_rev,5659534
collapsed_2285411_2285397_2285421,5645756_rev,5645768
collapsed_2282337_2282704_2282170,5642835,5642456_rev
collapsed_2289346_2289318_2289362,5649970_rev,5649983
collapsed_2304022_2303841_2304252,5666366_rev,5666647
collapsed_2285661_2285674_2285619,5646033,5646021_rev
collapsed_2285674_2285619_2285681,5646033,5646021_rev,5646038
collapsed_2300531_2300465_41188500,5662309,5662818_rev
collapsed_2300465_41188500_41188501,5662309,5662818_rev,15515766
collapsed_2307423_2307549_2307417,5670459,5670315_rev
collapsed_2289091_2289561_2288717,5650199_rev,5649698
collapsed_2296102_2296151_2296055,5657272,5657226_rev
collapsed_2292902_2292625_2293356,5653774,5654241_rev
collapsed_2292625_2293356_2292457,5653774,5654241_rev,5653525
collapsed_2298859_2298648_2299366,5660324_rev,5660916
collapsed_2307033_2307748_2307015,5670687_rev,5669881
collapsed_2307144_2307804_2306861,5670756,5670003_rev
collapsed_2287326_2287345_2287297,5647839,5647823_rev
collapsed_2302250_2302362_2302161,5664394,5664276
collapsed_2291647_2291620_2291674,5652439,5652465_rev
collapsed_2291802_2291769_2291841,5652605_rev,5652653
collapsed_2305634_2305513_2305816,5668276_rev,5668486
collapsed_2305651_2305628_2305454,5668296_rev,5668295
collapsed_2305453_2305675_2305108,5668324,5668049_rev
collapsed_2294670_2294702_2294641,5655680,5655644_rev
collapsed_2302297_2302530_56722480,5664588,5664559_rev
collapsed_2302541_2302090_2302642,5664604,5664720
collapsed_2302725_2302785_2302631,5664895,5664825
collapsed_2282756_2282816_2282902,5642968_rev,5643073_rev
collapsed_2285881_2285823_16372954,5646268_rev,5646750
collapsed_2285935_2285600_2286263,5646321,5646688_rev
collapsed_2285600_2286263_60117914,5646321,5646688_rev,5645954
collapsed_2294102_2294895_46166085,5655907_rev,16752155
collapsed_2301000_2300953_2301046,5662848_rev,5662903
collapsed_2282599_2282967_2282250,5643132,5642714_rev
collapsed_2289736_2290022_2289140,5650705_rev,5650398
collapsed_2293135_2293019_2292621,5654012,5654011_rev
collapsed_2307257_2306397_2307219,5670138_rev,5670139_rev
collapsed_2307297_2307404_2307165,5670293,5670184_rev
collapsed_2307413_2307387_2306112,5670303,5670302_rev
collapsed_2307370_2307427_2307282,5670320,5670255_rev
collapsed_2307427_2307282_2307466,5670320,5670255_rev,5670365
collapsed_2338115_2337701_15568149,5704367_rev,11659732_rev
collapsed_2358564_2358509_16344968,5725917_rev,5725916
collapsed_2351048_2351000_53487916,5718538,5719863_rev
collapsed_2358703_2359003_2539354,5726377,6256054
collapsed_2307915_2307833_2308767,5670884_rev,5671896_rev
collapsed_2307996_2308032_2307988,5671028,5670986_rev
collapsed_2308032_2307988_2308087,5671028,5670986_rev,5671099
collapsed_2349292_2349205_57580472,5716577_rev,5716620,5716668
collapsed_2361184_47392845_47392843,5728702_rev,5728649_rev,5728594,17198972_rev,5728701,17198973_rev
collapsed_2346375_2345966_2347042,5713464,5714203
collapsed_2337439_2337425_2337498,5703599_rev,5703672
collapsed_2337498_2337425_2337549,5703599_rev,5703672,5703733
collapsed_2344422_2344587_2343865,5711536,5711346_rev
collapsed_2339309_2339373_18844053,5705793_rev,13271765
collapsed_2352329_2352370_2352446,5719801,5719886
collapsed_11365366_2305927_2305993,9926082_rev,9926083
collapsed_45130885_45162558_45130884,6291355,6291354_rev
collapsed_35499241_2341383_35499244,5708104_rev,5708158
collapsed_2310888_2310903_16308608,5674389_rev,11795784
collapsed_35395846_35395848_35395845,14323544,14323542_rev
collapsed_2281382_2281752_2280971,5641850,5641453_rev
collapsed_2281752_2280971_2281912,5641850,5641453_rev,5642008_rev
collapsed_2281912_2280971_2281983,5641850,5641453_rev,5642008_rev,5642089_rev
collapsed_2282631_2282971_2281983,5643138,5642747_rev
collapsed_2283019_2282971_46233523,5643184_rev,16758648_rev
collapsed_2326896_2326926_2326856,5692524,5692496_rev
collapsed_62828947_70910586_62828946,23472374_rev,5680638
collapsed_12325281_2307141_2306330,10024850_rev,10024851
collapsed_12305898_2307785_2307864,10021374_rev,5670776,10021373_rev
collapsed_12312200_2284182_2284736,10021378_rev,10021379
collapsed_12245838_2299489_2299046,9984299,9984297_rev
collapsed_12245855_2321490_2321075,9984318,9984314_rev
collapsed_12399222_2297630_2298317,10063905_rev,10063906
collapsed_12398859_2281847_45749878,5641963,5641978_rev
collapsed_2281847_45749878_2281757,5641963,5641978_rev,5641953
collapsed_2286567_12416688_2286744,10068745,5647202_rev
collapsed_12416688_2286744_2286263,10068745,5647202_rev,10068746
collapsed_2286263_2286744_60117914,10068745,5647202_rev,10068746,5646321,5646688_rev,5645954
collapsed_2281251_12416649_2281269,10068749_rev,5641345
collapsed_2293693_12411885_2293158,10067763_rev,5654595
collapsed_12408811_2333587_2331919,5699347,5699197_rev
collapsed_12408798_7327010_45130670,6271708,14310509_rev
collapsed_2300461_12408759_45130280,5662230,5662430_rev
collapsed_12408759_45130280_57922268,5662230,5662430_rev,5661892
collapsed_12416814_2329406_2328210,10069070_rev,10069071
collapsed_2300329_2300215_2300412,6306544_rev,5662171
collapsed_12408816_2338382_69162939,5704679_rev,5704421
collapsed_2298938_12408755_2299006,5660413,5660488
collapsed_12408755_2299006_62808441,5660413,5660488,5660351
collapsed_12408775_2307893_2307394,5670862_rev,5670816_rev
collapsed_2320963_12408801_2320713,5685884,5685803
collapsed_12408801_2320713_45130703,5685884,5685803,5686023
collapsed_12380229_2321658_16141435,10055598,11749190_rev
collapsed_12380236_12380237_2326956,6291513,6289664_rev
collapsed_12380237_2326956_2326992,6291513,6289664_rev,6289666
collapsed_2329075_2329204_15538565,5694865,11653205_rev
collapsed_12498118_12498111_15596771,10087711_rev,10087712_rev
collapsed_12498123_12498121_12498125,10087719_rev,10087724
collapsed_12513451_2292455_57654789,5653390_rev,10095072_rev
collapsed_12513401_2282888_12513405,5643139,10095067
collapsed_2325593_2325462_2325544,5691055_rev,5691056
collapsed_2335563_12516546_2336528,10095622_rev,5702294,5702015_rev,5702563
collapsed_12500443_12500442_70480037,10089138,23429324_rev
collapsed_12500426_2312733_12500422,5676528_rev,10089114
collapsed_2325505_12498086_2325521,5690954,5690977_rev
collapsed_2325905_12498089_2325928,5691391_rev,5691419
collapsed_12516456_12516460_12516460,5684095,10095790_rev,5683614_rev,10095792
collapsed_2319132_12497989_2319683,10087511_rev,5684342
collapsed_12493825_12493823_12493826,10086817,10086818_rev
collapsed_12446697_2283540_2283987,10077777_rev,10077778
collapsed_12447185_2302956_2303148,10077839,10077840
collapsed_12493829_12493827_12493832,10086821_rev,10086825
collapsed_2276021_2276026_63639200,5635913,14943300
collapsed_2276519_12039696_2275951,9967144_rev,5636405_rev
collapsed_2311897_12493885_16235411,10086931_rev,11769154
collapsed_12589477_2307701_41188757,10134047,15515482_rev
collapsed_2304234_12518050_2304116,10096924_rev,5666626
collapsed_2287174_12516231_46233577,10096072_rev,16758772
collapsed_12516230_12516228_54204987,10096077,19239713
collapsed_12516228_54204987_12516231,10096077,19239713,10096071
collapsed_12575752_2334246_2334116,5700059_rev,5700011,5699938
collapsed_12575748_2331895_2330754,5697594,5697382_rev
collapsed_12585196_2286259_45162270,5646738_rev,10131308
collapsed_12567311_2276510_2277258,5637116_rev,5637156
collapsed_12526919_2306765_2307715,5670206_rev,10100604
collapsed_12526986_2335228_12526985,5701116_rev,10100561_rev
collapsed_2316800_12526958_2316774,6289563,5681055
collapsed_12526987_2334670_12526985,5700522_rev,10100562_rev
collapsed_12600400_2335509_2335434,10139599,10139598_rev
collapsed_2318530_12567326_56676604,5683019_rev,14331654
collapsed_12567317_2288811_52905362,6289368,6305513_rev
collapsed_12607552_12516566_2337108,10144015,5704792
collapsed_2292789_12535302_2292708,10107791_rev,5653643
collapsed_12520757_12520754_2275046,10098121_rev,5634902
collapsed_2316441_12516416_2316626,5680677_rev,5680874
collapsed_12516519_2330940_42600978,6305073,15795794
collapsed_2305352_2304206_2305859,5667929_rev,5668529
collapsed_12516508_2329239_12516509,5695055_rev,10095485
collapsed_12516510_2329576_12516509,5695229,10095486_rev
collapsed_12516481_2326262_66402672,5691817,10095683
collapsed_12516440_2318280_59862364,5682695,21067532_rev
collapsed_2283674_12517975_46233554,10096839,16758642
collapsed_12516499_2328182_12516506,5693839_rev,10095650
collapsed_12525169_2305763_12525173,10098930_rev,10098933
collapsed_2280274_2280349_57436374,5640385,5640298_rev
collapsed_12518036_2300214_15634886,5662017,10096780
collapsed_2300214_15634886_2300556,5662017,10096780,5662344
collapsed_12698828_2335046_12698827,5700916,10212738_rev
collapsed_2334846_12698827_2335310,10212737,5701188
collapsed_12698827_2335310_2335046,10212737,5701188,5700916,10212738_rev
collapsed_12855240_2315423_2315341,5679553,5679506_rev
collapsed_12854741_2296861_2297613,5658437_rev,5658912
collapsed_12854752_2297477_2297606,5658793,5658904_rev
collapsed_14900018_2304301_2303975,5666699_rev,5666676
collapsed_2305250_13098500_2305437,5667798_rev,5668028
collapsed_62505578_57513538_62505575,21647091,21647090_rev
collapsed_14900027_12597149_12597150,11526429,11526428_rev
collapsed_12854962_2305559_2305686,5668266_rev,5668336
collapsed_12854994_2306191_13100275,5668924,5668949_rev
collapsed_12855032_2307442_2307449,5670336,5670343_rev
collapsed_2307449_2307442_2307444,5670336,5670343_rev,5670408_rev
collapsed_12855076_2309100_2309123,5672312,5672334
collapsed_12855083_2309426_2309311,5672692,5672644_rev
collapsed_12855122_2310956_2311040,5674456_rev,5674545
collapsed_12855135_2311652_2311609,5675226,5675196_rev
collapsed_2312018_12855146_2312009,5675681,5675653_rev
collapsed_12855146_2312009_2312055,5675681,5675653_rev,5675691
collapsed_12856284_2357380_2357153,5724736,5724571_rev
collapsed_12855337_12855339_2317053,5681358,5681350_rev
collapsed_12855339_2317053_12855340,5681358,5681350_rev,5681376
collapsed_12855296_12855295_12855297,5680770,5680820_rev
collapsed_12855295_12855297_39357776,5680770,5680820_rev,5680730
collapsed_12855297_39357776_12855304,5680770,5680820_rev,5680730,5680882_rev
collapsed_12855304_39357776_69162929,5680770,5680820_rev,5680730,5680882_rev,5680928_rev
collapsed_12855530_2318695_2318958,5683329,5683485_rev
collapsed_12855562_12855560_2319530,5684181,5684189_rev
collapsed_12855560_2319530_2319541,5684181,5684189_rev,5684172
collapsed_2318958_2318695_2319385,5683329,5683485_rev,5683989
collapsed_12855614_2321282_12855613,5686166,5686134_rev
collapsed_2307516_13098504_2307540,5670417,5670450
collapsed_12868448_2321510_12868447,10248389_rev,10248390
collapsed_12868449_2321786_12868450,10248391_rev,10248392
collapsed_12868450_2321786_2321901,10248391_rev,10248392,5686884
collapsed_12868433_2315609_46636839,5679753_rev,16954724
collapsed_2327820_2327569_2328868,5693380_rev,5694528
collapsed_12868457_2327261_2327099,5692896,5692786_rev
collapsed_12868455_2326426_42873662,10248405,14337116_rev
collapsed_2327115_2326522_72664490,10248406_rev,14337118_rev
collapsed_12868453_2325602_2325225,10248409,10248412_rev
collapsed_12868451_2324737_2324189,10248411_rev,10248408
collapsed_12868445_2317223_2317185,10248415,10248428_rev
collapsed_2317223_2317185_2317269,10248415,10248428_rev,5681569
collapsed_12868430_12868431_2313478,10248417,10248420_rev
collapsed_12868431_2313478_2313741,10248417,10248420_rev,10248419
collapsed_2313478_2313741_12868429,10248417,10248420_rev,10248419,10248421_rev
collapsed_12868429_2313741_2313024,10248417,10248420_rev,10248419,10248421_rev,10248418_rev
collapsed_13017945_2327554_63458021,6289671,10095648_rev
collapsed_2313073_2313032_2313130,5676870,5676934_rev
collapsed_12868443_2316879_12868442,10248423,10248424_rev
collapsed_12914344_12914345_13100275,10063704_rev,10063705_rev
collapsed_12868442_2316806_2316879,5681081_rev,10248423,10248424_rev
collapsed_12868439_2316554_2316806,10248425,10248422_rev
collapsed_12855741_12516496_2328059,10095480_rev,6305198
collapsed_12854675_2294026_2293716,5654954_rev,5654822
collapsed_12855252_12855248_2315675,5679695,5679824_rev
collapsed_12855248_2315675_2315409,5679695,5679824_rev,5679619
collapsed_13100290_2335812_2335919,10372292_rev,10372293
collapsed_13026783_2322444_2322216,10359500,10359499_rev
collapsed_13021196_2332391_15602089,5698103,10144020
collapsed_13109411_13109412_57738378,10372943,10372942
collapsed_2298675_13109412_2298693,10372944_rev,5660122
collapsed_12878590_2322668_53133739,5687853_rev,5687852
collapsed_13095279_2291081_13095278,5651824,6255633_rev
collapsed_2275730_13098441_2276059,5635611,5635946_rev
collapsed_13095280_2291712_2291497,6289405,6291489_rev,6289403_rev
collapsed_2295784_12917847_12917848,10275671_rev,10275672
collapsed_13664495_2283125_2283565,10077776,10077775_rev
collapsed_13664498_12411884_13664500,10067769,10402066
collapsed_13177792_2288996_46255995,5649606_rev,16761082
collapsed_13659079_2316802_2316857,10400159,10400158_rev
collapsed_2319667_13664541_2319321,10402077,5684324
collapsed_13664499_2291758_2292467,10237402_rev,10402493
collapsed_13165786_2306611_2306819,6289499,6289502_rev,6291498
collapsed_13165795_2330884_45162487,6289689_rev,10095655
collapsed_13165797_2336415_2336627,5702500,6289752_rev,6289751_rev
collapsed_13165796_2335008_2334800,6307053_rev,6307054
collapsed_2334800_2335008_2334748,6307053_rev,6307054,5700648
collapsed_2280021_13177758_2280073,5640047_rev,5640100
collapsed_2287783_2287808_2287768,5648334_rev,5648307
collapsed_2357257_13104927_2357252,5724649_rev,5724598
collapsed_13104937_13104938_2359739,6291531,6289881_rev
collapsed_13104938_2359739_70690376,6291531,6289881_rev,6289882
collapsed_13104906_2348486_45162599,6289829,13254417_rev
collapsed_12583172_12583170_13685883,10130557_rev,10408875
collapsed_13104890_2343760_45162559,6289801,6289800_rev
collapsed_13139060_7717329_7717333,6301943_rev,6301941
collapsed_13104889_2343689_45162558,6289799,6289798_rev
collapsed_2344629_2344304_66543897,6271004,5711916
collapsed_2346117_2345917_2345988,6271007,6271009
collapsed_2341954_13163079_54205261,5708653_rev,5708651
collapsed_14947540_2307336_41188753,11535484_rev,15515520
collapsed_2305472_13713403_2305274,10418967,5668068_rev
collapsed_13713403_2305274_2305763,10418967,5668068_rev,10418968
collapsed_2315559_12497887_2315613,10087431_rev,5679747
collapsed_13685910_2320508_2320994,10408872,10408871_rev
collapsed_14947543_2307867_2306390,11535488_rev,11535489
collapsed_2334163_14948613_2536070,5700040_rev,5699981
collapsed_13685995_2336944_13685994,5703072,10274940_rev
collapsed_13686011_2346769_2345754,10372716,10372715_rev
collapsed_14912485_2344510_2344875,5711584,5711841_rev
collapsed_2319066_14947587_14947588,5683661_rev,5684054
collapsed_13712862_13712861_13712864,5698963_rev,5699819
collapsed_14945209_2301850_53227974,5663831,18905112
collapsed_13674344_2303810_2303777,10408303_rev,10408304
collapsed_13697065_2308875_2308815,10414004,5672021_rev
collapsed_15049904_15049906_15049905,11559557_rev,11559556
collapsed_15049908_2343915_2343456,11559553_rev,11559554
collapsed_15138445_2336959_2337130,11580898_rev,11580900
collapsed_2336874_15138444_66402683,11580899,5702938_rev
collapsed_15138444_66402683_2336281,11580899,5702938_rev,11580897
collapsed_15138446_2337987_2337130,5704224_rev,5704097
collapsed_15139620_15139618_15139622,11581395_rev,11581402
collapsed_15143817_2307715_2307727,11583847_rev,11583848
collapsed_15138431_2327694_15138432,11580865_rev,11580867
collapsed_7700012_2317944_45130578,6289583,6289582_rev
collapsed_2307727_2307715_2308617,11583847_rev,11583848,5671715_rev
collapsed_15057213_2322142_2322313,5687647,5687521,5687648_rev
collapsed_2324522_2324565_2324507,5689868,5689843_rev
collapsed_7699760_13712775_45130032,10418392,11679746_rev
collapsed_13165794_2330625_45162487,6289688_rev,10095656_rev
collapsed_15211697_2305442_2305255,11618616_rev,11618617
collapsed_2305255_2305442_15538502,11618616_rev,11618617,11653018
collapsed_15211703_2309124_2308797,5672336_rev,5672160
collapsed_15211737_2331555_2331214,5697340_rev,5697339,11618855_rev
collapsed_15215032_2325569_15215031,5691027,5690923_rev
collapsed_2329824_13098566_2329759,5695489,5695465_rev
collapsed_15211706_15211708_2312548,11618852_rev,11618853
collapsed_2315774_2316108_2315166,5680312,5679949_rev
collapsed_2326603_2326536_2326557,5692205,5692206_rev
collapsed_2286952_2287089_37497196,6270111,6270109_rev
collapsed_2301472_2301488_12518045,5663389_rev,10096781
collapsed_2286659_15339212_2286786,5647123,5647251_rev
collapsed_2331533_15339339_2331194,5697275,5697222_rev
collapsed_15339410_2333480_15339394,5699242_rev,5699158
collapsed_2321215_2321117_2321283,5686091,5686167_rev
collapsed_2307226_2308047_2306850,5671046_rev,5670103
collapsed_15339246_15339244_15339247,5654331,5654489_rev
collapsed_2352736_53487919_53487925,5720332,5720206_rev,5720331_rev,5720177_rev
collapsed_15339367_15339370_45130804,6289715,11627117_rev
collapsed_15339729_15339701_2347146,5713583_rev,11627615
collapsed_2345961_15339699_2345825,11627127,5713004_rev
collapsed_2317758_2317750_2317798,5682103_rev,5682153
collapsed_2318794_2318706_57513636,5683297,5683408_rev
collapsed_15339443_15339448_15339441,11627558_rev,11627559
collapsed_15339493_15339496_43913266,11627561_rev,11627550
collapsed_15339578_15339576_15339582,11627565,11627564_rev
collapsed_46233561_46233563_2284550,16758748_rev,16758742_rev
collapsed_15339815_2349211_45162610,11627141_rev,5717211
collapsed_15339832_15339831_15339833,11627648_rev,11627649
collapsed_15348882_2310662_14908608,11530306_rev,11530307
collapsed_2318677_2318732_70480095,5683212_rev,5682967_rev
collapsed_2319282_2318866_2319019,5683862_rev,5683863
collapsed_2301609_2301216_2303199,5663527_rev,5665402
collapsed_15339434_15339436_15339432,5699836,5699791_rev
collapsed_15339428_15339427_15339432,5699678_rev,5699752
collapsed_2333350_15339422_2333024,5699449,5699098_rev
collapsed_2330714_15339323_15538570,11627104_rev,11653212
collapsed_2348414_2348343_2348435,5715696_rev,5715719
collapsed_15339501_2336748_15339499,5702792,5702719_rev,5702661_rev
collapsed_2323777_2323706_2323811,5689063_rev,5689102
collapsed_2323845_2323811_2323893,5689139_rev,5689191
collapsed_2324021_2323840_2324081,5689329,5689399_rev
collapsed_2333757_15339446_2333947,5700159_rev,5699743,5699676_rev
collapsed_2309175_2308984_2309473,5672405,5672744_rev
collapsed_2309511_2309473_2309536,5672786_rev,5672817
collapsed_2309536_2309473_2309780,5672786_rev,5672817,5673088_rev
collapsed_12917836_2294884_12917837,10275666_rev,10275667
collapsed_12917843_12917839_12917846,10275681_rev,10275683
collapsed_12917842_2295832_2295417,10275675,10275674_rev
collapsed_13154923_13018494_57773617,10388036,10388035_rev
collapsed_2311068_2311041_2311091,5674574,5674607_rev
collapsed_2310979_2311129_2310632,5674646_rev,5674472
collapsed_2312432_2312211_2312539,5676121_rev,5676246
collapsed_2303376_2303322_2303416,5665611,5665667_rev
collapsed_12855048_2307889_2307903,5670869_rev,5670873
collapsed_12855108_2310645_2310669,5674116,5674130_rev
collapsed_12577943_12577950_45130587,10128191,10128190_rev
collapsed_2330072_2329890_2330104,5695714_rev,5695752_rev
collapsed_2326400_2326243_2326438,5691973_rev,5692021
collapsed_2324428_2324514_2324585,5689836_rev,5689912
collapsed_15417969_15417970_15417968,11632417_rev,11632502
collapsed_2303676_15417973_2303724,11632419_rev,5666021
collapsed_2303567_2303528_2303596,5665841_rev,5665880_rev
collapsed_2308867_15417981_2308682,5672697_rev,5672041
collapsed_15417990_2309716_15417988,5673014,11632453_rev
collapsed_2325100_2325316_56720223,5690736,10087371_rev
collapsed_12914347_15425033_54168764,11633681_rev,19232817
collapsed_15215022_15215021_46335593,5674482,5674549_rev
collapsed_15215021_46335593_15425085,5674482,5674549_rev,5674454
collapsed_15425085_46335593_15425084,5674482,5674549_rev,5674454,11633688_rev
collapsed_2332444_2332412_2332497,5698155_rev,5698207
collapsed_2329454_2329494_2329436,5695154,5695123_rev
collapsed_2329494_2329436_2329519,5695154,5695123_rev,5695179
collapsed_2330465_2330309_2330237,5696139_rev,5696138
collapsed_15417943_15417946_70200612,11632400_rev,11632401
collapsed_15417939_15417935_15417941,5663692_rev,5663713
collapsed_18767832_36731184_18767837,14653271_rev,13254151_rev
collapsed_2316365_2316391_2316084,5680614,5680581_rev
collapsed_2506985_2307243_2307238,6242298,6242299,5670162_rev,6242302
collapsed_2315799_2316084_2315516,5680281,5679971_rev
collapsed_2316084_2315516_2316391,5680281,5679971_rev,5680614,5680581_rev
collapsed_2315213_2314912_2315516,5679330_rev,5679648
collapsed_2315516_2314912_2316391,5679330_rev,5679648,5680281,5679971_rev,5680614,5680581_rev
collapsed_2316271_2316366_2316129,5680583,5680481_rev
collapsed_2318080_2318115_2318030,5682509,5682465
collapsed_2318115_2318030_2318149,5682509,5682465,5682550
collapsed_2316470_2316391_2316693,5680715,5680944
collapsed_2316844_2317054_2316556,5681333_rev,5681093
collapsed_2316877_2317059_2316799,5681339_rev,5681130
collapsed_2317814_2318149_2317504,5682549_rev,5682171
collapsed_2318035_2317911_57401604,5682420,14298001_rev
collapsed_15540802_18767094_44927623,13254083_rev,13254081
collapsed_15540770_12500421_2311440,11653933_rev,5675649_rev
collapsed_15540766_15540765_2309125,11653935,5672337
collapsed_15540850_15540851_2334880,11653986_rev,5700988
collapsed_15540853_15540852_2335252,11653988_rev,5701143
collapsed_2333928_15540831_2334960,11653903,5700828_rev
collapsed_15540837_2334289_15540838,5700103,11654004_rev
collapsed_15540817_15540815_66011826,5698382,5698381_rev
collapsed_15540815_66011826_66011825,5698382,5698381_rev,5698073_rev
collapsed_15545184_15545186_15545182,11654748,11654750_rev
collapsed_2305344_15545201_2305648,11654753,5668292_rev
collapsed_2310295_15489736_2309836,5673702_rev,5673701_rev
collapsed_15493182_2358579_2360150,11633979,11633978_rev
collapsed_15211714_15211711_15211716,11618850_rev,11618629
collapsed_2303192_15545185_2303142,11654703_rev,5665394
collapsed_15602012_2306320_15602011,5669209_rev,11666187_rev
collapsed_15602013_2306527_15602011,5669301,11666189_rev
collapsed_15602074_2330521_15602073,5696202,11666268
collapsed_12500427_15540773_2313215,11653844_rev,5677036_rev
collapsed_2311440_12500421_41188954,11653933_rev,5675649_rev,15514762_rev
collapsed_15545181_15545185_15545182,11654713_rev,11654715
collapsed_15548298_13018417_15548299,11655586_rev,11655597
collapsed_15548301_15548300_15548304,11655621,11655622_rev
collapsed_39156738_39156740_39156735,6289522_rev,6289521
collapsed_39158522_2283183_39158521,5643483,15068141_rev
collapsed_15547819_2304545_2304727,11655394,11655393_rev
collapsed_2304545_2304727_2304428,11655394,11655393_rev,5666991
collapsed_2304670_2304185_2304789,11652920_rev,5667273
collapsed_15545247_13098520_15545246,5675683_rev,11654799
collapsed_15575878_15575879_2333297,11661350_rev,5699410_rev
collapsed_15596818_12498162_15596817,10087810,10087392_rev
collapsed_15596787_2342187_45130880,6289789_rev,6289790
collapsed_15596786_2342368_45130877,11664328_rev,11664329
collapsed_15596789_2342214_45130881,11664330_rev,11664331
collapsed_15596794_2342312_45130884,11664332_rev,11664333
collapsed_15599368_2329565_2327560,11665211_rev,20177061
collapsed_15599370_2329532_2329406,5695197,5695094_rev
collapsed_2324278_2324749_2324106,5690109_rev,5689609
collapsed_15599366_2324089_2324949,11665218,5690336_rev
collapsed_15599362_2273403_2273245,5633227,5633091_rev
collapsed_2274991_2275024_2274988,5634879,5634840_rev
collapsed_2308768_2308815_2308738,5671966,5671899_rev
collapsed_15097292_15097293_15097291,11571758_rev,11571755
collapsed_2328043_2328934_2327917,11580868_rev,5693762
collapsed_15556852_12516321_16347655,11657668,11801954_rev
collapsed_15575863_65352892_66011865,5698286_rev,5698406
collapsed_15596849_15596848_15596846,11664277,11664381_rev
collapsed_15596843_2361916_2361812,5729287_rev,5729236
collapsed_2304424_2304195_38351245,5666842,5666975_rev
collapsed_12920875_15606406_56722519,11667182,10277583_rev
collapsed_15602947_2329726_2329232,11666620_rev,11666621
collapsed_2329232_2329726_16586653,11666620_rev,11666621,5694894
collapsed_12527003_15602954_53487864,11666625_rev,18950479
collapsed_39158521_2283183_39158520,5643483,15068141_rev,15068142_rev
collapsed_15568150_15568149_2338193,11659735_rev,11659733_rev
collapsed_2339343_2339460_2338990,5705897_rev,5705753
collapsed_15606330_15606331_2290622,11667413_rev,11667265_rev
collapsed_2283384_15606311_2282979,11667283,5643568_rev
collapsed_2315126_2314812_65415275,5679228_rev,5680027
collapsed_15602133_15602135_38505419,11666253,11666252_rev
collapsed_15602135_38505419_15602130,11666253,11666252_rev,11666254
collapsed_15602137_2339047_15602134,5705443,11666269_rev
collapsed_2339047_15602134_2338749,5705443,11666269_rev,5705442_rev
collapsed_2332164_15602083_2332020,5697865,5697866_rev
collapsed_2315784_15602028_2315822,5679954,5680002_rev
collapsed_2319295_15602037_2319280,5683883,5683878_rev
collapsed_15602089_2332391_45162493,5698103,10144020,10144018
collapsed_15602055_15602054_15602057,11666218,11666217_rev
collapsed_15602052_15602054_18725673,11666220_rev,20245984
collapsed_2294497_2294463_2294558,5655458,5655524
collapsed_15602103_2334510_54183497,6289732_rev,11666157
collapsed_2302645_2302735_2302551,5664840,5664723_rev
collapsed_15603602_2301436_54183404,11666914_rev,19236096
collapsed_12516410_2315793_45162424,10095770,10095774
collapsed_15596822_15596823_2352380,11664439,5719813
collapsed_15606472_15606475_15606471,11667167_rev,11667298_rev
collapsed_7699992_2315308_13163068,6289553_rev,6291506
collapsed_15614911_2291210_15614913,5652017,11669298_rev
collapsed_15614915_15614917_15614894,11669300,11669302
collapsed_2293720_15634014_2293758,11679666,5654665_rev
collapsed_2290989_15634004_2290720,11679680,5651731_rev
collapsed_2289625_15633998_2289589,11679683,5650279_rev
collapsed_2288760_15633993_2288731,11679687,5649356_rev
collapsed_2287591_15633992_18145870,11679690,12958580_rev
collapsed_15634078_15634082_15634077,11679630_rev,11679632
collapsed_2295793_15634041_15634044,11679662_rev,11679664
collapsed_2336163_2335925_2336590,5702121_rev,5702143_rev,5702632,5702535
collapsed_2319822_15734961_2319819,5684515,5684535_rev
collapsed_2319471_15734960_2319154,5684338,5684099
collapsed_15742876_2302747_57738381,5665053,20214609
collapsed_15602116_15602117_66241710,11666241,11666242_rev
collapsed_2287167_2286591_2287340,5647655_rev,5647834
collapsed_2311401_15606468_2311647,5674956,5675220_rev
collapsed_15606468_2311647_2311129,5674956,5675220_rev,5674897
collapsed_15606473_2312768_2312847,5676588,5676603_rev
collapsed_15606461_2311020_2310250,5674515,5674410_rev,5674006
collapsed_15732651_2304792_35060736,5670049_rev,5670050
collapsed_2316201_2316040_2316406,5680406_rev,5680635
collapsed_12408773_15545208_46985646,11654760_rev,5669453
collapsed_2293913_15735924_2293180,5655555_rev,5654843_rev
collapsed_15735923_2294461_16372979,5655420,11806969_rev
collapsed_15735925_15735930_15735924,10096732,5655737_rev
collapsed_15745493_15745495_15745492,11736384,11736383_rev
collapsed_15735932_15735930_52905372,10096733_rev,10085039
collapsed_15745533_15745538_45162367,11736336,11736333_rev
collapsed_15614874_2286486_39156594,5646922_rev,10131312_rev
collapsed_15545241_15545240_15545238,11654796,11654794_rev
collapsed_15614856_15614857_45130124,6289348,6290967_rev
collapsed_15614853_15614857_39156576,5644715,5644307
collapsed_2308076_15745557_2308077,5671085,5671087_rev
collapsed_15745557_2308077_39158589,5671085,5671087_rev,10100589_rev
collapsed_15634882_2298313_62808441,5659679_rev,11680115_rev
collapsed_15634884_15634886_7699924,10096778_rev,6290977
collapsed_7699924_15634886_56384624,10096778_rev,6290977,6289467
collapsed_15606385_15606386_41188573,11667400_rev,15514913_rev
collapsed_15606335_15606342_2293730,11667420_rev,11667275_rev
collapsed_2289928_15634000_2289897,5650649_rev,5650604
collapsed_2291687_15634007_2291742,5652478_rev,5652537
collapsed_15634084_15634080_2297932,11679821,5659259_rev
collapsed_15633983_2284436_52905357,6289347,6306901_rev
collapsed_7699910_15634080_57436400,11679822_rev,11679823
collapsed_2299754_15634108_2299824,10095976,5661456
collapsed_2338467_2338990_15489041,5705381_rev,5704776
collapsed_2325972_15732718_45130738,5691956,5691472
collapsed_2305147_2305288_38351245,5667846,5667690_rev
collapsed_16506256_16506257_15540865,11867455_rev,11867454
collapsed_15742835_2299641_39156674,5661247,5661267_rev
collapsed_2299641_39156674_2299596,5661247,5661267_rev,5661243
collapsed_15747883_15747882_45793832,11737540_rev,10128109
collapsed_15747884_15747885_51580970,11737553,10128111_rev
collapsed_15747894_2319734_54674906,5684408_rev,10087661
collapsed_12408760_15634113_54183403,11679550_rev,5662916
collapsed_15634042_2295435_2295802,5656705_rev,5656881
collapsed_2295802_15634051_2295435,11679563,5656705_rev,5656881
collapsed_15634053_15634055_15634050,5657181,5657120_rev
collapsed_36731189_36731190_54474742,11667431_rev,11667430
collapsed_16141435_2321658_16141433,10055598,11749190_rev,11749189_rev
collapsed_2323661_16141456_2323620,5688939,5688938_rev
collapsed_16141567_2536070_69177240,11749347_rev,11749349_rev
collapsed_16141455_2323468_55977299,5688714,5688428_rev
collapsed_16141388_2319327_51580985,11749295_rev,5684013_rev
collapsed_16144565_2337107_16144563,5703552,5703551_rev
collapsed_16144566_16144564_18845663,5703645_rev,5704057_rev
collapsed_16141450_16141454_16141449,5688240_rev,11749085
collapsed_2322280_16141439_2322133,5687433,5687337_rev
collapsed_15339614_15339597_15339615,11627088_rev,11627540
collapsed_2329207_2329365_2330009,5695040_rev,5695643_rev
collapsed_16161883_2326542_2326498,11754086,11754085_rev
collapsed_16141404_16141407_54063199,11749270,11749269_rev
collapsed_16141407_54063199_63473308,11749270,11749269_rev,11749280
collapsed_16141418_16141415_54063201,10087805_rev,10087803
collapsed_16141422_2320771_57401621,5685890_rev,11749377_rev
collapsed_16135881_15339566_16135882,11748298,11748301
collapsed_16135882_2341361_15339566,11748300,11748298,11748301
collapsed_35412667_35412668_70200599,14326573,5662533
collapsed_35412668_70200599_35412670,14326573,5662533,14326571
collapsed_15556851_2292548_2293805,11657666,11657665_rev
collapsed_2324035_2324001_2324186,5689343_rev,5689510
collapsed_19056226_2324923_2324968,13276266_rev,13276267
collapsed_2285398_2285486_48231565,5645840_rev,17259506
collapsed_16538196_16538195_16538199,11870603,11870605_rev
collapsed_2339136_16202105_19082900,11762632,13281856
collapsed_16202105_19082900_2339308,11762632,13281856,11762633
collapsed_2339308_19082900_2339498,11762632,13281856,11762633,5705941
collapsed_16449552_2336628_2337160,11835561_rev,11835587
collapsed_16449548_15339446_15339452,10212734_rev,10212735
collapsed_16449555_15339503_15339512,5703499_rev,5703641
collapsed_16308608_2310812_2310903,11795785,5674389_rev,11795784
collapsed_16308611_2311012_57401569,5674523,20175160_rev
collapsed_16279329_16279327_46166076,5654373,16752142_rev
collapsed_16205759_14900008_16205757,11763141,11763239_rev
collapsed_15139564_15139563_15139560,11581466,11581465
collapsed_16288141_14947587_35118092,5683480,5682890
collapsed_16288151_16288149_16235448,11789199_rev,11769075
collapsed_16235421_16235416_16235430,11769087_rev,11769085
collapsed_41188441_12600390_57498477,15515841_rev,15515842
collapsed_16205761_2303476_39123899,11763223,15067211_rev
collapsed_16347640_15745490_16347641,11835569,11802000_rev
collapsed_16449525_2328368_2328451,6256023_rev,6256027
collapsed_16449526_2328493_2328451,6256022_rev,6256026
collapsed_2328689_16449527_2328774,6256025,5694427_rev
collapsed_16449527_2328774_2328451,6256025,5694427_rev,6256029
collapsed_16449540_2329726_2329618,11835556,5695358_rev
collapsed_16449542_16449543_2332026,11835557,5697789_rev
collapsed_16449543_2332026_2332151,11835557,5697789_rev,11835558
collapsed_2325971_2325950_2326002,5691471,5691504_rev
collapsed_15614836_16240684_57922222,11771210,10095062_rev
collapsed_35499233_35499232_35499234,11627027,11627195_rev
collapsed_35499238_15339576_35499236,11627024,11627035_rev
collapsed_16246972_15540812_65352893,5697790_rev,10359465
collapsed_16310260_2316677_56722667,11795922_rev,11795923
collapsed_2305741_16240804_2305603,11771030,5668399
collapsed_16240804_2305603_42620677,11771030,5668399,15797163
collapsed_2289681_2290107_2289555,5650795,5650298_rev
collapsed_16235420_16235423_16288100,11769082_rev,11769079
collapsed_2310631_16235374_2310797,11769123_rev,5674262
collapsed_16234969_16234970_16185882,11768956,11758983_rev
collapsed_16234970_16185882_2307390,11768956,11758983_rev,11768919_rev
collapsed_2296277_16372981_2296446,5657411,5657616
collapsed_2295627_16372981_46233634,5657175,5656676
collapsed_35499242_15339579_2341361,11627022,5708163,5708086_rev,5708194
collapsed_16586652_2332137_2328919,6305092_rev,6305029
collapsed_16586647_2329634_2328560,6305037_rev,6305015
collapsed_16586650_2329826_2328730,6305041_rev,6305023
collapsed_16586651_2328845_2330931,6305027,6305070_rev
collapsed_16586654_2328991_2329418,6305030,6305035_rev
collapsed_16586646_66402678_2328461,6305031_rev,6305059,6305010_rev
collapsed_16586644_2329882_2328288,6305043,6305002_rev
collapsed_16586643_2329938_2328360,6305047,6304999_rev
collapsed_2330931_2328845_2330913,6305027,6305070_rev,6305071_rev
collapsed_16344968_2358509_2358184,5725917_rev,5725916,5725793
collapsed_16347661_16347662_16347659,11801991_rev,11801993
collapsed_16372968_16372967_16372969,5653157,5653198_rev
collapsed_2327426_2327458_2327420,5693098,5693053
collapsed_16372647_16372646_2328587,11806819_rev,5694232_rev
collapsed_16449502_2323640_2323291,11835554,11835553_rev
collapsed_16449496_2322608_2322939,11835551_rev,11835552
collapsed_16449498_2322981_2322939,5688132,5688118_rev
collapsed_2322981_2322939_2323110,5688132,5688118_rev,5688295
collapsed_16449504_16449505_64824529,10003723,10003722_rev
collapsed_16449505_64824529_16449506,10003723,10003722_rev,5691755
collapsed_16442329_2326636_12498094,11833782_rev,11833783
collapsed_16449510_16449511_16449509,10003736,6289656_rev
collapsed_16449511_16449509_45130745,10003736,6289656_rev,10003735
collapsed_16426932_2305050_45130332,5667575_rev,5667521
collapsed_15747826_15747827_2314589,11737439,5678683_rev
collapsed_35409495_2308224_2308048,5671318,5671317
collapsed_2308224_2308048_2308129,5671318,5671317,5671260
collapsed_2308543_2308529_2308601,5671641_rev,5671696
collapsed_2310058_2310138_2308998,5673527,5673428_rev
collapsed_15138426_2321511_2321769,5686498_rev,11580871
collapsed_35409496_2308078_2308687,14326087,11618618_rev
collapsed_2294911_2294778_2295060,5655923,5656083_rev
collapsed_16411071_16411072_2296846,11818613_rev,5658388
collapsed_16449544_2332438_2332630,5698288_rev,5698326,5698339
collapsed_16389359_2276427_2276090,5636315,5636005_rev
collapsed_16631294_2325580_16631295,5691036,11897134_rev,11897137
collapsed_16631295_2325580_66241679,5691036,11897134_rev,11897137,11897135_rev
collapsed_19056143_2316450_2316730,13276246_rev,13276247
collapsed_2316730_2316450_2317090,13276246_rev,13276247,5681372
collapsed_2324268_16721538_2324220,5690286_rev,5689598
collapsed_16721537_16721538_2324827,5690287_rev,5690258
collapsed_16721532_2321098_2321023,11972173_rev,11972174
collapsed_18513698_2322435_2322880,5687762_rev,5688017
collapsed_16503711_2321997_2321928,11867024_rev,11867025
collapsed_2324142_2324106_2324184,5689471,5689507_rev
collapsed_16570043_2336383_45162508,11880829,11880830_rev
collapsed_16586636_2327039_2328466,5692930_rev,5694114
collapsed_16586640_13098563_2328673,5693739_rev,5694315
collapsed_16586641_2328142_47150492,6304996,17030265_rev
collapsed_16586642_13098564_2329806,6304997_rev,6305039
collapsed_16586605_2321114_2320998,5685982,5685847_rev
collapsed_16586606_2321260_2321029,5686141,5685918_rev
collapsed_16586619_2323238_2323471,5688677,5688719_rev
collapsed_16586589_2315863_45162424,10248401,10248400_rev
collapsed_16586587_2315112_2315551,11884758_rev,11884759
collapsed_16586598_2319089_2318932,5683635,5683505_rev
collapsed_16586601_2320252_2320456,5685040_rev,11835575
collapsed_16586602_2320588_2320838,5685420_rev,11835576
collapsed_2313090_16586581_2313061,5676890_rev,5676891_rev
collapsed_16586582_2313227_2313360,11830919,11830918_rev
collapsed_2284733_16791202_39156581,12016033,5645006_rev
collapsed_16791203_16791202_2285740,12016037_rev,12016035_rev
collapsed_66662549_44884730_39097568,16630110,13254126_rev
collapsed_17719723_2274151_23175180,12579682,5634078
collapsed_18481719_2325034_2325147,13175980_rev,13175981
collapsed_18145877_18145878_15215018,12958600_rev,5668180
collapsed_18400194_2319306_66543885,13164402_rev,19897728
collapsed_13712785_13712786_13712784,10418459,10418461_rev
collapsed_13712787_13712786_13712788,10418460_rev,10418690
collapsed_13712791_13712788_2275804,10418395_rev,16662191
collapsed_15139605_2328059_2327378,11581383_rev,11581384
collapsed_35954564_18767852_35954563,14430401,14430400_rev
collapsed_18767852_35954563_15606407,14430401,14430400_rev,6238866_rev
collapsed_18535595_2313245_2313283,13178119_rev,13178120
collapsed_2357634_70690961_70690966,5725000_rev,5725212
collapsed_2305232_2304556_2305288,5667779_rev,5667847
collapsed_15634856_15634858_66402623,11680054_rev,10098153
collapsed_15634849_15634848_66402623,10098150,10098152_rev
collapsed_15634880_15634875_15634878,11680110,11680112_rev
collapsed_15634875_15634878_15634878,11680110,11680112_rev,11680111
collapsed_18742353_15339242_18742352,5653700_rev,13247835
collapsed_15633951_48834698_46255851,11679769_rev,11679764_rev
collapsed_18725654_18725655_15634112,13244227,13244160
collapsed_18742358_15634062_15634063,13247831,13247832_rev
collapsed_15602101_18725707_54183497,13244203,11666156_rev
collapsed_18725711_15602109_54741619,11666240_rev,13244239
collapsed_2323952_18725680_2323905,5689302_rev,5689259
collapsed_2278717_18742340_2279368,13247810,5639345
collapsed_16449545_18725705_2334246,11581192,11580896_rev
collapsed_18742703_18742704_18742702,5636505,13247914
collapsed_18742715_2277784_45130057,5637709,5637383_rev
collapsed_18742702_18742704_45505934,5636505,13247914,13247916
collapsed_12868047_2301952_2301436,5663870,5663513_rev
collapsed_2306500_2306582_64807944,5669358_rev,21914804
collapsed_7699947_2306530_53856276,6289498,6289501_rev
collapsed_7700146_18845664_7700145,6289762_rev,6291520
collapsed_7699858_12428287_2291475,6289399_rev,6289401
collapsed_18847993_2310345_15418004,13272366_rev,13272367
collapsed_2299890_2300339_2299824,5662081,5661541
collapsed_18767855_18767854_15606410,13254133_rev,13254118_rev
collapsed_18769091_2348128_45104956,5715429_rev,13254415,13254437_rev
collapsed_16141424_16141425_54674906,11749317,11749316_rev
collapsed_16141425_54674906_16141429,11749317,11749316_rev,11749318
collapsed_15606538_15462047_45162438,11667170,11667173_rev
collapsed_15462047_45162438_12526957,11667170,11667173_rev,11635483
collapsed_12526957_16141373_45162438,11749069_rev,11667170,11667173_rev,11635483
collapsed_18742719_18742720_61953574,13247900,21356568_rev
collapsed_18742710_2277530_57773919,5637541_rev,13247912_rev
collapsed_15634057_23191968_23191966,5657375,11679705_rev
collapsed_2304574_19055104_2304792,5667028_rev,5667278
collapsed_18818395_2305146_2305098,13269198,13269197_rev
collapsed_18818394_2305098_72071271,13269196,13269195_rev
collapsed_35885808_16205763_35885807,14409879_rev,14409883
collapsed_19082744_55361580_72664485,13281587_rev,13281589
collapsed_16213237_15489708_16213239,11637099,11764530
collapsed_19082900_2339498_2338653,11762632,13281856,11762633,5705941,13281857
collapsed_19082831_2337786_19082830,13281834_rev,13281841_rev
collapsed_16538181_16538186_16538179,11870584_rev,11870585
collapsed_15512903_18145871_15512902,11626628,11608036_rev
collapsed_20769236_2332493_18387709,13441345,13441288_rev
collapsed_19188969_2316499_12577901,13296021,13296022_rev
collapsed_19188972_12577913_12577901,13296024_rev,13296023
collapsed_19188163_19188164_19188162,13295786,13295721_rev
collapsed_19188161_19188162_15339191,13295720,11626648_rev
collapsed_19188162_15339191_19188164,13295720,11626648_rev,13295786,13295721_rev
collapsed_19109202_2304006_2303959,13286514_rev,13286515
collapsed_2303959_2304006_2303939,13286514_rev,13286515,5666292
collapsed_16304646_16538179_16304648,11794150_rev,11794151
collapsed_2322627_12498056_63372976,10087360,5687727_rev
collapsed_19214860_2297402_54741580,5658808_rev,13305012
collapsed_2302078_2301902_2302119,5664094,5664139
collapsed_2300516_19391313_2300371,13403132_rev,5662290_rev
collapsed_2326498_2326542_2326214,11754086,11754085_rev,5692093_rev
collapsed_19389575_19389576_2292237,13402962,13402961_rev
collapsed_23175180_2274667_2274151,5634498_rev,12579682,5634078
collapsed_19700862_15745552_19700861,13404785_rev,13404787
collapsed_19700861_2307691_15745552,13404786,13404785_rev,13404787
collapsed_12380228_2318510_2317209,13403292_rev,6308636
collapsed_20760822_2336261_2336204,13438714,5702224_rev
collapsed_17719724_17719725_46756352,12579816_rev,12579823_rev
collapsed_20005124_2301612_20005123,5663532_rev,5663000
collapsed_12408761_20005123_45130283,5662911_rev,5662860
collapsed_41188433_57498477_41188432,15515844,15515843_rev
collapsed_15462049_2318226_51522257,11635481_rev,18426339
collapsed_2303706_2303925_2303511,5666246,5665996_rev
collapsed_71166126_2305721_71166127,23568031,23568032
collapsed_71166127_2305721_71166128,23568031,23568032,23568033
collapsed_2321578_71143438_2321447,5686651,5686492
collapsed_21707801_15489707_15489713,13540501_rev,13540503
collapsed_23024755_15425114_39399644,13662322_rev,13662323
collapsed_2281388_2280721_2281463,5641461_rev,5641544
collapsed_23067537_23067538_23067535,10127515_rev,13691157_rev
collapsed_21707802_15489718_15489713,13540502,13540504_rev
collapsed_69148932_70202388_70202387,22997141_rev,22997140
collapsed_71167872_54205032_2294702,19239692,5655763_rev
collapsed_20948641_2353050_2352108,13490557_rev,13490558
collapsed_2325811_2325554_2326298,5691298_rev,5691855_rev
collapsed_2327800_2327931_2328294,5693587_rev,5693953
collapsed_2303782_21628781_2304116,5666082,5666479_rev
collapsed_16240679_16240680_16240682,11771216,11771214_rev
collapsed_16240682_16240684_16240680,11771213_rev,11771216,11771214_rev
collapsed_16240680_16240684_2280987,11771213_rev,11771216,11771214_rev,11771218
collapsed_2306888_12914345_2306746,10063706_rev,5669703
collapsed_23207592_2310242_39158598,10100618_rev,14615382
collapsed_2323526_2324111_2323271,5689432,5688781_rev
collapsed_23206949_23206955_23206950,13733411,13733413_rev
collapsed_24912113_24912114_15614940,13809978,5660159_rev
collapsed_23165044_23165045_23165043,13720325,13720327_rev
collapsed_23208573_2304252_2304193,13733845,13733844_rev
collapsed_35118077_2315331_35118078,6273540,6273539_rev,5679790_rev
collapsed_35118098_2319555_46270908,5684187,5684155_rev
collapsed_35118092_12497982_14947587,10087515,5683480,5682890
collapsed_35090463_2306746_2306252,5669544,5669230_rev
collapsed_35090460_2292400_46256063,5653240_rev,16761138
collapsed_35118100_16288166_16235459,11789131_rev,11789132
collapsed_35118089_16288131_12497966,11789169,11789183_rev
collapsed_35118105_16288178_16288176,11789189_rev,11789190
collapsed_35118117_16442331_15348902,11833784,5692515
collapsed_35839286_16141383_51580985,11749298_rev,5683905
collapsed_15417957_15417952_15417961,11632394_rev,11632395
collapsed_15417964_15417967_35077317,11632399_rev,11632397
collapsed_35118083_16235423_16288111,11778349,11778348_rev
collapsed_35118082_16288100_16288096,11778347,11789097_rev
collapsed_35118080_16288093_16288095,11789102_rev,11778345
collapsed_35118096_2318968_46270908,5683530_rev,5683617
collapsed_2287473_2287408_2287098,5647978_rev,5647977
collapsed_35090488_35090489_35090486,11642760_rev,11608894
collapsed_35118099_12498009_2319683,11789103_rev,11789104
collapsed_35118109_12498044_16288187,11789112_rev,11789113
collapsed_35118108_16288183_16288185,11789114_rev,11789115
collapsed_35118107_16288181_16288179,11789117_rev,11789118
collapsed_35077337_16235407_16235409,5674969_rev,10086962
collapsed_2298461_35077308_2298258,5660452,5659845_rev
collapsed_35077319_2305511_2306023,5668279,5668707_rev
collapsed_15418003_15418008_15417998,11632446,11632449_rev
collapsed_15417999_15417993_15418004,11632448,11632445_rev
collapsed_15417994_15417992_15418001,11632430_rev,11632444
collapsed_15417987_15417983_15417991,11632431_rev,11632432
collapsed_15417982_15417988_15417978,11632451,11632452_rev
collapsed_15417980_15417977_15417985,11632437,11632435_rev
collapsed_35077330_35077328_35077332,14294670_rev,14294669
collapsed_15417975_15417979_15417974,11632438,10086865
collapsed_13017968_35118128_45130781,10357593,10357594_rev
collapsed_15417944_15417941_15417947,11632420_rev,11632421
collapsed_15417953_15417958_15417950,11632750,11632751_rev
collapsed_35077318_2302205_35077317,11632753,11632752_rev
collapsed_15418013_15418017_15418011,11632423_rev,11632425_rev
collapsed_35092334_2315442_39357765,5679659,5679861_rev
collapsed_35092335_2316054_39357768,5680245_rev,5680213
collapsed_15339439_15339436_15339441,11627067,11627065
collapsed_15339444_15339448_15339442,11627060,11627062_rev
collapsed_15339455_15339457_15339452,11627064_rev,11627058_rev
collapsed_15339487_15339486_43913266,11627049,11627051
collapsed_15339495_15339494_15339496,11627047_rev,11627048
collapsed_15339504_15339507_15339503,11627043_rev,11627045_rev
collapsed_15339580_15339579_15339582,11627023_rev,11627083
collapsed_35113962_35113963_63332519,14297346_rev,14297348
collapsed_35113966_2332820_2332882,14297350_rev,14297351
collapsed_2333285_35118137_2332488,14297721,6256202_rev
collapsed_15339431_15339427_39336684,11627069_rev,11627071_rev
collapsed_15339615_15339597_39336690,11627088_rev,11627540,11627013
collapsed_15339399_15339396_15339404,11627074_rev,11627077_rev
collapsed_34389413_2313911_34389412,5677854_rev,14084721_rev
collapsed_21621474_21621472_21621476,13490769,13490771_rev
collapsed_21621472_21621476_21621475,13490769,13490771_rev,13490767_rev
collapsed_35269329_7670385_35269326,5682008,14310646_rev
collapsed_35269337_35269355_7670385,14310643,14310644_rev
collapsed_35269355_7670385_35269365,14310643,14310644_rev,5682188
collapsed_35269326_7670385_15425130,5682008,14310646_rev,14310647_rev
collapsed_35269267_15425138_35269275,11789303,14310573
collapsed_35522116_2297119_44968285,5658367_rev,16637111
collapsed_35269307_35269320_39157636,14310574,14310729_rev
collapsed_35269320_39157636_35269322,14310574,14310729_rev,6273562
collapsed_35269322_16235444_39157636,11815531,14310574,14310729_rev,6273562
collapsed_35269282_35269279_35269286,14310582,14310572_rev
collapsed_35269279_35269286_35528729,14310582,14310572_rev,14310587
collapsed_23175319_23175321_44968285,5658841_rev,16637112_rev
collapsed_16510959_2352742_2353640,11868400,5720705_rev,11868401
collapsed_18394538_18394539_18394537,13163844,13163845_rev
collapsed_15332845_2288623_2289556,11626551,11626550_rev
collapsed_2324511_2324187_2324830,5689831_rev,5690200
collapsed_2342252_15339594_2342522,5709056,5709306_rev
collapsed_35522117_23175320_44968284,14336065,14336064_rev
collapsed_13018429_13018428_13018430,10357679_rev,10357677
collapsed_13018457_13018456_13018458,10357737,10357736_rev
collapsed_2320406_2320087_2320431,6270171_rev,5685203_rev
collapsed_2330187_2330162_2330195,5695843,5695855_rev
collapsed_15339703_15339701_15339704,11627717,11627716_rev
collapsed_15339650_15339651_15339648,11627120_rev,11627122_rev
collapsed_15339338_35113963_15339329,14297343_rev,11627597
collapsed_2324025_16235469_2323915,5689984,5689332_rev
collapsed_2274344_2274410_2274578,5634249,5634409
collapsed_2304274_2305032_2303974,5667554,5666673_rev
collapsed_35724027_2299792_62505526,14360108,21647095_rev
collapsed_35353024_2314304_16141367,11749062_rev,11749063
collapsed_35720277_2304972_16538190,14359723,14359722_rev
collapsed_35269268_35269274_37517225,14310541_rev,14310536_rev
collapsed_38326601_38326599_38326600,14948327_rev,14948323
collapsed_38326598_38326599_2346366,14948329_rev,14948320_rev
collapsed_38326596_38326597_38326599,14948324,14948326
collapsed_35512717_35512716_2296435,14331708,14331707
collapsed_35512716_2296435_63372973,14331708,14331707,14331710
collapsed_35524126_2335604_2336411,5701926,5702417_rev
collapsed_36079525_2351082_13104911,14501913_rev,19918855_rev
collapsed_36079520_2350078_65740933,14501919_rev,14501949
collapsed_36079518_2349430_36079517,14501921_rev,14501950
collapsed_36731187_36731185_54474742,11667428,11667429_rev
collapsed_36054163_2335459_2335914,5701342_rev,5701851,5701656_rev
collapsed_35953651_35953650_54168783,14429704,19232822_rev
collapsed_35953650_54168783_16502400,14429704,19232822_rev,11866970_rev
collapsed_2305151_2305528_2305115,5668140_rev,5667693
collapsed_36055909_2314950_53375816,5679242_rev,5679484_rev
collapsed_35926558_2279719_35926559,14410703,14410745_rev
collapsed_36037265_36037264_46255998,10095122,10095119_rev
collapsed_2289149_36037268_2289196,6289371,5649815_rev
collapsed_35953661_2325367_46378601,14429594,14429703
collapsed_35953646_35953647_46304936,14429600_rev,16769362
collapsed_18742345_18742344_35352983,13247818,5647336_rev
collapsed_23207574_23207584_23207576,13733672,13733673
collapsed_36089202_36089203_36089194,5658289_rev,14503077
collapsed_36089213_36089208_36089214,14503074_rev,14503084_rev
collapsed_2315511_36708274_2315551,5679643_rev,5679692
collapsed_36089200_14947437_36089199,5657899_rev,14503053
collapsed_36089187_36089193_2295656,14503064_rev,14503061
collapsed_36089196_36089198_36089195,14503065_rev,14503066
collapsed_36089191_36089190_36089192,14503067_rev,14503068
collapsed_36089215_36089212_36089214,14503072_rev,14503083
collapsed_15745503_15745509_15745497,11736365_rev,11736366
collapsed_16347641_16347644_15745490,11801999_rev,11835569,11802000_rev
collapsed_35092301_16347645_16347644,11801997_rev,11801998
collapsed_35092316_2303802_53890087,5666106_rev,19202370
collapsed_39158585_15745548_2306714,5670127_rev,5669578_rev
collapsed_39158551_2297455_52905376,6289450,6306907_rev
collapsed_2296944_39158545_2296453,5658198_rev,5658169
collapsed_15634067_39158548_2296986,5658687,5658686
collapsed_39158548_2296986_39158545,5658687,5658686,5658310_rev
collapsed_39157640_16141384_63473304,6289600,5683893_rev
collapsed_16141384_63473304_45130683,6289600,5683893_rev,6289601
collapsed_39156747_15747081_46335584,11737375,14294698_rev
collapsed_15747081_46335584_15425089,11737375,14294698_rev,11737376
collapsed_39156737_39156740_39156733,11633785,11633789_rev
collapsed_39156595_2287408_45130151,5648052_rev,5648066
collapsed_2288463_39142970_57436382,15067888,5649074_rev
collapsed_2327516_39154953_2327668,5693161,5693319,5693274_rev
collapsed_39158614_39158615_2313991,15068109_rev,15068110
collapsed_13712822_39123898_12878570,15067169,10254161
collapsed_39158520_2283183_2282966,5643483,15068141_rev,15068142_rev,5643182_rev
collapsed_39158517_2282239_39158518,5642377_rev,15068171
collapsed_39158552_12516277_54063174,10095925_rev,10095896
collapsed_39158540_12516268_2296217,10095946_rev,10095944_rev
collapsed_39158594_2310250_2309723,15068121_rev,15068122
collapsed_2296650_2296601_2297170,5657853_rev,5658424_rev
collapsed_39158613_39158612_39158611,15068112_rev,15068111
collapsed_39160274_39160273_45162237,10096830,10096798_rev
collapsed_18742339_39160277_52905348,15068457_rev,6306842
collapsed_39160288_45845362_2280971,5640922,5641024
collapsed_2507787_2278242_2278151,6242696,6242695
collapsed_39158649_15606560_15606560,15068102_rev,15068103
collapsed_39158536_15634025_51979967,14715266,14715265_rev
collapsed_39158597_2310242_39158598,5673727_rev,15068124
collapsed_39097565_39097566_39097562,11667382_rev,11667250_rev
collapsed_39156758_39156759_39156757,6289595_rev,6291343
collapsed_39156732_39156733_39156728,11633790,11667204_rev
collapsed_16426926_39156686_39156687,15067928,11831291_rev
collapsed_39156687_39156686_45162361,15067928,11831291_rev,11831290_rev
collapsed_39156611_39156612_39156610,15067924,15067925_rev
collapsed_39156610_39156612_45162280,15067924,15067925_rev,10095089_rev
collapsed_12398865_39156602_45130175,5650132_rev,5650150
collapsed_39156581_16791202_45130129,12016033,5645006_rev,5644986_rev
collapsed_12585192_39156576_45162259,5644073_rev,10131320
collapsed_39156594_2286486_45162272,5646922_rev,10131312_rev,10131311_rev
collapsed_39156601_38306663_45162273,5648280_rev,10095086
collapsed_39097563_39097562_45162332,5661569,11667249_rev
collapsed_2285394_39156582_2285169,5645972,5645738_rev
collapsed_39158650_39158645_16141391,15068108_rev,15068107_rev
collapsed_39158641_39158645_39158640,11571749_rev,11571748_rev
collapsed_39158638_15620195_39158640,5682487,5682624
collapsed_2317819_39158628_45130562,5682178_rev,5682197
collapsed_39157637_39157635_7670385,14310730_rev,14310727
collapsed_39157676_2321618_45162468,5686539_rev,10087663
collapsed_2320827_39157662_2322503,5685639,5687593_rev
collapsed_2304776_39156685_2304327,5667368,5667257
collapsed_15215018_39156685_18145878,5668110,12958600_rev,5668180
collapsed_38538047_38538045_38538049,14985550,14985548_rev
collapsed_38538056_38538059_38538050,14985551,14985555_rev
collapsed_38538062_15742854_38538054,14985564,14985563_rev
collapsed_38538063_38538067_38538061,14985560_rev,14985577
collapsed_38538050_38538059_38538049,14985551,14985555_rev,14985554_rev
collapsed_38538068_38538069_38538067,14985569,14985568_rev
collapsed_38505418_38505419_55925569,11666158_rev,19842743
collapsed_2286365_38376692_2286383,14954714,5646807_rev
collapsed_38376692_2286383_2287092,14954714,5646807_rev,14954715
collapsed_2311655_2312122_2310331,5675766_rev,5675227
collapsed_37497196_35927293_2287089,14410853_rev,6270111,6270109_rev
collapsed_37517233_37517234_45130530,5682651,5682524_rev
collapsed_2298825_2298683_2298731,5660283,5660284_rev
collapsed_2312817_2312198_2312920,5676571,5676697_rev
collapsed_2312198_2312920_2312122,5676571,5676697_rev,5675857
collapsed_2309670_2310331_2309226,5673749,5672966_rev
collapsed_37398287_2309171_15602019,14666274_rev,14666270
collapsed_37398288_15602019_15602020,14666271_rev,14666275
collapsed_37398289_15602018_2308767,14666272,14666273_rev
collapsed_37408081_2320506_2320091,5685286_rev,5685044
collapsed_37337785_2287711_2287659,5648226,5648196_rev
collapsed_18768343_2343638_18768344,14503040_rev,13254242
collapsed_38306205_2320669_2321094,5685700,5685956_rev
collapsed_2286707_2286738_60117921,5647200,5647641_rev
collapsed_2299468_38248516_2299400,14942934,5661046_rev
collapsed_36036935_36036939_36036934,14493268_rev,14493270
collapsed_2288308_2288684_2288438,5649284,5649008
collapsed_2288096_38306663_2288155,5648628_rev,5648692
collapsed_2315875_2316053_2315763,5680243,5680058_rev
collapsed_15512898_15512896_15512899,11608039_rev,11608038
collapsed_2305624_2305125_55126841,5668261_rev,19527291_rev
collapsed_34946283_34946281_46989404,14279437_rev,14279438
collapsed_2297695_2296778_2297732,5659008,5659052
collapsed_2309712_2310277_2309833,5673680_rev,5673151
collapsed_2310988_2311124_2311245,5674640_rev,5674786
collapsed_2300339_2299824_45162336,5662081,5661541,11680052
collapsed_39399644_15425114_14947570,13662322_rev,13662323,5679813
collapsed_2304690_2303842_2304600,5667159,5667160_rev
collapsed_2301424_2301925_2301226,5663921,5663318_rev
collapsed_2301925_2301226_2301902,5663921,5663318_rev,5663922
collapsed_2303640_2303693_2303426,5665985,5665930_rev
collapsed_39345946_39345944_39345949,15134150_rev,15134381
collapsed_2290546_2291069_2290471,5651808,5651271_rev
collapsed_2293263_2292905_2293357,5654142_rev,5654244
collapsed_2294836_2294837_2294463,5655838_rev,5655837
collapsed_2345790_2345741_48231806,5712824_rev,17259254
collapsed_14947570_15425114_2315377,13662322_rev,13662323,5679813,5679717
collapsed_2345461_2345157_2346193,5712484_rev,5713277
collapsed_2274611_2274669_2274517,5634501,5634442_rev
collapsed_2289085_2289095_2289029,5649704_rev,5649690
collapsed_2331333_2331357_2331214,5697046,5697027_rev
collapsed_2327019_2326936_2327351,5692638_rev,5692980
collapsed_2327927_2327938_45130760,5693592,5693581_rev
collapsed_16141401_39357862_63473304,11749265,11749283
collapsed_39357862_63473304_16141397,11749265,11749283,11749288
collapsed_2323362_2323873_2323283,5689165_rev,5688581
collapsed_39357977_15339808_45162609,11627641_rev,13254413
collapsed_2275665_2275650_2274845,5635544,5635543_rev
collapsed_2275650_2274845_2275996,5635544,5635543_rev,5635872
collapsed_2308683_2308493_2308260,5671791_rev,5671792
collapsed_2321608_2321753_2321594,5686693,5686525_rev
collapsed_2336366_2335918_2336929,5702365,5703005_rev
collapsed_70069577_58401516_62492298,23371131_rev,23371132
collapsed_2308767_2307833_15602018,5670884_rev,5671896_rev,14666272,14666273_rev
collapsed_2277602_15548311_2277449,5637496,5637497_rev
collapsed_39357765_2315442_39357768,5679659,5679861_rev,5679913_rev
collapsed_39357768_2316054_2315442,5680245_rev,5680213,5679659,5679861_rev,5679913_rev
collapsed_38536229_38536230_38536228,14985376_rev,14985377
collapsed_2320028_2320283_2319812,5685048_rev,5684750
collapsed_2322229_2322101_2322326,5687277,5687395_rev
collapsed_2323279_2323177_2323089,5688483,5688482
collapsed_15339513_15339512_15339514,11627040,11627039
collapsed_2337044_2337031_2337089,5703130_rev,5703182
collapsed_2313565_2314567_2313583,5678601_rev,5677473
collapsed_39357772_2315895_39357773,5680130_rev,5680180
collapsed_2328535_2329099_2328648,5694776,5694289_rev
collapsed_2312709_2312842_2312662,5676595_rev,5676453
collapsed_2321895_2321493_2322087,5686876,5687108_rev
collapsed_2321986_2321977_2322064,5686981,5687077_rev
collapsed_2321977_2322064_2321993,5686981,5687077_rev,5686993
collapsed_2326582_2327062_2326026,5692683_rev,5692177_rev
collapsed_2327901_2327720_2327963,5693550,5693615_rev
collapsed_39357762_39357764_2315439,5679751,5679672_rev
collapsed_39357764_2315439_54741589,5679751,5679672_rev,5679840
collapsed_39357773_2316119_2315895,5680321,5680130_rev,5680180
collapsed_39357776_69162929_2316411,5680770,5680820_rev,5680730,5680882_rev,5680928_rev,5680669
collapsed_12855343_39357787_12855340,5681399,5681387_rev
collapsed_39357787_12855340_12380227,5681399,5681387_rev,6258038
collapsed_39357923_2337164_2337186,5703290_rev,5703305
collapsed_39364074_2340193_2340153,5706716,5706692_rev
collapsed_39364056_2315504_39364057,5679919_rev,5679955
collapsed_39364057_2315504_2315849,5679919_rev,5679955,5680030
collapsed_39364058_2315765_39364059,5680059_rev,5680089
collapsed_39364059_2315765_2315971,5680059_rev,5680089,5680161
collapsed_39357649_2299283_2299330,5660855_rev,5660873
collapsed_39357661_2302090_43809843,5664111_rev,5664059
collapsed_39357699_2306299_2306376,5669046_rev,5669126
collapsed_39357700_2306209_2306446,5669124,5669203_rev
collapsed_2306209_2306446_56722515,5669124,5669203_rev,5668925
collapsed_39357703_2306721_2306596,5669519_rev,5669462
collapsed_39357710_2307719_2306212,5670652_rev,5670398
collapsed_39357679_19055104_40010101,5666763,5666567_rev
collapsed_39357622_38536231_38536233,14985375,14985374_rev
collapsed_39357707_15606416_15606412,11667254,11667255_rev
collapsed_39361331_2310066_2310049,15135464_rev,15135465
collapsed_39364064_2320439_56541360,5685210_rev,5685154
collapsed_15339600_15339597_15339599,11627018,11627021_rev
collapsed_38306649_13139057_18393045,14944962_rev,14944963
collapsed_39357636_2295164_57436396,5656276_rev,5656496
collapsed_39357937_2339449_2339498,5705902,5705936_rev
collapsed_39256137_13674341_2302831,15106217_rev,15106218
collapsed_39357933_2338578_2338653,5704936,5704990_rev
collapsed_2310264_41835989_2310281,5673669_rev,5673685
collapsed_41835994_2345917_2345654,15724209_rev,15724210
collapsed_39336691_39336690_15339620,11627538,11627539
collapsed_39336686_15339543_39336687,11627038,11627037_rev
collapsed_2323620_2323711_16141456,5688995_rev,5688939,5688938_rev
collapsed_2295011_2295290_54205039,5656323,19240795_rev
collapsed_15339547_39336687_2339843,11627036,5706334_rev
collapsed_39336682_15339423_39336683,11627577,11627576_rev
collapsed_41660463_2296979_41660467,15718247_rev,15718248
collapsed_39494892_15606399_56722516,15149814_rev,15149813
collapsed_39494893_2314743_39494895,12579952,12579953_rev
collapsed_39494895_2314743_17720444,12579952,12579953_rev,12579954_rev
collapsed_39494897_17720441_17720446,12579960,12579959_rev
collapsed_41633394_15747896_15747897,15708428,15708427_rev
collapsed_41526796_41526795_41526805,15689477_rev,15689479
collapsed_2292757_41540190_2292984,15692063,21907719_rev
collapsed_12535303_12535301_12535302,10107789_rev,10107792
collapsed_2285775_41535428_2285966,5646141_rev,5646353
collapsed_40009329_2290107_2289992,15153459_rev,15153460
collapsed_40009335_2290739_2292117,15153465_rev,15153466
collapsed_2315161_42600928_2315017,15795681,5679271_rev
collapsed_40010531_40010532_47078811,10096818_rev,16970461
collapsed_40010537_2287150_2287742,5647644_rev,5648271_rev
collapsed_40048864_2304962_53526561,15169087_rev,18962772
collapsed_39999206_39999207_2318174,15150095,15150096_rev
collapsed_39999207_2318174_2318218,15150095,15150096_rev,5682630
collapsed_40009809_2324757_55925538,5690407,15153924
collapsed_40009367_2344663_2344215,15153478_rev,15153479
collapsed_40009342_2321750_2322245,15153475_rev,15153476
collapsed_40009369_40009368_66300755,15153495_rev,22464497_rev
collapsed_2293391_72688446_2293447,15219899_rev,5654343
collapsed_40003948_46255908_46255909,15152724,16761243_rev
collapsed_40010101_19055104_52820803,5666763,5666567_rev,14958594_rev
collapsed_40017563_2283904_35060435,15155041_rev,15155042
collapsed_39345950_39345949_44247869,15134379_rev,16276954
collapsed_2294919_2294837_2295010,5655931,5656027_rev
collapsed_2288522_2288621_2288248,5649215,5649108_rev
collapsed_2283613_2283623_46165941,5643816,16752541_rev
collapsed_2281145_2281051_2281193,5641209_rev,5641260
collapsed_40274325_2298224_2298791,15219885_rev,15219886
collapsed_41277144_2298749_2299124,15570168,15570167_rev
collapsed_14909044_41277148_70200583,15570170,11530385_rev
collapsed_41277148_70200583_2299366,15570170,11530385_rev,15570171
collapsed_41277142_2287639_13177778,15570180_rev,15570181
collapsed_41277227_2337272_41277226,5703398,15570159
collapsed_41277226_2337272_41277223,5703398,15570159,15570161
collapsed_30488856_2309819_2310000,13857843_rev,13857844
collapsed_38308708_39345945_16379352,15134147,14945331
collapsed_2331823_2331863_56720264,5697564,5697535
collapsed_42600908_2307132_2306965,5670081,5670080_rev
collapsed_2308279_2307493_2308569,5671333_rev,5671664
collapsed_41188878_41188881_2309634,15515394,15514793_rev
collapsed_41188734_41188723_2306559,15515057,15514861_rev
collapsed_41188723_2306559_2305993,15515057,15514861_rev,15515562
collapsed_41188722_35936562_2306123,15515059,15515058_rev
collapsed_41188567_2303481_2303142,15515106_rev,15515107
collapsed_41188540_2302491_57498530,15515126_rev,15515725
collapsed_41188532_2301836_2302473,15515128_rev,15515129
collapsed_2302473_2301836_41188545,15515128_rev,15515129,15515123
collapsed_2301549_41188512_41188521,15515131,15515743_rev
collapsed_37724507_41188554_41188596,15515680,15515678
collapsed_41188554_41188596_37724506,15515680,15515678,15515681
collapsed_2316952_41226435_2317031,15539507,5681311
collapsed_41226435_2317031_2316874,15539507,5681311,15539508
collapsed_41189041_2313888_2314004,15514974_rev,15514975
collapsed_41188858_2309235_15606442,15515030_rev,15515031
collapsed_41188843_2309118_2308579,15515032_rev,15515033
collapsed_41188827_2308662_2308561,15515034_rev,15515035
collapsed_41188658_2304771_41188657,15515630_rev,15515631
collapsed_41188663_2305034_57498566,15515633,15515634_rev
collapsed_41188592_2303632_2303710,15515686_rev,15515687
collapsed_41188961_41188969_2311191,15515003,15515002_rev
collapsed_41188969_2311191_2311364,15515003,15515002_rev,15514998
collapsed_41189027_2313602_2313189,15514978_rev,15514979
collapsed_41189020_2313230_71902128,15514980_rev,20230887
collapsed_41189019_2313036_57773623,15514982_rev,15514983
collapsed_41188978_41188975_2311637,15514992_rev,15514993
collapsed_41188432_2289431_57498477,15514957_rev,15515844,15515843_rev
collapsed_41188475_41188483_41188474,15514938,15514939_rev
collapsed_2300487_41188477_2301098,15514940,5662966
collapsed_41188477_2301098_2299706,15514940,5662966,15514941
collapsed_2299706_2301098_2299803,15514940,5662966,15514941,5661430_rev
collapsed_41188443_2290417_46335563,15514955,15514954_rev
collapsed_41188643_2304636_2304697,15515602,15515604_rev
collapsed_2285570_41857637_2285611,15725722_rev,5645965_rev
collapsed_41189060_2314503_41189058,15514967,15515196_rev
collapsed_41189059_2314474_71902137,15514969,20230904_rev
collapsed_2314474_71902137_2314480,15514969,20230904_rev,5678508
collapsed_41188487_2300445_2300388,15514929_rev,15514930
collapsed_2300335_41188485_2300677,15514932_rev,5662486_rev
collapsed_41188753_2306819_2307336,15515519,11535484_rev,15515520
collapsed_41188636_2304430_2304353,15514894,15514893_rev
collapsed_41188751_2306880_2307430,15515530,15515529_rev
collapsed_41188785_2308237_2307749,15514836,15514835_rev
collapsed_41188727_2306008_2306339,15514863_rev,15514864
collapsed_41188717_2306060_2306008,15514866,15514865_rev
collapsed_41188832_2308614_2308824,15515433_rev,15515434
collapsed_41188797_2307883_2308177,15515476_rev,15515477
collapsed_41188771_2306971_2307916,15515495,15515494_rev
collapsed_41188820_2308429_2308614,15515435_rev,15515436
collapsed_41188782_2307704_2308614,15515437_rev,15515438
collapsed_2308512_41188824_2308959,15515451_rev,5672152
collapsed_41188860_2309271_41188876,15515406,15515407_rev
collapsed_41188806_2308123_41188799,15514829,15515475
collapsed_41188867_2309396_41188881,5672733_rev,15515396
collapsed_41188853_2309130_2309202,15515397_rev,15515398
collapsed_41188862_2309351_2309398,15515399_rev,15515400
collapsed_2309398_2309351_2309202,15515399_rev,15515400,5672662
collapsed_41188938_2310790_2310837,15514772_rev,15514773
collapsed_41188927_2310249_2311238,15514776_rev,15514777
collapsed_2311742_41188988_41188997,15514744_rev,5675385
collapsed_2312243_41188983_2312317,15514747,5675997_rev
collapsed_41188983_2312317_2311303,15514747,5675997_rev,15514748
collapsed_41188981_41188993_41188979,15514749_rev,15514750_rev
collapsed_12500424_41188974_12500425,15514751,10089112_rev
collapsed_41188968_2311125_41188974,15514754,15514755_rev
collapsed_41188954_12500421_2310971,11653933_rev,5675649_rev,15514762_rev,15514761_rev
collapsed_41188904_2310159_7741820,15515334_rev,15515335
collapsed_41189083_2315472_41189087,15514705_rev,15514706
collapsed_41189038_2313763_2313816,15514729_rev,15514730
collapsed_41189026_35197691_2314004,15514732_rev,15515231
collapsed_41189022_2313086_41189029,15514733_rev,15514734
collapsed_41188885_2309708_2309839,15515349_rev,15515350
collapsed_41188945_15545234_2310547,15515302_rev,15515303
collapsed_41189004_41188994_41188997,15515249,15515253_rev
collapsed_41189005_41188996_41189007,15515251_rev,15515254_rev
collapsed_41189000_35937106_57498629,15515257,15515256_rev
collapsed_41188977_41188989_41188979,15515267_rev,15515266
collapsed_41188719_2306402_41188705,5669158_rev,15515578_rev
collapsed_41189024_2313352_2313033,15515229_rev,15515230
collapsed_41189046_2314029_2314079,15515220_rev,15515221
collapsed_41189040_2313770_2313947,15515223_rev,15515224
collapsed_41189009_2312443_2312396,15515240,15514987_rev
collapsed_2312443_2312396_41189011,15515240,15514987_rev,15515241
collapsed_41189011_2312396_2312571,15515240,15514987_rev,15515241,15515242
collapsed_41189061_2314503_2314545,15515195_rev,15514718
collapsed_41189058_2314503_2314426,15514967,15515196_rev,15514970_rev
collapsed_41189069_2314705_2314812,15515206_rev,15515207
collapsed_41188490_2300483_41188493,15515779_rev,15515780
collapsed_41188689_41188690_72680818,15515169_rev,15515064
collapsed_2315113_41189077_2315076,15515144,5679211
collapsed_41189047_2314084_2314124,15515146_rev,15515147
collapsed_2314124_2314084_71902134,15515146_rev,15515147,20230916
collapsed_41188527_2300445_2302338,15515739,15515738_rev
collapsed_2302111_41188531_51343117,15515736,18414540_rev
collapsed_41188531_51343117_2302490,15515736,18414540_rev,15515737
collapsed_41188521_41188512_2301945,15515131,15515743_rev,15515742_rev
collapsed_41188536_2302325_2301839,15515730_rev,20183753
collapsed_41226428_2287111_48204851,15539517_rev,17256626
collapsed_39389707_39389705_39389708,15142720,15142718
collapsed_40014748_52884420_40014750,15154458_rev,15154460_rev
collapsed_2309634_41188881_2309396,15515394,15514793_rev,5672926
collapsed_38382154_41227121_38382155,15539598,14955586
collapsed_42873663_2326887_2326650,15821593,15821592_rev
collapsed_2326887_2326650_2327099,15821593,15821592_rev,5692720
collapsed_43104319_43104318_2331897,5697645_rev,5697964
collapsed_15339351_43104318_45130799,6289709_rev,11627107
collapsed_43014700_2319923_7700037,15886388_rev,15886389
collapsed_35269417_43076459_56722666,15921660_rev,14310740
collapsed_35269393_43076459_45130580,14310556,14310723_rev
collapsed_42600971_2324940_42600972,5690326,15795748
collapsed_42600977_42600980_66402680,15795799,15795797_rev
collapsed_35092287_2297352_45162310,14294887,14294886_rev
collapsed_2297352_45162310_45130247,14294887,14294886_rev,5658855_rev
collapsed_42600963_2322753_2323181,15795663_rev,15795664
collapsed_42600992_2334581_2333515,15795665,5699699_rev,15795666
collapsed_42600982_2332311_2331805,6305100_rev,6305082_rev
collapsed_2300918_19391313_2301045,13403131,5662900_rev
collapsed_42710354_35077332_56722539,15820732_rev,15820733
collapsed_2312270_43754855_45130420,16218044,6258358_rev
collapsed_15596763_43700009_38402153,16207187,11664461_rev
collapsed_43678821_16240759_15742829,16205680,16205679_rev
collapsed_43447963_2343057_2343958,16079563_rev,16079564
collapsed_12854849_43809841_2301378,5663229_rev,5663274
collapsed_43809855_15417973_12408763,11632418,5665356_rev
collapsed_2298654_43809827_45130263,5660230_rev,5660321
collapsed_43809842_43809841_43809843,5663563,5663988
collapsed_12408763_15417973_45130303,11632418,5665356_rev,5665179_rev
collapsed_12408762_43809845_45130297,5664657,5664837
collapsed_2299352_43809839_54205990,5661115,19240786_rev
collapsed_43913260_43913262_43913259,11627056_rev,5700610_rev
collapsed_43913056_43913061_43913054,16231702,10128127_rev
collapsed_43913063_43913068_45130498,16231689_rev,16231690
collapsed_43832568_43832567_43832569,16226714,16226719_rev
collapsed_43832567_43832569_2325907,16226714,16226719_rev,16226715
collapsed_15745486_43859480_35077309,11736375_rev,11736379_rev
collapsed_43912575_43912576_43912574,16231598,16231599_rev
collapsed_43912571_43912570_43912572,16231595,16231596_rev
collapsed_43912578_43912577_43912579,16231602,16231603_rev
collapsed_70479910_70479899_70479918,23429489,23429531_rev
collapsed_70479899_70479918_70479890,23429489,23429531_rev,23429490
collapsed_70479890_70479918_70479894,23429489,23429531_rev,23429490,23429492
collapsed_70479942_70479935_70479969,23429493,23429496_rev
collapsed_70479935_70479969_70479925,23429493,23429496_rev,23429494
collapsed_70479925_70479969_70479918,23429493,23429496_rev,23429494,23429532
collapsed_70479918_70479894_70479969,23429489,23429531_rev,23429490,23429492,23429493,23429496_rev,23429494,23429532
collapsed_43678827_43678828_16240766,16205671_rev,11770985
collapsed_43678830_43678829_43678831,16205675_rev,16205676
collapsed_43678831_43678829_15634101,16205675_rev,16205676,11679654_rev
collapsed_43801142_2312732_2312826,16222228_rev,16222229
collapsed_2312826_2312732_2312877,16222228_rev,16222229,5676645
collapsed_15596796_43799157_45162553,6289793,6289792_rev
collapsed_43913120_43913118_43913121,16231639_rev,16231640
collapsed_43913125_43913124_43913126,16231641_rev,16231644
collapsed_43913119_43913124_43913118,16231643,16231638_rev
collapsed_43769364_2314362_43769363,5678368,5677939_rev
collapsed_43913107_43913110_45130624,16231633,16231671_rev
collapsed_43913110_45130624_43913113,16231633,16231671_rev,16231636
collapsed_43913113_45130624_43913118,16231633,16231671_rev,16231636,16231637
collapsed_12325285_43913137_2321487,10024855,10024854_rev
collapsed_7741856_7741857_2344875,6305974,6306060_rev
collapsed_7741857_2344875_2346149,6305974,6306060_rev,6304294
collapsed_2315702_2316036_2314919,5680224,5679859_rev
collapsed_2323415_2323325_2323855,5688644_rev,5689147
collapsed_13018465_13018467_13018464,10357713_rev,10357712
collapsed_13018466_13018464_13018469,10357738_rev,10357739
collapsed_13018444_13018446_13018442,10357730_rev,10357731
collapsed_13018450_13018448_13018449,10357732_rev,10357733
collapsed_2327804_2328096_2327561,6301794,6301793_rev
collapsed_2327561_2328096_2327592,6301794,6301793_rev,5693241_rev
collapsed_13018434_13018435_13018433,10357674_rev,10357672
collapsed_13018440_13018438_13018441,10357722_rev,10357723
collapsed_13018495_13018497_13018494,10357628_rev,10357629
collapsed_2272548_2272518_2272719,5632344,5632503
collapsed_2272518_2272719_2272398,5632344,5632503,5632313
collapsed_35077321_15745544_2306442,5669589,5669332_rev
collapsed_7714033_7714032_7714036,6300145_rev,6300147_rev
collapsed_13018452_13018451_13018453,10357734_rev,10357735
collapsed_2298302_13098478_45130256,11669282_rev,5659854
collapsed_2296136_15634048_15634056,11679578,11679621_rev
collapsed_15634018_15634020_46335580,6289426,10094957_rev
collapsed_43104324_18399156_45130801,13164174_rev,11627703
collapsed_43104317_43104316_45130795,11653090,11627702_rev
collapsed_2351997_2351899_2352256,5719452,5719684_rev
collapsed_2352428_2352317_2352405,5719869_rev,5719870_rev
collapsed_2345130_2344799_2345446,5712123,5712470_rev
collapsed_2314773_2315242_2314543,5679363_rev,5678834
collapsed_41188609_2304019_2303958,15515704,15515703_rev
collapsed_41188518_2301680_2301581,15515749,15515748_rev
collapsed_2301680_2301581_2302496,15515749,15515748_rev,5664543
collapsed_2277843_2277894_2277837,5637821,5637770_rev
collapsed_2277523_2277954_2277675,5637883,5637587
collapsed_16586613_2322387_2322600,11835549,11835550_rev
collapsed_2352182_2352317_2352108,5719743,5719617_rev
collapsed_15339230_15339228_15339231,5649853,5650162_rev
collapsed_15339244_15339242_15339247,5654015,5654331,5654489_rev
collapsed_15339490_15339499_15339484,5702640,5702048_rev
collapsed_15339393_15339403_43104326,5698889,11627113_rev
collapsed_15339479_15339474_15339484,5701125_rev,5701430
collapsed_2329542_2329469_2329689,5695203_rev,5695336
collapsed_2331834_15339339_2331897,5697543,16726838_rev
collapsed_39156668_15614944_45162324,6291337_rev,6291336_rev
collapsed_2309930_2310023_2309836,5673375,5673266,5673258
collapsed_39364052_2299164_45162327,5660685_rev,11669175
collapsed_39364050_13018467_62714573,10357654_rev,10357655
collapsed_2323855_2323325_2324193,5688644_rev,5689147,5689517_rev
collapsed_2323916_2323873_2323961,5689215,5689266_rev
collapsed_2324193_2323325_2324296,5688644_rev,5689147,5689517_rev,5689630_rev
collapsed_2334656_2334670_2334519,5700523,5700510_rev
collapsed_2327644_2327547_2328048,5693297,5693696_rev
collapsed_2306685_2306701_2306572,5669494,5669468
collapsed_2324296_2324978_2323325,5690371_rev,5688644_rev,5689147,5689517_rev,5689630_rev
collapsed_2322515_2322715_2322064,5687837,5687611_rev
collapsed_2322715_2322064_2323325,5687837,5687611_rev,5688537
collapsed_13018462_13018464_62714572,10357708,5642721_rev
collapsed_44022486_44022365_44022485,16253004_rev,16253027
collapsed_2306314_2306121_2306400,5669042_rev,5669155
collapsed_2324385_2324531_2324250,5689851_rev,5689713
collapsed_2295596_2295347_2295751,5656640,5656826_rev
collapsed_13018454_13018451_65976619,5639910_rev,14293012
collapsed_2352108_2352317_2353050,5719743,5719617_rev,13490557_rev,13490558
collapsed_15540832_62361273_15540833,5699687,5699560_rev,11653992_rev
collapsed_41188737_2306673_2306611,15515560,5669435_rev
collapsed_2326214_2326159_2326542,5691757_rev,11754086,11754085_rev,5692093_rev
collapsed_2278242_2278151_2279097,6242696,6242695,12012162_rev
collapsed_7741873_2358390_70690374,6304602_rev,6304282
collapsed_2321446_2321409_2321442,5686342,5686355_rev
collapsed_39332135_39332134_39332136,13272216_rev,13272217
collapsed_2302417_2302398_2302436,5664458_rev,5664483
collapsed_41188479_2300216_57498506,15514935,15514936_rev
collapsed_2303142_2303481_15545185,15515106_rev,15515107,11654703_rev,5665394
collapsed_7741868_2357022_13104928,6304293_rev,6304615,6304286_rev,6304614_rev
collapsed_7741883_2360482_65740955,6304275,6304596,6304269_rev,5728261,6304595
collapsed_2322053_2321933_2322243,5687067,5687293_rev
collapsed_2323114_2323083_2323125,5688298_rev,5688314
collapsed_2327773_2327770_2327112,5693437,5693436
collapsed_2327770_2327112_2327740,5693437,5693436,5693433
collapsed_2325884_2326035_18400197,5691544,6241047
collapsed_18843055_2343682_2343593,5711047_rev,5711046_rev
collapsed_39160280_39160279_52905354,6289322,6306845_rev
collapsed_2311990_2312311_2311749,5675986,5675625_rev
collapsed_2311402_2311234_2311616,5674958_rev,5675184
collapsed_2340459_2340421_2340153,5707017,5707016
collapsed_44849336_39156686_2304415,16627771,16627770_rev
collapsed_2324602_2323811_2324286,5689933,5689941
collapsed_2334908_15339448_2335146,11627059_rev,5701023
collapsed_2296408_12516264_2296496,10095934_rev,5657676
collapsed_2306993_2307179_2306815,5670045_rev,5669835
collapsed_2307389_2307426_2307238,5670318,5670274_rev
collapsed_2307426_2307238_2307864,5670318,5670274_rev,5670828
collapsed_2300441_2300277_2300344,5662205,5662204
collapsed_2300277_2300344_2300200,5662205,5662204,5662013
collapsed_7699960_2308053_45130367,6289516,6289515_rev
collapsed_2331910_2331877_2331028,5697609,5697608_rev
collapsed_2312503_2312334_2312932,5676208,5676709_rev
collapsed_2332269_2331912_2332383,5697977_rev,5698092_rev
collapsed_2335396_2335281_2335282,5701283_rev,5701284
collapsed_2336085_2336433_2335507,5702449_rev,5702162,5702058
collapsed_12517941_57854287_65709369,10096864,10096865_rev
collapsed_2311808_2312176_2311694,6304136_rev,5675406
collapsed_2338009_15602128_45162511,5704532,5704246_rev
collapsed_35092317_2304412_54287253,5666827_rev,5666776
collapsed_2305379_2305437_2305332,5668029,5667968
collapsed_15545195_15545198_15545193,11654706_rev,11654707
collapsed_2302048_2302269_55255037,5664294,19570126_rev
collapsed_2334302_2334407_72135665,5700230_rev,5700264
collapsed_2319831_2319628_2320097,5684528_rev,5684839
collapsed_2325552_2326054_2325340,5691567_rev,5691009_rev
collapsed_2300176_2300518_2300008,5662294,5661884_rev
collapsed_2309014_15606442_57498591,5672494_rev,5672216
collapsed_2338799_2337985_15602134,5705163,5705320
collapsed_2291281_2291734_2290973,5652529,5652044
collapsed_2292236_2292341_2292160,5653176,5653073_rev
collapsed_39157636_39157635_16235444,14310575_rev,11815531,14310574,14310729_rev,6273562
collapsed_43809854_15417972_15417973,16223131,16223130_rev
collapsed_44217144_44217145_57498559,16272897,16272898_rev
collapsed_43913117_43913121_63332507,14310641_rev,14310640
collapsed_15606530_43913057_45130498,5681117,16231692_rev
collapsed_2320911_2320855_2320239,5685738_rev,5685737
collapsed_35058368_35058366_70479921,14292911,23429342_rev
collapsed_2291122_2290627_15614910,5651866_rev,5651910
collapsed_2321433_2321589_2321250,5686497,5686331_rev
collapsed_2274572_2274643_2274544,5634477,5634405_rev
collapsed_2274643_2274544_2274667,5634477,5634405_rev,5634499
collapsed_2274709_2274660_2274835,5634543,5634683_rev
collapsed_44231578_44231579_44231576,16274288,16274262
collapsed_2306201_2306176_2306269,5668918_rev,5668992_rev
collapsed_35090465_2306366_2306761,5669341_rev,5669557
collapsed_2302182_2302269_2303313,5664295,5665541
collapsed_44231576_44231579_44231579,16274261,16274288,16274262
collapsed_2311931_2310889_2312240,5675556,5675900_rev
collapsed_44232248_2280027_45162250,5640054,10131327_rev
collapsed_2333351_2333078_62361273,5699100,5699210_rev
collapsed_44142045_45536696_44142043,16670000_rev,16262605_rev
collapsed_2306910_2306924_2306998,5669747,5669840
collapsed_2306924_2306998_2306998,5669747,5669840,5669839_rev
collapsed_2307318_2307247_2307549,5670198_rev,5670458
collapsed_12577907_12577903_45130544,10128192,10128193_rev
collapsed_12577903_45130544_13100283,10128192,10128193_rev,10128186
collapsed_2305173_2305274_2305118,5667828,5667717_rev
collapsed_2305274_2305118_2305763,5667828,5667717_rev,10418967,5668068_rev,10418968
collapsed_15418012_15418010_15418014,11632519,11632518_rev
collapsed_44141669_44141670_2328779,16262540,16662245_rev
collapsed_44141672_44141670_44141673,16262543_rev,16262542
collapsed_44141670_44141673_2328779,16262543_rev,16262542,16262540,16662245_rev
collapsed_2302025_2302464_2303083,5664514,5664071_rev,5665260
collapsed_2279605_2279503_2279938,5639599_rev,5639960
collapsed_18818387_18818386_18808597,13269199,13269194_rev
collapsed_19378036_15493142_62102910,13398751_rev,13398752
collapsed_13177784_2287072_2287036,5647553,5647529_rev
collapsed_15425089_46335584_46335605,11737375,14294698_rev,11737376,11633786
collapsed_2292620_2292438_2292712,5653472,5653562
collapsed_39097548_39097542_39097547,15066994,15066991_rev
collapsed_2300709_2300761_2300575,5662581_rev,5662525
collapsed_2299952_2299812_2299768,5661612,5661611
collapsed_2327632_2327655_2327606,5693306,5693286
collapsed_2327497_2327721_2326867,5693383,5692947,5692747_rev,5693141
collapsed_2327821_2327954_2327577,5693609_rev,5693474
collapsed_2328284_2328257_2328310,5693942,5693969_rev
collapsed_2328305_2328628_2327968,5694267,5693964_rev
collapsed_2328505_2328614_2328278,5694256,5694154
collapsed_2328753_2329353_2328590,5695025,5694404_rev
collapsed_2329185_2329425_2328444,5695095,5694846_rev
collapsed_2279179_2279136_39156559,5639141_rev,5639140
collapsed_2275716_2275799_2275699,5635689_rev,5635599
collapsed_2276554_2276893_2276539,5636798,5636448_rev
collapsed_15602048_15602050_56720201,11666226_rev,19923468_rev
collapsed_15602111_15602109_66241709,11666247_rev,11666249
collapsed_15215031_2325394_2325569,5690887_rev,5691027,5690923_rev
collapsed_2326301_2326424_2326463,5692003,5692056_rev
collapsed_2314576_2314600_2315056,5678642,5679153_rev
collapsed_2314884_2315010_2314848,5679098,5678954_rev
collapsed_2315010_2314848_2315156,5679098,5678954_rev,5679265
collapsed_14945189_15634107_14945198,11679650,5661570
collapsed_2325889_2325723_2326315,5691378,5691878_rev
collapsed_2326524_2326211_2326730,5692124,5692334_rev
collapsed_2327053_2327070_2327004,5692689,5692675_rev
collapsed_2327070_2327004_59761209,5692689,5692675_rev,5692729
collapsed_2324105_2324110_2324100,5689431,5689425_rev
collapsed_2324110_2324100_2324115,5689431,5689425_rev,5689440
collapsed_2326264_2326348_2326095,5691921,5691718_rev
collapsed_2326348_2326095_2326621,5691921,5691718_rev,5692225
collapsed_2338190_2337507_2338132,5704461_rev,5704462_rev
collapsed_15138432_2327694_13098563,11580865_rev,11580867,11580866
collapsed_2311368_2311485_58011094,5675047,5674914
collapsed_2279458_2279417_2280347,5639441_rev,5640382
collapsed_2310076_2310109_2310066,5673491_rev,5673452
collapsed_2311610_2311506_2311749,5675178,5675340_rev
collapsed_2311555_2311616_30379822,5675185,13832202_rev
collapsed_2311285_2311870_2311236,5675485_rev,5674826
collapsed_2311705_2311669_66402640,5675289_rev,19235894
collapsed_36089188_2295656_36089194,14503048_rev,14503086
collapsed_2325672_2325588_2326026,5691143,5691533
collapsed_12855340_12380227_2317053,5681399,5681387_rev,6258038,5681358,5681350_rev,5681376
collapsed_2311980_2311872_2312153,5675613,5675801_rev
collapsed_2311872_2312153_2311754,5675613,5675801_rev,5675489
collapsed_2312386_2312441_2312363,5676136_rev,5676076
collapsed_2323759_2323826_2323659,5689116,5689048_rev
collapsed_2324395_2324291_2324437,5689724_rev,5689757
collapsed_2324312_2324285_2324344,5689649,5689681_rev
collapsed_2324321_2324353_2324291,5689690,5689656_rev
collapsed_2324415_2324509_56720218,5689829,19923482
collapsed_2324437_2324589_2324291,5689920,5689724_rev,5689757
collapsed_2324585_2324642_2324514,5689980,5689836_rev,5689912
collapsed_2324642_2324514_2324726,5689980,5689836_rev,5689912,5690085
collapsed_2282090_2282160_2282061,5642275,5642199
collapsed_2282160_2282061_2282207,5642275,5642199,5642330
collapsed_2282287_2281831_2282787,5642404,21091941_rev
collapsed_2281831_2282787_54168664,5642404,21091941_rev,19233327_rev
collapsed_2319828_39157649_39364350,6289604_rev,5684911
collapsed_2311556_39158607_2311744,15068120_rev,5675334
collapsed_44927612_18845622_44927611,16634009,16634008_rev
collapsed_18845622_44927611_35090478,16634009,16634008_rev,13272213_rev
collapsed_2321002_2321258_2320506,5686135_rev,5685854
collapsed_44927624_18767109_44231588,16274114_rev,16274269
collapsed_44927623_18767094_18767096,13254083_rev,13254081,13254097_rev
collapsed_2321060_2320952_2321572,5685921,5686486_rev
collapsed_2320952_2321572_2320799,5685921,5686486_rev,5685788
collapsed_2320916_2321507_2320949,5686415_rev,5685784
collapsed_2322419_2322648_2321941,5687754,5687498_rev
collapsed_2322648_2321941_2323193,5687754,5687498_rev,5688391_rev
collapsed_2281926_2281869_2281982,5642025_rev,5642088
collapsed_2291166_2291137_2291205,5651915_rev,5651952
collapsed_2308961_2308903_2309023,5672155,5672224_rev
collapsed_12500459_44927618_12500461,13254173_rev,10089170
collapsed_15425020_44927597_45130374,11633781,11633782_rev
collapsed_44884761_44884759_2315810,16630081_rev,5679989_rev
collapsed_2274737_2274779_2274690,5634615,5634571_rev
collapsed_2274779_2274690_2274821,5634615,5634571_rev,5634660
collapsed_2332233_2332258_2332215,5697967_rev,5697937
collapsed_2323931_48204915_2323894,17256716,5689234_rev
collapsed_2337543_2337722_2337130,5703923,5703725_rev
collapsed_2276545_2276533_2276552,5636438_rev,5636445
collapsed_2539347_2327954_2328451,6256024_rev,6256028
collapsed_7700020_2318172_7700019,6289597,6291509_rev
collapsed_7700103_2331777_2331807,6289704,6289703_rev
collapsed_43076419_2307152_62505545,5670013_rev,21647104
collapsed_2275951_12039696_12039695,9967144_rev,5636405_rev,9967142_rev
collapsed_41188752_41188744_41188748,15515526_rev,15515527_rev
collapsed_44886965_44886966_41188766,15929111,5670416
collapsed_2276613_2276627_2276599,5636517,5636502_rev
collapsed_2279019_2278545_2278982,5638976,5638977_rev
collapsed_12526967_2318030_15462050,5682752,11635480
collapsed_2317997_2318018_2317241,5682398,18434877_rev
collapsed_2327050_2327255_2326876,5692888_rev,5692673
collapsed_2324576_2324508_2324709,5689906,5690065
collapsed_2324717_2324921_2324589,5690299,5690075_rev
collapsed_35077325_15745548_35077324,11778325,11778324_rev
collapsed_35118078_2315331_2315660,6273540,6273539_rev,5679790_rev,5679802_rev
collapsed_2278464_2278430_2278487,5638408,5638439_rev
collapsed_2328826_2328708_2329054,5694483,5694730_rev
collapsed_2327124_2327386_2327367,5693014_rev,5692995
collapsed_2328336_2328292_2328375,5693994,5694029
collapsed_2324418_2324288_2324507,5689745_rev,5689825
collapsed_2324084_2323932_2324423,5689401,5689750_rev
collapsed_2323932_2324423_2323749,5689401,5689750_rev,5689236
collapsed_2325020_57753014_62695253,5690509,21660944_rev
collapsed_2325201_2325153_2325219,5690619,5690638_rev
collapsed_2325153_2325219_2325129,5690619,5690638_rev,5690565
collapsed_2300029_2300048_2299982,5661724,5661701_rev
collapsed_35113958_2327420_16442331,5693048,11833785_rev
collapsed_2330063_2330103_2329594,5695750_rev,5695705
collapsed_2326242_2326424_2326073,5692002,5691792_rev
collapsed_2332204_2332158_2332331,5697909_rev,5698035
collapsed_44247867_2297176_2297237,16276957_rev,16276958
collapsed_44247869_39345949_44247868,15134379_rev,16276954,16276956
collapsed_40010720_2326135_2325532,15154114_rev,15154115
collapsed_2273412_2273546_2273244,5633378_rev,5633241
collapsed_44267936_2334797_2335774,11664338_rev,5701686
collapsed_2335774_2334797_45162508,11664338_rev,5701686,10087772
collapsed_2283128_2283086_2283178,5643295_rev,5643339
collapsed_2303833_2303672_2304084,5666145,5666438_rev
collapsed_2311535_2311155_2311694,5675102_rev,5675274
collapsed_41188990_41188985_2312131,15514741,15514740_rev
collapsed_2281182_2280807_2281516,5641249,5641599_rev
collapsed_2279496_2279879_2279145,5639889,5639482
collapsed_2313759_2313794_2313326,5677726,5677681_rev
collapsed_2314184_2314296_2314113,5678292,5678166_rev
collapsed_2314292_2314329_2314277,5678333,5678285
collapsed_2317188_2317181_2317210,5681473_rev,5681501
collapsed_2278338_2278822_2278424,5638773,5638362
collapsed_41188513_41188489_2301628,15515786_rev,15515756
collapsed_2312111_2312041_2312153,5675754_rev,5675802
collapsed_2316809_2315584_2315461,5681068,5681065_rev
collapsed_2316255_2316774_2316602,5681026,5680839_rev
collapsed_2277341_2277693_62714571,5637607_rev,5637255_rev
collapsed_44884694_44884692_46329000,16630185_rev,16630183
collapsed_2327587_2327839_2327197,5693491,5693235_rev
collapsed_2324852_2325218_2323885,5690635_rev,5690223
collapsed_2323203_2323212_2323173,5688412_rev,5688404
collapsed_2326289_2326176_2326354,5691844_rev,5691926
collapsed_2327666_2328226_2327592,5693880,5693318
collapsed_2322946_2323007_2322799,5688169,5688092_rev
collapsed_2326081_2325848_2326176,5691601,5691714_rev
collapsed_2315503_2315437_2315571,5679634_rev,5679713
collapsed_44884715_44884723_44884723,16630145,18737283_rev
collapsed_2322601_2322438_2323173,5687694,5688372_rev
collapsed_2323346_2323583_2323234,5688844_rev,5688569
collapsed_2322487_2322650_2322466,5687756,5687571_rev
collapsed_2321762_2321610_2321833,5686706_rev,5686799
collapsed_39157630_2316499_54677635,10084804_rev,10084805
collapsed_2336485_2336809_55925544,5702865,5702631_rev,5702306_rev,5702509,5702771
collapsed_2319786_2319839_2320863,5684538,5685685
collapsed_2325309_2325285_2325316,5690729_rev,5690737
collapsed_2321941_2323193_2321765,5687754,5687498_rev,5688391_rev,5686928_rev
collapsed_2331113_2330826_2331777,5696801_rev,16648216
collapsed_2321664_2321628_2321717,5686589_rev,5686654
collapsed_44884739_44884736_53856260,16630099,16630100_rev
collapsed_44884737_2304511_2304529,16630094_rev,16630095
collapsed_2330556_12575747_2330328,5696263_rev,5696116_rev
collapsed_7700039_2321933_7700038,6289622_rev,6291511
collapsed_15606546_15606544_35058383,11667360_rev,10089172
collapsed_44853458_2325708_2325649,16628210,5691149_rev
collapsed_2330328_2330137_12575747,5695988_rev,5696263_rev,5696116_rev
collapsed_2319745_2319525_2319856,5684420_rev,5684555_rev
collapsed_2318170_2317812_2318199,5682572_rev,5682609
collapsed_2314376_44884756_2314324,5678470_rev,5678392
collapsed_16141365_2312445_16141367,11749061_rev,11749064_rev
collapsed_7700062_2326002_45130739,6289655,6289654_rev
collapsed_2325076_2325499_2324992,5690949_rev,5690484_rev
collapsed_2325366_2325303_2325403,5690788,5690832_rev
collapsed_45130531_35269328_35269285,14310655,14310662_rev
collapsed_35269328_35269285_45130542,14310655,14310662_rev,14310561
collapsed_54063162_45902574_54063163,19219980_rev,19219982
collapsed_44968285_2297119_23175321,5658367_rev,16637111,5658841_rev,16637112_rev
collapsed_45130878_45162553_45130877,6290997,6291350_rev
collapsed_45130718_45162474_39157684,11666140,5687874_rev
collapsed_44968284_23175320_23175320,5658714_rev,14336065,14336064_rev
collapsed_45130882_45162554_45130880,6290998,6291351_rev
collapsed_45130278_45162336_45130281,11680053_rev,5662472
collapsed_45130295_45162346_45130298,6290979_rev,5664816
collapsed_7700201_2348128_45162599,6289828_rev,13254418
collapsed_15339445_15339446_15339442,5700127,5700095_rev
collapsed_45130665_2318713_15606556,14310484_rev,14310485
collapsed_2318552_45130644_2318965,14310488,5683494_rev
collapsed_45130670_7327010_45130666,6271708,14310509_rev,14310508_rev
collapsed_54063163_54063164_45902574,19219981,19219980_rev,19219982
collapsed_54063164_45902574_54063165,19219981,19219980_rev,19219982,19219979
collapsed_45130625_2318210_45130641,5682793_rev,5682874
collapsed_45130662_45130669_45130659,5683227,14310634_rev
collapsed_45130669_45130659_56541354,5683227,14310634_rev,14310473_rev
collapsed_45162432_45162431_19120196,11667312,13286672_rev
collapsed_45162431_19120196_45162430,11667312,13286672_rev,11667314
collapsed_45130774_45162483_56720247,10095652,10095659_rev
collapsed_45130775_45162484_56720248,10357589_rev,14297759
collapsed_45130572_45130566_56722666,14310712,5682412_rev
collapsed_45130566_56722666_35269352,14310712,5682412_rev,14310713
collapsed_35269354_45130571_45130552,14310700,14310543_rev
collapsed_45130571_45130552_35269377,14310700,14310543_rev,14310701
collapsed_35269377_45130552_45130580,14310700,14310543_rev,14310701,14310724
collapsed_45130580_43076459_45130552,14310556,14310723_rev,14310700,14310543_rev,14310701,14310724
collapsed_45130179_45162280_45130178,10095088,5650179_rev
collapsed_45130527_35269306_45130536,14310657,14310665_rev
collapsed_42600946_42600945_2318428,15795777,5682905_rev
collapsed_2331984_2331877_2332158,5697680_rev,5697857
collapsed_2330831_2330415_2330900,5696502_rev,5696575
collapsed_2332191_2332222_2332134,5697929,5697882_rev,5697896
collapsed_2325438_45130738_71901881,13272198_rev,19239806
collapsed_45130259_43809828_45130262,5660255_rev,5660307
collapsed_45130648_2318371_45130653,5682972_rev,5683034
collapsed_45130256_45130257_13098478,5659949,11669282_rev,5659854
collapsed_45130257_13098478_15614942,5659949,11669282_rev,5659854,11669166
collapsed_45130645_45130657_45130641,5683044,5682959_rev
collapsed_45130657_45130641_2318736,5683044,5682959_rev,5683219
collapsed_43809824_45130258_43809823,5660180_rev,5660111_rev
collapsed_45130610_45130608_45130622,14310608,10128121_rev
collapsed_45130608_45130622_12577942,14310608,10128121_rev,14310609
collapsed_13104895_45130894_2344504,6289809,6289808_rev
collapsed_45130894_2344504_45130895,6289809,6289808_rev,6291001
collapsed_45130896_15596808_45130895,6289810,6291359_rev
collapsed_45130717_12516476_39157684,10096084_rev,5687828
collapsed_39156651_45130198_45162298,5653138,10095070_rev
collapsed_45130198_45162298_45130200,5653138,10095070_rev,5653160_rev
collapsed_45130331_16426929_45130332,6289489,5667513_rev
collapsed_16426929_45130332_45162361,6289489,5667513_rev,11734457
collapsed_45130332_45162361_2305050,6289489,5667513_rev,11734457,5667575_rev,5667521
collapsed_45130778_35118127_45130776,10003734_rev,5695789
collapsed_45130895_15596808_2344504,6289810,6291359_rev,6289809,6289808_rev,6291001
collapsed_45130283_20005123_45130280,5662911_rev,5662860,5662588
collapsed_43913102_45130624_47651214,16231670,16231672_rev
collapsed_45130624_47651214_43913118,16231670,16231672_rev,16231633,16231671_rev,16231636,16231637
collapsed_43104321_45130795_45130801,11627701,11627704_rev
collapsed_45130542_45130552_35269285,11633738,14310655,14310662_rev,14310561
collapsed_45130552_35269285_43076459,11633738,14310655,14310662_rev,14310561,14310556,14310723_rev,14310700,14310543_rev,14310701,14310724
collapsed_45130666_7327010_45130654,6271708,14310509_rev,14310508_rev,5683160_rev
collapsed_7700111_45130806_2332820,11627079_rev,6289719
collapsed_45130789_35118129_56720259,5696901_rev,6292037
collapsed_45130658_15734960_15606556,14310483_rev,14310482
collapsed_45130636_12577957_45130630,14310491,14310617_rev
collapsed_45130629_12577957_45130623,14310493_rev,14310619
collapsed_45130651_45130640_45130654,5682981_rev,5683036
collapsed_45130620_43913099_45130632,5682730,5682816_rev
collapsed_45130603_43913099_43913092,5682689_rev,5682594
collapsed_43913108_45130632_63332507,5682888,14273888_rev
collapsed_45130632_63332507_43913099,5682888,14273888_rev,5682730,5682816_rev
collapsed_43913088_45130516_47651210,16231680_rev,16231669
collapsed_45130622_12577942_45130623,14310608,10128121_rev,14310609,14310620_rev
collapsed_45130668_2318912_45130664,14273882,14273881_rev
collapsed_45130129_16791202_45130127,12016033,5645006_rev,5644986_rev,5644960_rev
collapsed_39357654_45130276_2299704,5661312,5661320_rev
collapsed_45130276_2299704_45130275,5661312,5661320_rev,5661306
collapsed_45130275_2299704_43827480,5661312,5661320_rev,5661306,5661289
collapsed_45130606_43913090_43913099,5682629,5682690_rev
collapsed_2330115_2330134_2330089,5695782_rev,5695766
collapsed_12575710_2305988_15545205,5668669_rev,11654755
collapsed_13104884_2343625_45162555,6289797,6289796_rev
collapsed_45130611_45130616_12577948,14310732,14310733_rev
collapsed_45130616_12577948_45130628,14310732,14310733_rev,10128150
collapsed_45130628_12577948_45130630,14310732,14310733_rev,10128150,14310616
collapsed_45130152_45130151_45130153,5648118_rev,5648130
collapsed_2284665_45130127_2284629,5644950,5644927_rev
collapsed_45130127_2284629_16791202,5644950,5644927_rev,12016033,5645006_rev,5644986_rev,5644960_rev
collapsed_18845657_45130712_7700037,6288389,6289620_rev
collapsed_45130832_23068867_2335310,13691676_rev,6289743,6289742_rev
collapsed_45130706_45130705_39364350,5686109,5686114_rev
collapsed_45130705_39364350_2319358,5686109,5686114_rev,5686100
collapsed_45130812_15339396_15339412,11627075_rev,5699228
collapsed_45130886_45130887_13104883,6291356,5709943_rev
collapsed_45130887_13104883_45162559,6291356,5709943_rev,6291357
collapsed_45130430_45130431_2313174,5677092,5677044_rev
collapsed_45130431_2313174_45130434,5677092,5677044_rev,5677243
collapsed_45130434_2313174_45130438,5677092,5677044_rev,5677243,5677469
collapsed_45130880_45162554_2342187,6290998,6291351_rev,6289789_rev,6289790
collapsed_45130676_35508656_45130671,14331017_rev,14273884_rev
collapsed_45130671_35508656_45130663,14331017_rev,14273884_rev,5683233
collapsed_45130153_45130151_45162273,5648118_rev,5648130,10095087_rev
collapsed_45130298_2302768_45162346,5664873,6290979_rev,5664816
collapsed_45130200_2292376_45162298,5653215,5653138,10095070_rev,5653160_rev
collapsed_2292376_45162298_2292616,5653215,5653138,10095070_rev,5653160_rev,22470411
collapsed_12577932_45130587_45130574,5682313,5682253_rev
collapsed_45130587_45130574_12577950,5682313,5682253_rev,10128191,10128190_rev
collapsed_45130178_45130176_45162280,5650177_rev,10095088,5650179_rev
collapsed_16141438_45130716_16141437,5687706_rev,5687234
collapsed_45130653_2318371_45130664,5682972_rev,5683034,5683135
collapsed_7700110_45130805_2331912,11627080,6289716_rev
collapsed_45130781_35118128_45130777,10357593,10357594_rev,10357598_rev
collapsed_45130776_13017961_35118127,10003733,10003734_rev,5695789
collapsed_13017961_35118127_56720247,10003733,10003734_rev,5695789,10003731
collapsed_45130777_35118128_56720249,10357593,10357594_rev,10357598_rev,10357600_rev
collapsed_45130630_12577948_12577957,14310732,14310733_rev,10128150,14310616,14310491,14310617_rev
collapsed_45130623_12577957_12577942,14310493_rev,14310619,14310608,10128121_rev,14310609,14310620_rev
collapsed_2318363_45130640_56722667,5682872,5682799_rev
collapsed_45130641_2318210_2318736,5682793_rev,5682874,5683044,5682959_rev,5683219
collapsed_16449506_45130743_64824529,10003725,10003723,10003722_rev,5691755
collapsed_45130743_64824529_45130744,10003725,10003723,10003722_rev,5691755,10003726
collapsed_45130744_64824529_16449509,10003725,10003723,10003722_rev,5691755,10003726,10003728
collapsed_16449509_64824529_45130745,10003725,10003723,10003722_rev,5691755,10003726,10003728,10003736,6289656_rev,10003735
collapsed_45130762_45130765_63458023,13254184_rev,5693735
collapsed_45130394_15425070_45130393,11633702_rev,5673198
collapsed_45130393_15425070_57786605,11633702_rev,5673198,5673191
collapsed_45130574_12577950_45130558,5682313,5682253_rev,10128191,10128190_rev,5682195_rev
collapsed_45130638_2317313_45130643,14310628,14310629_rev
collapsed_45130643_2317313_45130649,14310628,14310629_rev,5682994_rev
collapsed_45130647_2317892_45130650,14310630_rev,14310631
collapsed_45130663_45130660_35508656,14310636,14331017_rev,14273884_rev,5683233
collapsed_45130660_35508656_2318527,14310636,14331017_rev,14273884_rev,5683233,14310637
collapsed_45130536_35269306_56729299,14310657,14310665_rev,14310675_rev
collapsed_18767990_45130765_64824530,13254186_rev,11666148
collapsed_45130280_57922268_20005123,5662230,5662430_rev,5661892,5662911_rev,5662860,5662588
collapsed_45130557_2317413_45130564,5682156,5682205_rev
collapsed_45130564_2317906_2317413,5682280_rev,5682156,5682205_rev
collapsed_2292118_2290929_2292324,5652947_rev,5653163
collapsed_2290928_2291573_53890084,5652373,5651671_rev
collapsed_45130032_13712775_45162230,10418392,11679746_rev,11679745_rev
collapsed_45104880_15540776_57498635,11653839_rev,11653840
collapsed_45104878_12500419_12500421,11653845,11653846_rev
collapsed_45130745_64824529_57922316,10003725,10003723,10003722_rev,5691755,10003726,10003728,10003736,6289656_rev,10003735,10095638
collapsed_45130397_15540767_2310682,11653847,5674142_rev
collapsed_45130739_2326002_2326039,6289655,6289654_rev,6288396_rev
collapsed_45130793_2331895_2331807,6289706,6289705_rev,6288400_rev
collapsed_45130877_45162553_2342368,6290997,6291350_rev,11664328_rev,11664329
collapsed_45130881_2342214_45130883,11664330_rev,11664331,6291352
collapsed_45130884_45162558_2342312,6291355,6291354_rev,11664332_rev,11664333
collapsed_45130772_2329557_2329594,11656647_rev,11656648
collapsed_45130959_2352571_2352530,5720024_rev,5720012
collapsed_45130619_39156759_45130631,6289594,5682820_rev
collapsed_45130124_15614857_15614854,6289348,6290967_rev,6290966_rev
collapsed_45104814_15614824_39156563,11669108_rev,11669113
collapsed_45130631_2318798_39156759,5683300_rev,6289594,5682820_rev
collapsed_16570041_45104924_45104924,11880892,11880893_rev
collapsed_45130567_2317822_45130578,6288383_rev,6288384
collapsed_45130578_2317822_2317944,6288383_rev,6288384,6289583,6289582_rev
collapsed_45130841_16449553_2336627,6289758_rev,6288404
collapsed_41622923_45130805_45130806,11627081_rev,11627078
collapsed_41622922_45130799_45130804,11627108_rev,11627109
collapsed_45130429_2313008_2313224,5676945,5677050_rev
collapsed_45104831_15606314_15606311,11667434_rev,11667435
collapsed_39158570_45130299_45130304,5664969,5665064_rev
collapsed_45130299_45130304_39158563,5664969,5665064_rev,11736315
collapsed_45130304_39158563_15745516,5664969,5665064_rev,11736315,14943305_rev
collapsed_45130435_2313385_2313425,5677276_rev,5677287_rev
collapsed_45130436_2313381_2313470,5677332_rev,5677344
collapsed_45104955_18769088_14945288,13254420_rev,13254421
collapsed_45104956_2348128_18769094,5715429_rev,13254415,13254437_rev,13254438_rev
collapsed_45104950_15596810_18843056,11664451,13271748_rev
collapsed_45130194_46328968_36077884,14501799_rev,14501801_rev
collapsed_39156600_45130151_38536233,5648183,14985371_rev
collapsed_45130746_45130747_54205170,6288397,6289660
collapsed_45130747_54205170_16449514,6288397,6289660,6289662
collapsed_45130755_2327013_45130756,6289668_rev,6288398
collapsed_45130807_2332296_2332661,5698223_rev,5698377
collapsed_45130522_45130530_45793827,14310519,14310524_rev
collapsed_45130509_45130513_37517223,14310528,14310527_rev
collapsed_45130513_37517223_45793827,14310528,14310527_rev,5681761
collapsed_37517223_45793827_37517221,14310528,14310527_rev,5681761,5681149_rev
collapsed_45104919_18725701_15602091,13244200_rev,11666153
collapsed_45104922_15602107_15602110,11666234_rev,11666235
collapsed_45130800_18725694_47150505,6305091,10095500_rev
collapsed_2286338_16372954_2286345,11806967_rev,5646773
collapsed_45104833_18767833_36731184,13254148_rev,14653275
collapsed_45130771_2329374_2329524,5695063,5695184_rev
collapsed_45130769_2328648_2328795,5694356,5694447_rev
collapsed_45130780_2329946_2330113,5695708,5695764_rev
collapsed_45130786_2330716_2330113,5696395,5696063_rev
collapsed_45130250_45130247_62808441,5659038,11680043_rev
collapsed_45130247_62808441_45162310,5659038,11680043_rev,14294887,14294886_rev,5658855_rev
collapsed_2308270_2308213_2308306,6288370,6288371_rev
collapsed_2308213_2308306_2308164,6288370,6288371_rev,6288369
collapsed_2308306_2308164_2308321,6288370,6288371_rev,6288369,6288372_rev
collapsed_2308321_2308164_2308308,6288370,6288371_rev,6288369,6288372_rev,6288373_rev
collapsed_2308308_2308164_7699959,6288370,6288371_rev,6288369,6288372_rev,6288373_rev,6289514_rev
collapsed_2309835_2309799_2309882,5673153_rev,5673201_rev
collapsed_39156735_39156734_39156740,11633703,6289522_rev,6289521
collapsed_39156734_39156740_57786609,11633703,6289522_rev,6289521,20231008
collapsed_45130057_45130056_2277784,5637103_rev,5637709,5637383_rev
collapsed_45179288_2313885_57401581,16650685,16650684_rev
collapsed_45130725_45130726_45130724,5688759,5688755_rev
collapsed_45130726_45130724_2323515,5688759,5688755_rev,5688764
collapsed_56722469_56722467_2301967,19923747,19923854
collapsed_12487835_2302676_39156682,5664772_rev,11831293
collapsed_39156682_45162346_2302676,11831292,5664772_rev,11831293
collapsed_7700059_2324785_2324826,6289649,6289648_rev
collapsed_2324785_2324826_45130733,6289649,6289648_rev,6288394
collapsed_7700019_2318172_51522257,6289597,6291509_rev,18426340_rev
collapsed_2301633_2301645_71144611,5663567_rev,5663550
collapsed_2310226_2310232_2310165,5673634,5673626
collapsed_2308994_2309028_2308269,5672228_rev,5672190
collapsed_2274857_2275024_2274608,5634878_rev,5634701_rev,5634554_rev
collapsed_2315572_2315242_2315716,5679715,5679876_rev
collapsed_45130685_39157649_45130683,6289603,6288387_rev
collapsed_45130683_39157649_63473304,6289603,6288387_rev,6289600,5683893_rev,6289601
collapsed_45130443_45130444_62505590,5677894,11789078_rev
collapsed_45130444_62505590_62505594,5677894,11789078_rev,5678068
collapsed_2302819_45130303_45130297,5665010,5664944_rev
collapsed_45130303_45130297_15417973,5665010,5664944_rev,11632418,5665356_rev,5665179_rev
collapsed_45130297_15417973_43809845,5665010,5664944_rev,11632418,5665356_rev,5665179_rev,5664657,5664837
collapsed_12274514_45130588_2317929,6289585,6289584_rev
collapsed_45130588_2317929_45130591,6289585,6289584_rev,6288385
collapsed_45130287_15745497_45130285,5663549_rev,5663377
collapsed_45130469_45130470_2315402,6288380,6289554_rev,6289555
collapsed_45130470_2315402_13163069,6288380,6289554_rev,6289555,6289556
collapsed_13163069_2315402_2315507,6288380,6289554_rev,6289555,6289556,6289557
collapsed_45130595_2318175_45130593,6289592_rev,6289593,6288386
collapsed_45130733_13098557_2324826,6288392,6289649,6289648_rev,6288394
collapsed_45130467_2315371_2315167,6288379_rev,6289552,6289551_rev
collapsed_45130593_2317656_2318175,6289589,6289588_rev,6289592_rev,6289593,6288386
collapsed_45130591_2318089_2317929,6289591,6289590_rev,6289585,6289584_rev,6288385
collapsed_45130737_7700061_45130736,6289652,6288395_rev
collapsed_7700061_45130736_2325987,6289652,6288395_rev,6289653
collapsed_45130724_2323515_2323488,5688759,5688755_rev,5688764,5688740_rev
collapsed_2323515_2323488_2323518,5688759,5688755_rev,5688764,5688740_rev,5688767
collapsed_2308164_45130367_7699959,6288368,6288370,6288371_rev,6288369,6288372_rev,6288373_rev,6289514_rev
collapsed_45130814_35118133_35118136,11627579,14297724_rev
collapsed_45501937_40367821_45501938,16666701_rev,16666705
collapsed_45162337_45162339_15745490,10095954,10095951_rev
collapsed_45162339_15745490_36731789,10095954,10095951_rev,14653342
collapsed_45162510_45162511_2338005,5704234,5704243_rev
collapsed_45162511_2338005_15602128,5704234,5704243_rev,5704532,5704246_rev
collapsed_2338005_15602128_69162939,5704234,5704243_rev,5704532,5704246_rev,5704265_rev
collapsed_45162516_45162515_12516565,10096092,10096091_rev
collapsed_45162515_12516565_15602130,10096092,10096091_rev,10133957
collapsed_2290051_2291150_2290279,5651896_rev,5650971
collapsed_45162348_15745506_12516327,11736317_rev,10095908
collapsed_12516327_15745506_45162353,11736317_rev,10095908,10095922
collapsed_39158626_45162440_12526964,15068162,15068160_rev
collapsed_39158634_45162440_39158635,15068163_rev,15068157_rev
collapsed_45162353_15745506_54063189,11736317_rev,10095908,10095922,10095923
collapsed_45162445_45162444_45162448,14310613,14310614_rev
collapsed_45162444_45162448_45162443,14310613,14310614_rev,11737360
collapsed_45162447_45162449_12577902,14310626,14310627_rev
collapsed_45162449_12577902_45162451,14310626,14310627_rev,11737367
collapsed_45162442_12577902_45162443,14310734,14310735_rev
collapsed_45162443_12577902_45162448,14310734,14310735_rev,14310613,14310614_rev,11737360
collapsed_45162451_12577902_15606556,14310626,14310627_rev,11737367,11737368
collapsed_39160283_45162251_39160284,10096799,13247812_rev
collapsed_35118138_45162496_45162497,14297743,14297744_rev
collapsed_35118140_45162497_35118141,14297745,14297749
collapsed_45162249_45162250_12585187,10131326,10131325_rev
collapsed_45162250_12585187_2280027,10131326,10131325_rev,5640054,10131327_rev
collapsed_12585187_2280027_2279938,10131326,10131325_rev,5640054,10131327_rev,5639976_rev
collapsed_45162271_45162272_45162270,10131310,10131309_rev
collapsed_45162270_2286259_45162272,5646738_rev,10131308,10131310,10131309_rev
collapsed_45162260_39156573_45162259,10131319,10131318_rev
collapsed_2286383_2286413_2287092,5646840_rev,14954714,5646807_rev,14954715
collapsed_12398855_2281565_12416649,5641647_rev,10068748
collapsed_2284331_2284599_2284265,5644841,5644552_rev
collapsed_15606417_45162371_45162385,11667376,11667341_rev
collapsed_45162320_45162321_45162317,11669165,11669164_rev
collapsed_45162321_45162317_45162324,11669165,11669164_rev,11669167
collapsed_45162231_45162229_45162232,11669068_rev,11669069
collapsed_45162317_45162324_15614928,11669165,11669164_rev,11669167,11669154_rev
collapsed_18767853_45162384_45162370,11667384_rev,13254122
collapsed_45162354_45162355_12599780,10139463,10139465_rev
collapsed_45162355_12599780_54741687,10139463,10139465_rev,10139464
collapsed_12599780_54741687_45162351,10139463,10139465_rev,10139464,10139468_rev
collapsed_45162349_45162351_2302642,10139467,10139466_rev
collapsed_45162351_2302642_54741687,10139467,10139466_rev,10139463,10139465_rev,10139464,10139468_rev
collapsed_45162238_45162239_15614810,11669090,11669089_rev
collapsed_45162239_15614810_65976611,11669090,11669089_rev,11669096
collapsed_45162235_18836109_18836106,13271155,11669071_rev
collapsed_45162446_39156759_45162450,11654031,11654030_rev
collapsed_45162366_45162369_45162361,11734468,11734467_rev
collapsed_45162369_45162361_45162372,11734468,11734467_rev,11734469
collapsed_45162293_45162292_57654787,10095103,11669151_rev
collapsed_45162292_57654787_45162290,10095103,11669151_rev,10095104
collapsed_45162268_45162269_15614863,10095097,11669142_rev
collapsed_45162269_15614863_45162272,10095097,11669142_rev,10131306
collapsed_2292181_2292211_2292125,5653045,5653022_rev
collapsed_45162232_45162229_45162233,11669068_rev,11669069,11669308
collapsed_45162290_57654787_46256056,10095103,11669151_rev,10095104,10095105
collapsed_45162450_39156759_44927618,11654031,11654030_rev,13254174
collapsed_45162341_45162346_45162331,11734455_rev,16224850
collapsed_45162233_18836106_45162229,11669307,11669068_rev,11669069,11669308
collapsed_45162373_45162377_45162372,11734473,11734470_rev
collapsed_45162377_45162372_69253099,11734473,11734470_rev,11734474
collapsed_45162281_45162280_45162282,10095100_rev,10095101
collapsed_45162282_45162280_39156618,10095100_rev,10095101,11669285
collapsed_45162466_45162438_45162467,10100671,10100670_rev
collapsed_45162467_45162438_39157670,10100671,10100670_rev,11666139_rev
collapsed_45162347_15745505_45162352,11736321_rev,10095917
collapsed_45162372_69253099_45162361,11734473,11734470_rev,11734474,11734468,11734467_rev,11734469
collapsed_45162498_45162499_15602092,10095672,10096109_rev
collapsed_45162499_15602092_45162500,10095672,10096109_rev,10095673
collapsed_15602092_45162500_15602094,10095672,10096109_rev,10095673,11666229
collapsed_45162501_15602097_45162500,10096110,10095674_rev
collapsed_15602097_45162500_54741609,10096110,10095674_rev,11666228
collapsed_45162493_45162492_2332391,10133954,5698103,10144020,10144018
collapsed_45162492_2332391_15602088,10133954,5698103,10144020,10144018,10144019
collapsed_2291015_2290992_2291043,5651759,5651785_rev
collapsed_2290992_2291043_53890085,5651759,5651785_rev,19202571
collapsed_2288538_2288802_2288378,5649401_rev,5649126
collapsed_2306582_2306747_64807944,5669545_rev,5669358_rev,21914804
collapsed_2302627_45496092_39158562,14366335_rev,5664703
collapsed_2316564_45496095_45496097,16665843_rev,16665845
collapsed_2299709_2299711_2299778,5661326_rev,5661398
collapsed_2287515_35927293_2287734,5648023_rev,14410854,5648252_rev
collapsed_2285485_2285022_39156582,5645838_rev,5645973
collapsed_2290151_2290124_2290248,5650838_rev,5650943
collapsed_45749878_2281757_45749879,5641963,5641978_rev,5641953,5641987_rev
collapsed_2302409_2302716_2301591,5664814,5664448
collapsed_2320414_12516465_62828956,5685213_rev,11580881
collapsed_2337457_2337489_62808506,5703657_rev,5703623
collapsed_2329630_2329449_2330044,5695281_rev,5695682
collapsed_2320707_2320737_2320695,5685543_rev,5685513
collapsed_2317748_2317324_47443595,5682094,17205446_rev
collapsed_2334379_2334382_54741615,5700203,5700198_rev
collapsed_2334382_54741615_2334393,5700203,5700198_rev,5700217
collapsed_45696271_45696272_35058383,14292913,14292914_rev
collapsed_45696281_44927618_45696280,13254226_rev,16685512
collapsed_12516465_2320631_62828956,5685428_rev,5685213_rev,11580881
collapsed_2278173_45603281_2278212,5638084_rev,5638132
collapsed_2301014_2301082_2300842,5662949,5662861_rev
collapsed_2318669_45902599_2318766,5683142_rev,5683263
collapsed_45902597_45902596_2314836,16704794,16704791
collapsed_2283314_46165940_2283105,5643715_rev,5643484
collapsed_46165945_2283915_2283532,5644098_rev,5643877
collapsed_45632509_41535449_41535449,16680059_rev,16680060
collapsed_2294962_45902572_2295013,5655967_rev,5656030
collapsed_2294789_45902572_2294737,5655867,5655785_rev
collapsed_2282099_2281940_2282291,5642211,5642409_rev
collapsed_2282846_2283105_2282685,5643266,5643002_rev
collapsed_2282480_2282685_2282291,5642812_rev,5642601
collapsed_2281691_2281940_2281535,5642043_rev,5641785
collapsed_2289587_46166001_2289297,16752467_rev,5650225
collapsed_35077306_46165923_15339193,16752469,14294647_rev
collapsed_2282596_46165924_54168673,16752471_rev,19232856
collapsed_45749879_2281757_2281920,5641963,5641978_rev,5641953,5641987_rev,5642005_rev
collapsed_45793827_37517221_45130530,14310528,14310527_rev,5681761,5681149_rev,14310519,14310524_rev
collapsed_45793832_15747882_45793834,11737540_rev,10128109,10128108
collapsed_45793834_15747882_51580970,11737540_rev,10128109,10128108,10128107
collapsed_2313892_45624727_45624721,16679624,16679627_rev
collapsed_45753727_15606561_45753725,5683132,16691061_rev
collapsed_15606561_45753728_45753725,5683131,5683132,16691061_rev
collapsed_45753739_45753730_45753738,16691063_rev,16691077_rev
collapsed_2323034_2323230_2323101,5688425,5688285
collapsed_2326046_2326013_2326073,5691557_rev,5691589
collapsed_2328379_46064407_2329276,5694032,5694945
collapsed_16449566_15339543_70680992,5706895_rev,10212736
collapsed_2279970_2279936_2279976,5639996_rev,5640005
collapsed_46054794_2322489_2321955,5687573_rev,5687122
collapsed_2328132_2326992_2328361,5693784_rev,5694018
collapsed_45845362_2280971_45845361,5640922,5641024,16699677
collapsed_45877256_45877254_45877255,16702580,16702583_rev
collapsed_46054632_46054631_46054630,16724978_rev,15692069_rev
collapsed_2328741_2328774_2328720,5694428,5694391_rev
collapsed_46093324_2335493_2334920,5701374_rev,5701267
collapsed_2304595_2304578_72122954,5667058_rev,5667116
collapsed_46165895_46165902_46165894,16752263,16752265_rev
collapsed_46165899_46165892_46165905,16752275_rev,16752277
collapsed_46165922_2282102_46165921,5642214_rev,16752290_rev
collapsed_46165920_2282153_46165915,16752284_rev,16752292_rev
collapsed_46172801_46172800_46172800,16754598_rev,16754599
collapsed_2273368_46165867_60520542,5633264_rev,5633196
collapsed_46166088_2294758_54168702,5655744,19232840
collapsed_46166052_2292354_46166048,5653188,16752185
collapsed_2291052_46166042_2291074,16752182_rev,5651812
collapsed_2273642_46165868_60520544,5633532,5633477_rev
collapsed_2272306_46165858_2272217,5632183_rev,5632101
collapsed_2272398_46165858_2272719,5632188,5632344,5632503,5632313
collapsed_2293733_46166084_2293694,16752153,5654641_rev
collapsed_46166079_2294301_46166077,5655248_rev,16752158
collapsed_46166031_2290522_46166030,5651239_rev,16752382
collapsed_2284674_2284598_2284783,5644937,5645070_rev
collapsed_2280423_46063141_2280388,5640471_rev,5640472
collapsed_46165957_46165956_46165958,16752373_rev,16752377
collapsed_46166037_2291246_46166035,5652005_rev,16752340_rev
collapsed_46166036_2290501_46166035,16752338,16752342_rev
collapsed_46166034_2290366_46166035,5651134,16752339
collapsed_46166033_46166035_2289124,16752341_rev,5651119
collapsed_2328113_46378615_2327963,5693892_rev,5693767
collapsed_46378601_2325367_46378604,14429594,14429703,14429702
collapsed_46233562_2284573_46233563,16758745,16758749_rev
collapsed_19700869_46300955_46335627,16768263,13404912_rev
collapsed_45104834_46329050_18767837,13254142,5646651_rev
collapsed_45845325_45845326_45845324,5638966,5638942_rev
collapsed_45845360_45845361_2280031,16699642_rev,5640671
collapsed_46055672_2321470_2321095,16725100_rev,16725101
collapsed_45845337_2279509_45845335,5639499_rev,5639187
collapsed_2330093_54065872_54065873,17030280_rev,19923499_rev
collapsed_46233619_46233620_46233618,16758847_rev,16758848
collapsed_18742332_12517947_46233468,13247804_rev,13247808
collapsed_39160267_46233421_68737307,10096835,22747022_rev
collapsed_2278838_46255909_2278877,16761242,5638821_rev
collapsed_46255971_46255970_69123825,16761024,5648386_rev
collapsed_46255929_46255930_46255931,16761109,16761112
collapsed_46233518_46233524_46233519,16758646,16758649
collapsed_46233524_46233519_46233523,16758646,16758649,16758647
collapsed_46233519_46233523_46233531,16758646,16758649,16758647,16758652
collapsed_46233624_46233625_2293462,16758840,5655415_rev
collapsed_7699889_2294401_54183371,6289430,16758831_rev
collapsed_2294401_54183371_46233621,6289430,16758831_rev,5655357
collapsed_13712781_46255857_13712786,16761200_rev,10418455
collapsed_46295644_2313270_46295647,16766626,16766627_rev
collapsed_46295647_2313270_15747801,16766626,16766627_rev,11737484
collapsed_46295643_46295641_46295645,16766628,16766629_rev
collapsed_46255850_2274437_48834699,5634276_rev,11679772
collapsed_46328971_46328973_46328970,5652269_rev,5651976
collapsed_46233566_18818363_2285035,16758823_rev,5645359
collapsed_46233580_46233579_46233581,16758826_rev,16758829
collapsed_46233581_2288811_46233579,16758828,16758826_rev,16758829
collapsed_46233628_46233631_46233623,5656151_rev,5655695_rev
collapsed_2296177_46233631_2296446,5657296_rev,5657617_rev
collapsed_15538433_15538434_15538438,11652894,11652892_rev
collapsed_46295653_46295656_51718724,16766603_rev,16766598
collapsed_45130432_46295646_2313150,10086992_rev,5677107
collapsed_46328989_44884683_46328986,16630191,16630168_rev
collapsed_46233623_46233622_46233631,16758833_rev,5656151_rev,5655695_rev
collapsed_2293462_46233625_2293124,16758840,5655415_rev,5654150_rev,5654360
collapsed_15634838_46233632_15634836,16758836_rev,11680126
collapsed_15538443_15538447_15538446,11652905_rev,11652907
collapsed_7699906_15745475_52905375,10095947,6291334_rev
collapsed_2295242_46329000_2295659,5656502,5656707
collapsed_46255938_2283825_46255940,5644409_rev,16761010_rev
collapsed_46255955_2286335_46255952,5646763,16761344_rev
collapsed_15633977_46255914_2279378,11679727_rev,5639433
collapsed_46255912_2278866_46255910,5638858_rev,16760978_rev
collapsed_46255902_46255897_46255910,16760980,16760979_rev
collapsed_46255897_46255910_51578572,16760980,16760979_rev,18434407
collapsed_46256061_45162296_46256060,10095112,16761136_rev
collapsed_45162296_46256060_45162297,10095112,16761136_rev,10095113
collapsed_46256056_57654787_46256060,10095103,11669151_rev,10095104,10095105,16761135
collapsed_46256070_45902573_46256068,5655986,16761290_rev
collapsed_46255917_2279627_46255916,5639689_rev,16761128_rev
collapsed_46255860_46255859_46255861,13271169,16761143_rev
collapsed_46255859_46255861_46255858,13271169,16761143_rev,13271170
collapsed_39156526_46255861_18836106,16761142,11669072_rev
collapsed_46255861_18836106_46255858,16761142,11669072_rev,13271169,16761143_rev,13271170
collapsed_46255858_18836106_60007643,16761142,11669072_rev,13271169,16761143_rev,13271170,13271171
collapsed_15747854_15747848_46299131,11737457,11737467
collapsed_46328978_46328984_46328975,5653905_rev,5653353
collapsed_46328975_46328968_46328984,5652735_rev,5653905_rev,5653353
collapsed_46233597_46233599_2289382,16758812,5650080_rev
collapsed_2288833_46233586_46233592,16758792_rev,16758786
collapsed_46233598_46233595_2289555,16758813_rev,16758810_rev
collapsed_46233593_46233600_46233596,16758802,16758807_rev
collapsed_2280331_2280538_2279966,5640588_rev,5640366
collapsed_46255919_46255918_2279966,16761131,5640059_rev
collapsed_46255922_46255918_2280604,16761132,16761134_rev
collapsed_45104805_46255874_15614801,11669082,11669081_rev
collapsed_46255874_15614801_57773919,11669082,11669081_rev,13247911
collapsed_2289400_46233594_46233601,5650033_rev,16758779
collapsed_46256062_46256060_46256063,16761137_rev,16761140
collapsed_46233604_46233603_56995187,16758778_rev,10096048
collapsed_46233616_46233615_46233617,5651036,5651145_rev
collapsed_46233608_46233609_56995188,16758783,16758785_rev
collapsed_46256033_46256035_46256037,16761092_rev,16761093
collapsed_46256028_46256035_46256018,16761096_rev,16761097
collapsed_46255937_46255936_2284832,16761116,16761106_rev
collapsed_46255927_46255925_46255931,16761114,16761113_rev
collapsed_35058407_2321649_2320915,5686571,5686015_rev
collapsed_12511639_46255950_2286122,16761318_rev,5646556_rev
collapsed_46255976_72813402_46255972,21369056,16761309_rev
collapsed_46255969_46255967_2287417,16761316_rev,5647989_rev
collapsed_46255961_2287066_57249650,16761326,16761335_rev
collapsed_46256031_15512905_46256027,16761060_rev,16761061
collapsed_46256021_46256022_46256015,16761066_rev,16761067
collapsed_46256023_46256017_46256024,16761086_rev,16761087
collapsed_2278877_46255911_46255909,16761252_rev,16761242,5638821_rev
collapsed_46233532_72814647_65955158,5644113_rev,5643427
collapsed_46301338_41526811_41526817,16768577,16768576_rev
collapsed_2305873_46216854_2306196,5668548_rev,5668909
collapsed_2305797_2305802_2305461,5668500_rev,5668463
collapsed_46335598_57786634_57786631,20230959_rev,16774186
collapsed_2335120_2334797_2335312,5700995_rev,5701191
collapsed_46334772_2321601_2321966,5686726,5686959_rev
collapsed_46335585_46335586_46335584,14294700_rev,14294701
collapsed_2322755_2322724_2322785,5687881_rev,5687917
collapsed_16134289_46334619_61874136,16774137_rev,21350678
collapsed_46255974_2287195_46255975,5648532,16761019_rev
collapsed_46256000_46255997_46256002,16761027,16761031_rev
collapsed_46255997_46256002_46255996,16761027,16761031_rev,16761035
collapsed_46335615_46335617_56676588,11749066_rev,5679025
collapsed_46335572_46335573_46335571,11667269,10094950_rev
collapsed_46256059_2291352_57655194,16760985_rev,20208954_rev
collapsed_46335574_46335575_54474745,6289385,11667277_rev
collapsed_46335620_2315033_46335619,5679131_rev,10100626
collapsed_46335567_21750965_57498479,5650774_rev,5650721
collapsed_46304932_46304934_18393045,16769364_rev,16769365
collapsed_46335630_46335629_46335632,11608891_rev,11633649
collapsed_2300633_2300440_2300725,5662432,5662545_rev
collapsed_13104893_14945270_45130892,11534971_rev,6289807
collapsed_2332933_54205812_68732580,19241839,19241847_rev
collapsed_2276543_2276547_2276515,5636441,5636437_rev
collapsed_2276547_2276515_2276658,5636441,5636437_rev,5636550
collapsed_2321435_2321788_2321283,6242407_rev,6242408,5686334
collapsed_2331802_2332215_2331670,5697922,5697512_rev
collapsed_2310436_2310470_2310401,5673897,5673856_rev
collapsed_2300528_2300566_2300454,5662355_rev,5662306
collapsed_2300823_2300744_2300967,5662657_rev,5662809
collapsed_2299856_2299051_46801045,5661497,5661498
collapsed_2319422_2319545_13098544,5684176_rev,5684037
collapsed_2320529_2320496_2320553,5685311_rev,5685340
collapsed_2352342_2352499_66465435,5719944,5719927_rev,18950617_rev
collapsed_2313034_2312877_2313222,5676829_rev,5677047
collapsed_2279512_2279564_2279460,5639556,5639504
collapsed_2315925_2315640_2316002,5680111,5680189
collapsed_2316056_2316074_2316002,5680270_rev,5680247
collapsed_2288050_2288085_2287992,5648619,5648575,5648551_rev,5648590
collapsed_2288085_2287992_2288097,5648619,5648575,5648551_rev,5648590,5648630
collapsed_2284992_2285013_2284794,5645335,5645318_rev
collapsed_2280722_46752426_70848224,16979670,23469606
collapsed_2323902_2323193_2324330,5689198,5689664
collapsed_2301840_2302192_2301552,5664217_rev,5663817
collapsed_2317659_2317483_2317830,5681986_rev,5682192
collapsed_46061496_46054627_46061497,16724979_rev,16725694
collapsed_2315493_2315708_2314991,5679866_rev,5679626
collapsed_46061498_46061499_46227973,16725814_rev,16757603
collapsed_2340003_55925620_55925621,5706508_rev,19842797
collapsed_46752428_2338208_53195040,16979653_rev,16979654
collapsed_2339332_2338984_2339437,5705742_rev,5705866
collapsed_2330666_2330617_66241697,5696343,22457464_rev
collapsed_7699895_7699896_2295484,6291494,6289436_rev
collapsed_7699896_2295484_2295520,6291494,6289436_rev,6289437
collapsed_2299365_2299663_2299088,5661268_rev,5660914
collapsed_2305760_2305749_45162370,5668420_rev,5668434
collapsed_2286654_2286630_2286670,5647118_rev,5647137
collapsed_2294359_2294238_2294447,5655305_rev,5655405
collapsed_2291002_2290399_2290997,5651744_rev,5651747
collapsed_2337677_2337590_2337489,5703874,5704610_rev,5704677,5704676
collapsed_2337590_2337489_62808506,5703874,5704610_rev,5704677,5704676,5703780
collapsed_2304818_2304986_72122954,5667501,5667312_rev
collapsed_2291343_2291339_2291400,5652118_rev,5652179
collapsed_2292387_2292423_2292354,5653265_rev,5653230
collapsed_2290316_2290400_2289985,5651107,5651014
collapsed_2292358_2292342_2292382,5653195,5653224_rev
collapsed_2288427_2288275_2288702,5648992_rev,5649301
collapsed_46317569_2302051_56722471,5664062_rev,19923746_rev
collapsed_2309941_2309747_57786610,5673273_rev,20230872
collapsed_2296392_2295867_2296304,5657546,5657603_rev
collapsed_2308626_2309169_2308569,5672394,5671725_rev
collapsed_2290669_2291198_2290263,5651943_rev,5651403_rev
collapsed_41660466_41660468_15538440,11652913,11652911_rev
collapsed_2311630_2311639_2311527,5675210_rev,5675201
collapsed_2311638_2311715_2312248,5675298_rev,5675913
collapsed_2328726_66402676_2328061,5694617_rev,5694377
collapsed_2323054_2323007_2323223,5688233_rev,5688421
collapsed_2324925_2324756_2325626,5690305,5691096_rev
collapsed_2323223_2323007_2323283,5688233_rev,5688421,5688487
collapsed_13104894_2344506_2344081,5711452,5711426
collapsed_2307039_2307178_2307788,5670044_rev,5670734_rev
collapsed_2325626_2324756_2325699,5690305,5691096_rev,5691177_rev
collapsed_2323633_2323564_2324291,5688901,5689625_rev
collapsed_46295665_46299131_48859689,11737468_rev,11737466_rev
collapsed_46334580_46334581_46334581,16774117_rev,16774116
collapsed_2293920_2293661_46233621,5654853,5655052_rev
collapsed_2327193_2327172_2327214,5692811,5692843
collapsed_2306818_2306857_2306806,5669662,5669621_rev
collapsed_2291183_2291178_2291200,5651929,5651946_rev
collapsed_2286164_2285774_2286526,5646579,5646962
collapsed_2321958_2322399_2321901,6304890,6304889_rev,6304891,5686948_rev
collapsed_2303391_72071266_72122947,23985763,5665633_rev
collapsed_2287044_2287380_2286758,5647875,5647524_rev
collapsed_2300805_2301269_54183403,5663150_rev,5662917
collapsed_46636839_2315609_2314880,5679753_rev,16954724,16954725
collapsed_2312173_2311833_2312318,5675827_rev,5675999
collapsed_2314140_2314046_2314185,5678061_rev,5678117_rev,5678168
collapsed_2308775_2307137_2309308,6302557,6302554_rev,14419211,5671907,5672555_rev
collapsed_46726836_2337804_2337089,16973961_rev,5704082
collapsed_46638606_2315730_58918806,5679975_rev,15515190
collapsed_41189079_41189077_58918804,15515185,15515187_rev
collapsed_2302356_2301850_2302466,5664163,5664074_rev,5664198,5664268,5664389,5664517
collapsed_2299752_2299743_2299795,5661375_rev,5661422
collapsed_46801050_46801053_46801048,16986308_rev,16986310
collapsed_2297023_2297759_2297068,5659080_rev,5658313_rev
collapsed_2298787_2299238_2298820,5660766_rev,5660276
collapsed_2292428_2292509_2292901,5653361_rev,5653772
collapsed_2306865_46457858_2306892,16769374_rev,5669708
collapsed_46761255_46761258_2321140,16981480_rev,5686083
collapsed_7700217_2352229_12274520,6289844,6291003_rev
collapsed_2352229_12274520_15339831,6289844,6291003_rev,5719662
collapsed_2292381_2292128_2292636,5653221_rev,5653494
collapsed_43870908_43870906_43870913,16230633,16230631_rev
collapsed_2286786_15339212_2286820,5647123,5647251_rev,5647288_rev
collapsed_7700038_46761261_2321933,6289621,6289622_rev,6291511
collapsed_46908005_46235678_2317483,16998283_rev,16998284
collapsed_47078813_47078811_47078814,16970464,16970463_rev
collapsed_7699884_47078830_2294525,6289425_rev,6289427,6291332_rev
collapsed_16240714_16240724_43678793,11770941,16205616_rev
collapsed_16240718_16240733_43678803,11770952,11770951_rev
collapsed_16240775_16240776_43678829,11770990_rev,16205613
collapsed_16240776_43678829_43678825,11770990_rev,16205613,17034455
collapsed_16240701_43678791_16240707,16205625_rev,11771005_rev
collapsed_16235376_16235375_16235377,11769145,11769146_rev
collapsed_39097580_39097577_45104868,15066988,15066986
collapsed_45753734_45753736_45753729,16691080,16691081_rev
collapsed_45753736_45753729_45753737,16691080,16691081_rev,16691074_rev
collapsed_35077335_16235411_16235388,11778340_rev,11778341
collapsed_2292217_2292277_2292172,5653122,5653050_rev
collapsed_2292277_2292172_2292327,5653122,5653050_rev,5653165
collapsed_18845606_46985646_53485204,5669222_rev,13272187
collapsed_46256065_2293426_57655199,5654316,20208961
collapsed_47055723_39158592_57401564,15068125_rev,11667291_rev
collapsed_2320220_2320959_2319146,5685797,5684974
collapsed_2318066_2318395_2317705,5682831,5682452_rev
collapsed_47056251_47056248_47056253,17022608,17022607_rev
collapsed_46304937_46989388_48494905,17011642_rev,17268401_rev
collapsed_2321132_2321569_2321008,5686481,5686008_rev
collapsed_2306806_2306857_2306755,5669662,5669621_rev,5669609_rev
collapsed_2353374_47150593_54205346,17030199,19239853_rev
collapsed_47150594_47150595_47150593,17030204,17030203_rev
collapsed_2317736_47443595_2317726,17205445,5682073_rev
collapsed_47445543_57249593_57249591,17205990,17205989_rev
collapsed_18725664_45162474_54754372,13244188,11666212_rev
collapsed_41188935_41188936_41188930,15515316,15515315_rev
collapsed_47392855_47392853_47392854,17199043,17198996
collapsed_47392853_47392854_47392850,17199043,17198996,17199044
collapsed_47392850_47392854_47392849,17199043,17198996,17199044,17198995_rev
collapsed_15599883_47392854_2361456,17198971_rev,11665375
collapsed_2361017_47392835_2361117,5728355,5728450_rev
collapsed_2290349_47620944_2290813,16752465_rev,5651553_rev
collapsed_47620937_46166001_2289373,17223330,17223329_rev
collapsed_2275430_2275387_2275766,5635305,5635653_rev
collapsed_47150482_12516497_54205171,17030288_rev,19239770
collapsed_12266981_47150489_45130765,17030290_rev,13254183
collapsed_47150480_2323908_2324451,17030292_rev,17030293
collapsed_47150479_2318199_2317944,17030299,17030298_rev
collapsed_46227972_46227973_60806182,16757605,21311665
collapsed_47394985_2298278_15614941,17199446,17199445_rev
collapsed_47651207_47651208_43913076,17225709,16231719_rev
collapsed_47651208_43913076_2317540,17225709,16231719_rev,16231720
collapsed_47651212_47651210_47651214,17225625_rev,17225626
collapsed_47150498_47150497_62808496,17030262,5695566
collapsed_47150549_2345233_2345825,17030174_rev,17030175
collapsed_47165482_2294366_46166081,5655315_rev,16752148
collapsed_47461428_2303634_2303975,17206472_rev,17206473
collapsed_2335702_47461360_2336149,17206458,5702130,5701794_rev
collapsed_47165474_2290283_47165472,5650976,17033684
collapsed_47165496_47165497_54205049,17033667,19240782_rev
collapsed_47165486_12516254_2294485,17033608_rev,17033609
collapsed_47165480_47165483_47165477,17033679_rev,17033677_rev
collapsed_47165476_2292803_59862344,17033613_rev,21067521
collapsed_47165470_46233607_46233614,17033617_rev,17033618
collapsed_48188261_41188525_2303038,17245126_rev,17245127
collapsed_47445622_45536696_44142043,17205997_rev,16262604
collapsed_44142043_45536696_45536696,17205997_rev,16262604,16670000_rev,16262605_rev
collapsed_48204938_2344888_2344506,17256726,17256725_rev
collapsed_48251464_2282087_2281564,17260806,17260807_rev
collapsed_2282087_2281564_2281623,17260806,17260807_rev,5642196
collapsed_48204937_2342253_2342365,17256744_rev,17256745
collapsed_48204947_14912489_54205344,17256751,19239851_rev
collapsed_2300820_2301387_2300776,5663284_rev,5662654_rev
collapsed_47773638_46328970_46328973,5651548_rev,5652270
collapsed_47651210_47651214_45130516,17225625_rev,17225626,16231680_rev,16231669
collapsed_47651214_45130516_43913118,17225625_rev,17225626,16231680_rev,16231669,16231670,16231672_rev,16231633,16231671_rev,16231636,16231637
collapsed_47159019_2292867_53856229,5653844,17032198_rev
collapsed_2301717_2301839_2301576,5663816_rev,5663659
collapsed_48824194_2302829_48824193,17477456,17477458_rev
collapsed_41621671_48824193_2302747,17477457,15702995_rev
collapsed_48824193_2302747_2302829,17477457,15702995_rev,17477456,17477458_rev
collapsed_48183766_48183767_48183768,17243699_rev,17243698
collapsed_48183748_48183749_48183747,17243672_rev,17243671
collapsed_48183745_48183746_48183744,17243669,17243670_rev
collapsed_48183763_48183762_48183764,17243676_rev,17243677_rev
collapsed_48183765_48183762_48183767,16257768,17243678_rev
collapsed_48829256_12526996_2348719,10100519_rev,5716117
collapsed_48859640_48859644_39399639,17483920,17483909_rev
collapsed_48859644_39399639_35936813,17483920,17483909_rev,14419155
collapsed_48204901_2306670_2306846,17256693_rev,17256694
collapsed_48216415_48216416_48216414,17258370,17258369_rev
collapsed_48859648_48859643_15538518,17483919,17483914_rev
collapsed_48859643_15538518_39399639,17483919,17483914_rev,14419152
collapsed_48859642_48859647_39399639,17483940,17483939_rev
collapsed_48859647_39399639_35936810,17483940,17483939_rev,11653157_rev
collapsed_48859651_39399642_48859657,5679463,17483924_rev
collapsed_15747843_48859672_62505604,5680591_rev,18915028_rev
collapsed_2288375_48231574_48231575,17259570,17259573_rev
collapsed_48204900_2305032_57742310,17256696_rev,20218140
collapsed_48834698_46255851_48834699,11679769_rev,11679764_rev,11679766
collapsed_46233571_46233570_2285909,16758822_rev,5646295
collapsed_48231677_2317105_2316561,17259371_rev,17259372
collapsed_48834717_12498147_48834718,17479905,17479906_rev
collapsed_48834718_12498147_48834719,17479905,17479906_rev,17479904_rev
collapsed_48231669_2316406_2316811,17259394_rev,17259395
collapsed_48204915_2324057_2323894,17256717,17256716,5689234_rev
collapsed_47775891_12380226_2314498,17236146_rev,17236147
collapsed_48231671_2316682_2316561,17259368_rev,17259369
collapsed_48231751_2331060_2331294,17259304_rev,17259305
collapsed_48231766_43913259_2334781,17259272,17259271_rev
collapsed_48231762_2334476_2334093,17259282,17259281_rev
collapsed_48871153_2318740_48871152,5683223_rev,5682908
collapsed_48204851_2287111_2287517,15539517_rev,17256626,17256627
collapsed_2340695_48183539_70680991,17243650,5707284_rev
collapsed_48183539_70680991_15339564,17243650,5707284_rev,17243651
collapsed_48204858_41660458_2289121,17256630,17256629_rev
collapsed_48231806_2345741_2346626,5712824_rev,17259254,17259255
collapsed_2313798_48794800_2313823,17472864_rev,5677760
collapsed_48794799_48794798_2313420,17472866_rev,5677361
collapsed_48204821_2283057_57854296,17256599,20233516_rev
collapsed_48253146_48253151_48253145,17261012_rev,17261001
collapsed_2277675_48216414_2277954,17258254,5637883,5637587
collapsed_49116932_49116931_49116931,17540816,17540818_rev
collapsed_2318223_45130640_2316594,5682871_rev,5682635
collapsed_48494905_46989388_46304936,17011642_rev,17268401_rev,17268400_rev
collapsed_49117375_2299366_35077308,17541052_rev,17541053
collapsed_49238477_2311443_2311308,17562852_rev,17562853
collapsed_2311308_2311443_2311040,17562852_rev,17562853,5674857
collapsed_49182517_2311195_2310626,17549365_rev,17549366
collapsed_2277653_2277066_2277609,5637562_rev,5637563
collapsed_2304927_2305035_66196698,5667559,5667706
collapsed_41188624_41188621_41188626,15515648_rev,15515643
collapsed_41188630_2304180_44217145,15515079_rev,15515080
collapsed_2304353_2304342_2304430,5666756_rev,15514894,15514893_rev
collapsed_2315943_14947574_15425127,5680327,11633621_rev
collapsed_2304585_35937102_2304697,5667047,5667167_rev
collapsed_50556095_2338062_15339518,5704242,18053002,5704307,5703920,18053003_rev
collapsed_41188680_35937104_35936561,15515600,15515601_rev
collapsed_41188626_2304210_41188621,15515644,15515648_rev,15515643
collapsed_2315621_36054159_57662085,5679771,20211140_rev
collapsed_2328511_2328339_2328547,5694162,5694195_rev
collapsed_2328357_2328587_2327580,5694231,5694015_rev
collapsed_2328572_2328664_2327478,5694305,19923488
collapsed_2328664_2327478_2328587,5694305,19923488,5694306
collapsed_2327580_2327404_2328587,5693229_rev,5694231,5694015_rev
collapsed_2327661_2327526_2327979,5693312_rev,5693629
collapsed_2287147_2287446_2286804,5647946_rev,5647640
collapsed_2326980_2326953_2327221,5692592_rev,5692855
collapsed_2327221_2326953_2327200,5692592_rev,5692855,5692856
collapsed_2310689_2310292_2310439,5674153_rev,5674154
collapsed_2311073_2311010_2311096,5674579,5674612_rev
collapsed_2311010_2311096_2310817,5674579,5674612_rev,5674501
collapsed_2311096_2311155_2310817,5674679_rev,5674579,5674612_rev,5674501
collapsed_41188639_2304430_57498561,15515077_rev,15515078
collapsed_2327385_2327149_2327462,5693013_rev,5693103
collapsed_2286902_2286855_2286916,5647369,5647388
collapsed_2287071_2286742_2287375,5647550,5647871_rev
collapsed_2310027_2310000_2310389,5673382,5673808_rev
collapsed_2310009_2310060_2309949,5673430_rev,5673359
collapsed_2311116_2311133_16538191,5674653,11870592_rev
collapsed_2310859_13098517_15348883,5674365_rev,11530310
collapsed_2310700_2310607_2310795,5674167,5674261_rev
collapsed_2310607_2310795_2310483,5674167,5674261_rev,5674060
collapsed_2310389_2310424_2310000,6304154,5673382,5673808_rev
collapsed_2349008_2348852_2349185,5716319,5716498
collapsed_48859646_12497881_48859656,10087669,17483907
collapsed_41188651_2304667_57498562,15515076_rev,15515635
collapsed_35352983_18742344_2286770,13247818,5647336_rev,5647250_rev
collapsed_2310460_15348881_2310424,11628373_rev,5673883
collapsed_2295976_2296603_2295792,5657798,5657090_rev
collapsed_2310723_2310558_2311016,5674193_rev,5674511
collapsed_2310795_2310943_2310483,5674432,5674167,5674261_rev,5674060
collapsed_2309949_2310060_2309872,5673430_rev,5673359,5673283
collapsed_2295819_2295824_2295792,5656909,5656903_rev
collapsed_2295827_2295652_2296484,5656915_rev,5657658
collapsed_2295916_2296025_2295754,5657136,5657022_rev
collapsed_49122175_2295875_2295069,5656972,5656282_rev
collapsed_2277356_2277609_23175255,5637505,5637272_rev
collapsed_2277711_2277772_2277148,5637698,5637626_rev
collapsed_2303977_15538486_56722494,5666319_rev,5666732
collapsed_14900020_14900023_14900019,11526434,11526433_rev
collapsed_14900022_2304301_14900024,5666939,11526431_rev
collapsed_2304952_2304925_2304950,5667465_rev,5667467_rev
collapsed_2352811_15339833_2353150,5720254_rev,5720579
collapsed_2305231_56722502_2305476,5667778,5668074_rev
collapsed_2305292_2305193_2305442,5667852,5668036_rev
collapsed_2349365_2349185_2349528,5716708_rev,5716901
collapsed_47078822_47078823_47078819,17025461,17025463_rev
collapsed_47078819_47078823_47078821,17025461,17025463_rev,17025462
collapsed_2327912_2327742_2327956,5693562,5693610
collapsed_2328295_2328275_2329001,5693956,5694692_rev
collapsed_50554265_2334970_2335109,18052462_rev,18052463
collapsed_50730521_2297272_50730520,5658836,5658835_rev
collapsed_35524107_2296130_2294504,5657250,5657104_rev
collapsed_2328503_2328266_2328687,5694150_rev,5694331
collapsed_2327536_2327303_2327485,5693179_rev,5693180
collapsed_2327620_2327584_2327405,5693270,5693269_rev
collapsed_2328143_2328201_2327957,5693860,5693792_rev
collapsed_2328236_2328216_2328266,5693894_rev,5693923
collapsed_2288901_2288947_2288797,5649545,5649499_rev
collapsed_2327674_2327424_2327485,5693326_rev,5693325
collapsed_45130756_2327164_2327013,6288399,6289668_rev,6288398
collapsed_15211731_2327114_2326983,11618634_rev,11618635
collapsed_2301001_2301468_2301269,5663363_rev,5663151
collapsed_2295028_2295057_2295579,5656080,5656626
collapsed_2295834_2295879_2296619,5656979,5657815
collapsed_16379351_2294280_47165477,6306159,17033610_rev
collapsed_2294280_47165477_2294485,6306159,17033610_rev,5655445
collapsed_43870907_16240803_43870906,11771055_rev,16230600
collapsed_2298064_2298073_2298048,5659409_rev,5659398
collapsed_2301468_2301269_2301761,5663363_rev,5663151,5663722_rev
collapsed_2293861_2294014_2293628,5654938_rev,5654775
collapsed_2297451_2297401_2296975,5658731_rev,5658730
collapsed_2297438_2296563_2297474,5658715_rev,5658757_rev
collapsed_2298288_2298091_2298172,5659852_rev,5659646
collapsed_2297474_2296563_57922241,5658715_rev,5658757_rev,5658756_rev
collapsed_2297603_2297590_2297629,5658898_rev,5658928
collapsed_2298048_2298073_2297590,5659409_rev,5659398,5659379_rev
collapsed_2294273_2294416_2294014,5655368_rev,5655215
collapsed_2297951_15634085_57922240,11679534_rev,5659276
collapsed_2295079_47165494_2295831,17033605,5656922_rev
collapsed_2294821_2294792_13098469,5655825,5655828_rev
collapsed_2295064_2294509_2295027,5656086,5656087_rev
collapsed_2294509_2295027_2294485,5656086,5656087_rev,5655472
collapsed_2296132_2296193_2296517,5657314,5657701_rev
collapsed_2296052_2296731_2295989,5657944,5657166_rev
collapsed_2293431_2293024_2293628,5654322,5654527_rev
collapsed_2295794_2295831_13095285,5656923_rev,5656876
collapsed_41227110_2301955_2301849,5664007_rev,5664008
collapsed_48248797_48248799_48914706,17260533,17260531
collapsed_52549331_52549330_52549333,5633860_rev,18715211
collapsed_48914706_48248799_57922230,17260533,17260531,17503457
collapsed_51572538_51204339_14947596,18433183,18433182_rev
collapsed_39158538_51979967_59862345,14715268,21067504_rev
collapsed_51979967_59862345_15634025,14715268,21067504_rev,14715266,14715265_rev
collapsed_2329935_2329899_2330134,5695561,5695781
collapsed_14947596_51204339_69334904,18433183,18433182_rev,13254209
collapsed_2322720_55977300_2322670,5688174,5687841
collapsed_2322920_2322892_2323195,5688060_rev,5688392
collapsed_2322987_2322933_2323128,5688141,5688319_rev
collapsed_52549326_2273578_63332487,5633416_rev,5633465
collapsed_2305110_2304974_2305193,5667645,5667740_rev
collapsed_51038524_51038523_2319832,18338009_rev,18338010
collapsed_51598674_51598670_51598673,18435096_rev,18435098_rev
collapsed_51195508_2321337_2322941,5686582_rev,5688085
collapsed_51580980_38507731_38507736,14960617_rev,14960618
collapsed_2273799_52549330_2273830,5633626_rev,5633658
collapsed_52549327_52549329_52549325,18715240_rev,18715239
collapsed_71901694_16449553_16595932,23975517_rev,23975518
collapsed_51524485_2333976_2334169,5699945_rev,5699985
collapsed_51580944_51580935_16288134,18434825,18434822_rev
collapsed_51580931_48859686_46295677,17483945_rev,16766634
collapsed_46295651_51718720_46295650,11737524_rev,16766630_rev
collapsed_51718713_51718715_51718711,5677151_rev,5676914
collapsed_51718714_51718712_51718716,18449827_rev,18449828
collapsed_51580968_2317757_2317725,18434849_rev,18434850
collapsed_51580930_12497950_16288114,18434851_rev,18434870
collapsed_51580919_16235430_35118086,18434853_rev,18434854
collapsed_35118086_16235430_12855323,18434853_rev,18434854,11778354
collapsed_51580969_35839273_2317757,18434855_rev,18434856
collapsed_51580974_35839276_2318400,18434857_rev,18434858
collapsed_51580976_2318517_51580977,18434859,18434883_rev
collapsed_54741600_2323514_2323217,19431978,19431977_rev
collapsed_71901880_2323719_54741602,23975723_rev,23975724
collapsed_71901881_45130738_2325112,13272198_rev,19239806,19239807
collapsed_51580951_2317066_2317533,18434826,18434819_rev
collapsed_51580922_51580962_12497938,18434863,18434862_rev
collapsed_51580962_12497938_14947581,18434863,18434862_rev,10087596
collapsed_51580936_16288104_51580946,11789148_rev,5681304
collapsed_51580940_15538517_51580950,11653167_rev,11653172
collapsed_51580941_2316367_2317066,18434868,18434829_rev
collapsed_51580943_15538518_15538528,18434869,18434828_rev
collapsed_52597979_2308762_52597984,5671892,18733892_rev
collapsed_71902120_2311148_71902122,20230947_rev,20230948
collapsed_71902150_2315999_2316045,20230927_rev,20230928
collapsed_71902152_71902153_65054123,20230952,21932399_rev
collapsed_51522242_39158625_51522239,11667172,18426342_rev
collapsed_51522204_2316257_51522205,5680523,18426330
collapsed_41189049_71902135_71902134,20230885,20230917_rev
collapsed_71902135_71902134_2314214,20230885,20230917_rev,20230886
collapsed_71902128_2313230_71902127,15514980_rev,20230887,20230931
collapsed_71902121_13098521_71902119,20230888,20230934_rev
collapsed_71902124_13098521_71902123,20230889,20230936_rev
collapsed_71902146_13098534_71902145,20230890,20230938_rev
collapsed_71902139_2314755_71902138,20230892,20230942_rev
collapsed_51598642_51598639_51598645,18435105,18435104_rev
collapsed_71902141_2315049_71902140,20230897,20230944_rev
collapsed_71902137_2314480_71902136,15514969,20230904_rev,5678508,20230946_rev
collapsed_71902133_2314214_2313704,20230905_rev,20230906
collapsed_71902122_13098521_2311148,20230907,20230947_rev,20230948
collapsed_71902126_13098521_71902125,20230908_rev,20230949
collapsed_71902132_2313704_2314214,20230909_rev,20230910
collapsed_71902131_2313704_43769363,20230914_rev,20230915
collapsed_51580952_15538528_15538535,18434827,18434818_rev
collapsed_51580938_51580948_15538517,11737330,11737329_rev
collapsed_51580948_15538517_15538536,11737330,11737329_rev,11737331
collapsed_51580975_2318517_2318400,18434830_rev,18434831
collapsed_51580971_2317793_2318159,18434841_rev,18434842
collapsed_51580972_2318178_2318039,18434844,18434843_rev
collapsed_51580973_2318178_2318260,18434846,18434845_rev
collapsed_51580949_2317309_2317053,18434848,18434847_rev
collapsed_71902134_2314084_2314214,15515146_rev,15515147,20230916,20230885,20230917_rev,20230886
collapsed_71902143_2315240_71902144,20230918_rev,20230919
collapsed_71902149_2316045_2315949,20230920_rev,20230921
collapsed_71902129_2313112_2313704,20230929_rev,20230930
collapsed_71902127_2313230_2313112,15514980_rev,20230887,20230931,20230932
collapsed_71902119_2311148_13098521,20230933_rev,20230888,20230934_rev
collapsed_71902123_2312310_13098521,20230935_rev,20230889,20230936_rev
collapsed_71902145_2315524_13098534,20230937_rev,20230890,20230938_rev
collapsed_71902138_2314634_2314755,20230941_rev,20230892,20230942_rev
collapsed_71902140_35197695_2315049,20230943_rev,20230897,20230944_rev
collapsed_57498643_71902136_57498642,20230945,15515210_rev
collapsed_71902136_57498642_2314480,20230945,15515210_rev,15514969,20230904_rev,5678508,20230946_rev
collapsed_51580955_12497961_12497965,18434808,18434807_rev
collapsed_51580956_12497963_12497967,18434809_rev,18434810
collapsed_51580960_12497966_12497972,18434811_rev,18434812
collapsed_51580963_12497984_51580924,10087658,18434861_rev
collapsed_51580953_12855350_12855357,18434814_rev,18434815
collapsed_51580954_12855350_12497965,18434816_rev,18434817
collapsed_51580950_15538536_15538517,11653173,11653167_rev,11653172
collapsed_51580946_16288135_16288104,5682206,11789148_rev,5681304
collapsed_51580961_16288131_16288136,18434820_rev,18434821
collapsed_71902125_13098521_2312310,20230908_rev,20230949,20230950
collapsed_51598659_51598663_51598656,18435085,13254231_rev
collapsed_51598679_51598677_51572542,18435102_rev,18435059_rev
collapsed_51580985_16141383_2319327,11749298_rev,5683905,11749295_rev,5684013_rev
collapsed_51580982_35839282_35839284,11749293_rev,11749290
collapsed_51580981_38507738_38507732,14960625,14960624_rev
collapsed_51580983_16141383_35839284,18434798_rev,18434799
collapsed_51580979_2318842_2319115,5683549,5683673_rev
collapsed_51580978_2318793_2319048,18434802_rev,18434803
collapsed_51580965_15747885_51580926,18434804_rev,18434860
collapsed_51580958_36055911_36055912,18434805_rev,18434806
collapsed_51578567_51578565_51578568,18434519_rev,18434518
collapsed_51598653_51598652_2322351,18435078_rev,18435077
collapsed_51598641_51598644_51598638,5685755,5685672_rev
collapsed_51598644_51598638_51598647,5685755,5685672_rev,5685973
collapsed_52220105_52220104_43634114,18671831_rev,18671785_rev
collapsed_2278432_51578590_2278590,18434414_rev,5638541
collapsed_51578566_51578569_51578564,18434486_rev,18434487
collapsed_51578574_51578572_51578576,18434502,18434503_rev
collapsed_2323246_2322939_2323291,5688440_rev,5688500
collapsed_71660767_71660766_2322491,5688003,5688002_rev
collapsed_51578570_51578568_65709371,18434520_rev,18434521
collapsed_51522211_51522212_2316693,18426325,5681012
collapsed_51522227_51522217_51522231,18426336_rev,18426346_rev
collapsed_51522226_51522217_51522229,18426337_rev,18426348_rev
collapsed_15462046_51522239_51522210,18426341,18426320_rev
collapsed_51578571_51578572_51578569,18434501_rev,18434500
collapsed_12500461_2325560_44927618,5691018_rev,13254173_rev,10089170
collapsed_2319843_45753738_15606566,5684541,5684542_rev
collapsed_47056260_52536826_47056259,18707372_rev,17022599
collapsed_47056262_47056264_47056261,11667259,11667260_rev
collapsed_52580298_52580299_52580301,18730439,18730440_rev
collapsed_52549325_52549329_2273326,18715240_rev,18715239,5633317_rev
collapsed_51572542_51598671_51598677,18435057_rev,18435102_rev,18435059_rev
collapsed_51598643_51598646_51598640,10089166,15689449_rev
collapsed_51598646_51598640_51598649,10089166,15689449_rev,13254201
collapsed_2301674_51717514_2301710,5663603_rev,5663650
collapsed_53383164_2325367_2324355,18936035_rev,18936036
collapsed_51038517_51038515_51038514,18338057,18338050_rev
collapsed_38484325_52820803_65180743,14958586,21948239_rev
collapsed_52820803_65180743_19055104,14958586,21948239_rev,5666763,5666567_rev,14958594_rev
collapsed_53227974_2301850_72652046,5663831,18905112,24008378
collapsed_33157201_33157200_15732688,5682024_rev,5683301
collapsed_39158633_45162440_2317940,5682220_rev,5682315
collapsed_48183773_48183771_48183772,17243700_rev,17243701
collapsed_53195040_2338208_2337986,16979653_rev,16979654,5704701
collapsed_51580959_2317600_35839262,5681919,14310651_rev
collapsed_51580957_39157635_35839262,16669523,16669522_rev
collapsed_47056252_47056250_47056254,17022596_rev,17022597
collapsed_48829266_48829267_48829265,17478531_rev,17478535
collapsed_51580942_52637717_2317283,18434839_rev,18434840
collapsed_2298226_52718808_62492299,18744043,21643676_rev
collapsed_2298303_52718808_52718807,18744044_rev,18744047
collapsed_49002809_49002806_49002810,17522934_rev,17522936_rev
collapsed_52905390_46335600_2311208,11667161_rev,5674721_rev
collapsed_2311208_46335600_2311217,11667161_rev,5674721_rev,5674753_rev
collapsed_52905393_45162438_45162440,10100664_rev,5682213
collapsed_52905392_46335617_46335619,11749065,10100629_rev
collapsed_52905375_15745475_54063174,10095947,6291334_rev,10095897_rev
collapsed_52905387_45162368_45162367,11736327_rev,11736332
collapsed_52905388_39158591_39158589,10100591_rev,10100592
collapsed_52905376_2297455_57436400,6289450,6306907_rev,11679824_rev
collapsed_52905378_45162322_23207591,15068474_rev,11679561
collapsed_52905362_15630649_2288811,6304650_rev,6289368,6305513_rev
collapsed_52905363_36037268_46255998,6306902_rev,10095118
collapsed_52905368_46335580_46335579,10094956,6306904_rev
collapsed_46335579_46335580_15634016,10094956,6306904_rev,11679707_rev
collapsed_52905348_45162237_39160277,10096797,15068457_rev,6306842
collapsed_52905351_39158513_46255914,10095009_rev,10095008
collapsed_52905354_45162251_39160279,10096800_rev,6289322,6306845_rev
collapsed_52905357_46255939_2284436,10095115_rev,6289347,6306901_rev
collapsed_53226552_46957598_46957600,18904522_rev,18904523
collapsed_52962838_2287960_52962837,18815837,18815840_rev
collapsed_2287960_52962837_2287977,18815837,18815840_rev,5648517
collapsed_52962846_52962844_2289556,18815848_rev,18815849
collapsed_15747129_53009915_2319419,11737353_rev,5684032
collapsed_45162448_53009915_12577902,14310490_rev,14310734,14310735_rev,14310613,14310614_rev,11737360
collapsed_53375733_2299134_70200568,18935878_rev,18935879
collapsed_2315252_53375816_2314930,5679485_rev,5679371
collapsed_54065876_13017973_54065879,19221117_rev,19221118
collapsed_54065879_13017973_13017977,19221117_rev,19221118,10357587
collapsed_54065878_2331520_56720257,5697213_rev,19923497
collapsed_54065874_54065873_56720257,19221121,19923498_rev
collapsed_53856270_53856274_53856264,19197189,19197190_rev
collapsed_53944622_2308744_2308776,19207832_rev,19207833
collapsed_53099647_48837325_60641003,18858868_rev,18858869
collapsed_53133739_2322668_2322625,5687853_rev,5687852,5687813
collapsed_2304674_2305035_57498560,5667558_rev,5667205
collapsed_51746750_52884419_55253426,18462952,18462949_rev
collapsed_54063150_18742350_54063149,19219965,19219967_rev
collapsed_54063144_12517977_54063143,19219962,19219964_rev
collapsed_54063143_12517977_54063142,19219962,19219964_rev,19219963_rev
collapsed_54063149_54063148_18742350,19219968,19219965,19219967_rev
collapsed_54063148_18742350_54063147,19219968,19219965,19219967_rev,19219966
collapsed_54063151_46166051_54063153,16752208,19219970_rev
collapsed_54063153_46166051_12516251,16752208,19219970_rev,19219969_rev
collapsed_54063152_36037272_54063154,19219971,19219973_rev
collapsed_54063155_15634008_54063154,19219972_rev,19219974
collapsed_54063154_36037272_15634008,19219971,19219973_rev,19219972_rev,19219974
collapsed_53768536_53768537_53768538,19171412_rev,19171410_rev
collapsed_54141494_54141498_54185454,19226128,10089162_rev
collapsed_54141497_54141498_54141496,19226129_rev,10089184
collapsed_53890085_2291043_53890084,5651759,5651785_rev,19202571,19202572
collapsed_53890084_2291043_2291573,5651759,5651785_rev,19202571,19202572,5652373,5651671_rev
collapsed_2282870_2281757_39156576,5643032_rev,5644074_rev
collapsed_53975246_2307336_53975251,19210098_rev,19210099
collapsed_54063190_54063189_54063188,15068130_rev,19220004_rev
collapsed_54063205_54063204_54063203,19220015_rev,19220019
collapsed_54063186_54063185_54063187,19220003_rev,19220005
collapsed_54063188_54063189_54063187,15068130_rev,19220004_rev,19220006_rev
collapsed_54063187_54063189_54063185,15068130_rev,19220004_rev,19220006_rev,19220003_rev,19220005
collapsed_54063194_16288143_54063193,19220007,19220008_rev
collapsed_54063193_16288143_54063195,19220007,19220008_rev,19220009_rev
collapsed_54063195_16288143_54063196,19220007,19220008_rev,19220009_rev,19220011_rev
collapsed_54063196_16288143_12497990,19220007,19220008_rev,19220009_rev,19220011_rev,19220010_rev
collapsed_54063197_41526802_54063198,19220012_rev,19220014
collapsed_54063198_41526802_41526810,19220012_rev,19220014,19220013
collapsed_2299803_2300061_2301098,5661743_rev,15514940,5662966,15514941,5661430_rev
collapsed_53975253_53975251_53975255,19210097,19210057_rev
collapsed_53975248_2307430_53975256,19210063_rev,19210061
collapsed_54063168_15634062_54063167,19219983_rev,19219985
collapsed_54063166_39158543_54063167,19219984,19219986_rev
collapsed_54063167_15634062_39158543,19219983_rev,19219985,19219984,19219986_rev
collapsed_54063200_16141413_54063203,19220018,19220021_rev
collapsed_16141413_54063203_54063199,19220018,19220021_rev,19220016
collapsed_54063202_54063203_54063201,19220020_rev,19220017
collapsed_54063169_39158546_54063170,19219988_rev,19219990
collapsed_54063173_54063172_54063175,19219991,19219992_rev
collapsed_54063172_54063175_44884697,19219991,19219992_rev,16630205
collapsed_54063175_44884697_54063177,19219991,19219992_rev,16630205,19219994_rev
collapsed_54063177_44884720_44884697,19219993_rev,19219991,19219992_rev,16630205,19219994_rev
collapsed_54063180_54063179_57436403,19219997,20177024_rev
collapsed_54063179_57436403_54063178,19219997,20177024_rev,19219998_rev
collapsed_54063178_57436403_39158557,19219997,20177024_rev,19219998_rev,19219996_rev
collapsed_54063184_15745505_54063183,19220000,19220002_rev
collapsed_54063183_15745505_54063182,19220000,19220002_rev,19220001_rev
collapsed_53485200_2304067_41188571,18949640_rev,18949641
collapsed_41188571_2304067_57498542,18949640_rev,18949641,15515710
collapsed_53487866_53487867_53487865,18950578,18950579_rev
collapsed_53487873_53487872_62793368,18950613,18950612_rev
collapsed_53487860_53487861_2351115,18950538,18950624_rev
collapsed_53487913_53487911_53487915,18950523,18950590_rev
collapsed_53487911_53487915_53487909,18950523,18950590_rev,18950524
collapsed_15614926_53856230_57654789,19196178,11669152_rev
collapsed_53856233_2296342_2296063,19196180_rev,19196181
collapsed_7699946_53856275_7699945,19196188_rev,6289496
collapsed_53487862_2351115_53487863,18950511,18950537_rev
collapsed_53487893_53487891_53487894,18950529,18950528_rev
collapsed_7700210_53487871_7700209,6289837_rev,6291743
collapsed_53487896_53487895_53487898,18950484_rev,18950487
collapsed_53487899_53487897_53487900,18950485_rev,18950486
collapsed_53487902_53487901_53487903,18950488_rev,18950489
collapsed_53487914_53487912_53487915,18950491,18950492_rev
collapsed_53487908_53487907_53487909,18950493,18950494_rev
collapsed_53487921_53487922_53487920,18950495,18950496_rev
collapsed_53487924_53487923_53487925,18950497,18950498_rev
collapsed_53779411_53779412_53779409,19175647_rev,19175648
collapsed_53487869_53487867_62793368,18950474_rev,18950460
collapsed_41922163_53847566_2315675,11628369,11628368_rev
collapsed_7700213_53487878_12274520,6289840_rev,6291360
collapsed_54183471_12868447_2322888,19235919,19235918_rev
collapsed_54183427_2310164_2311933,19235923,19235922_rev
collapsed_54183440_54183442_37428620,19236229_rev,14669322
collapsed_54168652_54168653_54168651,19233114,19233113_rev
collapsed_54168688_54168687_54168689,19233097,19233098_rev
collapsed_54168727_54168725_2297127,19232993,5658381_rev
collapsed_54168725_2297127_54168726,19232993,5658381_rev,19232992
collapsed_54168800_54168799_12516475,19233073,10095685
collapsed_54168799_12516475_54741598,19233073,10095685,19431954
collapsed_54168699_19389577_19389576,19232846,19232847_rev
collapsed_54168691_54168690_54168692,19232852,19232853_rev
collapsed_54168671_54168673_54168672,19232859_rev,19232858
collapsed_54168678_54168679_54168676,19232860,19232861_rev
collapsed_54168763_54168762_54168764,19232819,19232818_rev
collapsed_54168762_54168764_12914346,19232819,19232818_rev,19232820
collapsed_54168761_12914346_2307321,16788572_rev,16788571
collapsed_54168783_16502400_35090483,14429704,19232822_rev,11866970_rev,19232821_rev
collapsed_54168764_15425033_12914346,11633681_rev,19232817,19232819,19232818_rev,19232820
collapsed_54168685_54168684_54168686,19233280_rev,19233279
collapsed_54168682_54168683_54168681,19233281,19233282_rev
collapsed_54168697_54168698_54168696,19233307,19233308_rev
collapsed_54168696_54168698_2293233,19233307,19233308_rev,5654123
collapsed_54168874_54168873_2361029,19233258,5728681
collapsed_54168873_2361029_54168875,19233258,5728681,19233257
collapsed_54183406_12518049_46335583,19235943_rev,19235944
collapsed_54168793_54168792_54168791,19232757_rev,19232756
collapsed_54168767_54168768_2308285,19232764,19232762_rev
collapsed_54168768_2308285_57786526,19232764,19232762_rev,20230998
collapsed_54063124_13712775_46255856,19219940_rev,19219941
collapsed_54205990_43809828_43809839,19240785_rev,5661115,19240786_rev
collapsed_54205977_47165490_65709375,17033670,19241932
collapsed_54205972_47165483_54205974,17033678,19241938
collapsed_54141496_41526819_54141498,15689445,19226129_rev,10089184
collapsed_54141502_51572536_54141500,18433184,18383402_rev
collapsed_51572536_54141500_51204339,18433184,18383402_rev,18433181
collapsed_54141500_51204339_51598640,18433184,18383402_rev,18433181,18383401_rev
collapsed_54063201_16141415_54063203,10087805_rev,10087803,19220020_rev,19220017
collapsed_53526557_2304193_53526559,18962771_rev,18962777
collapsed_54205989_43809835_43809839,19241915,19241916_rev
collapsed_54205986_2296116_65694531,19241925_rev,19241929
collapsed_54205979_2295066_65709375,5656088_rev,19241933_rev
collapsed_54205063_54205065_54205061,19240102,19240099_rev
collapsed_54205065_54205061_54205062,19240102,19240099_rev,19240100
collapsed_7700037_45130712_2319923,6288389,6289620_rev,15886388_rev,15886389
collapsed_54063207_54063208_18767098,19220022,13254090_rev
collapsed_54063208_18767098_54063209,19220022,13254090_rev,19220023
collapsed_54063209_18767098_54063210,19220022,13254090_rev,19220023,19220024
collapsed_54063210_18767098_54063211,19220022,13254090_rev,19220023,19220024,19220025
collapsed_54063126_54063125_54063127,19219950,19219952_rev
collapsed_54063128_54063129_54063127,19219951_rev,19219953
collapsed_54063127_54063125_54063129,19219950,19219952_rev,19219951_rev,19219953
collapsed_54063133_54063134_54063132,19219954_rev,19219956
collapsed_54063132_54063131_54063134,19219955,19219954_rev,19219956
collapsed_46255871_54063136_2277305,16761209_rev,16761208
collapsed_54063212_54063213_54063211,19220028,19220026_rev
collapsed_54063213_54063211_18767108,19220028,19220026_rev,19220027
collapsed_54063123_15633961_57743605,19219942,19219946_rev
collapsed_54063122_15633962_57655181,19219943_rev,19219948
collapsed_54063120_46255853_57743605,19219944,19219947_rev
collapsed_45130704_54063204_45130703,11749273_rev,5686065
collapsed_54063199_63473308_54063203,11749270,11749269_rev,11749280,19220018,19220021_rev,19220016
collapsed_39357877_54063204_39357876,11749274,11749266_rev
collapsed_2315620_2315766_2315464,5679941,5679769_rev
collapsed_54205160_2325257_15732715,19239808_rev,19239809
collapsed_54205203_2336636_2336219,19239815,19239814_rev
collapsed_54205138_2319394_2320193,19239802,19239803_rev
collapsed_54205125_35123925_57401604,19239833_rev,19239834
collapsed_54205181_54205183_54205180,19240118_rev,19240120
collapsed_54205180_54205179_54205183,19240119,19240118_rev,19240120
collapsed_54205179_54205183_2332296,19240119,19240118_rev,19240120,5698004_rev
collapsed_54204939_39156547_39156548,19240685_rev,19240686
collapsed_54204948_2279564_2279204,11750482,11750483_rev
collapsed_54204952_2279766_2280735,19240692,19240691_rev
collapsed_54204964_57004421_57950257,19955074_rev,19240700
collapsed_54204999_2288686_2287891,19240706,19240705_rev
collapsed_54204998_2288699_2288324,19240708,19240707_rev
collapsed_54205034_54205032_54205037,19240048,19240052_rev
collapsed_54205037_54205038_54205032,19240049_rev,19240048,19240052_rev
collapsed_71979032_51223205_15538430,18391000,11679596_rev
collapsed_71979033_15538428_2296258,11652965,5657388_rev
collapsed_71979034_15538428_15634075,11679595_rev,11679628
collapsed_53975226_2293316_53975220,19210077,19210087_rev
collapsed_2293316_53975220_2292881,19210077,19210087_rev,5654196
collapsed_54205111_54205114_66402658,19240165,19240163
collapsed_54205114_66402658_54205116,19240165,19240163,19240166
collapsed_54205245_54205250_2341492,19240125_rev,19239842
collapsed_54205254_54205253_54205249,19240126,19240129_rev
collapsed_54205249_54205247_54205253,19240127_rev,19240126,19240129_rev
collapsed_54205020_2292978_41164186,19240715_rev,19240716
collapsed_54205168_54205169_54205164,19240143,19240145_rev
collapsed_54205295_2350432_18769104,19239847_rev,19239848
collapsed_54205361_54205363_70690394,19240135_rev,19239905_rev
collapsed_54205039_2295290_57436390,5656323,19240795_rev,19240794_rev
collapsed_54168726_2297127_2297003,19232993,5658381_rev,19232992,5658288
collapsed_54168798_2321742_54741598,5686740_rev,19431955_rev
collapsed_54168667_40834840_63739356,15369550_rev,19233330_rev
collapsed_54205061_2309694_54205062,5673031_rev,19240102,19240099_rev,19240100
collapsed_54168713_2296197_59839002,5657318_rev,19232991
collapsed_54168717_2296471_54168718,5657717,19232998_rev
collapsed_54168720_2296601_54168718,5657795_rev,19232999
collapsed_54205120_47150477_59862362,19239761_rev,19240164
collapsed_54205158_54314904_54314900,19257727_rev,19239811
collapsed_54205184_54205182_54205187,19240150_rev,19240151
collapsed_54168809_54168808_47150493,19232924,19232921_rev
collapsed_54168808_47150493_54168807,19232924,19232921_rev,19232923
collapsed_54063182_15745502_15745505,19219999_rev,19220000,19220002_rev,19220001_rev
collapsed_54168805_12516491_54741606,19232918,19233077_rev
collapsed_54168807_47150492_47150493,19232919_rev,19232924,19232921_rev,19232923
collapsed_54205105_15602031_66402658,19239766_rev,19240079_rev
collapsed_54205164_54205163_54205169,19240144_rev,19240143,19240145_rev
collapsed_47150518_12516565_47150519,10096094,17030238_rev
collapsed_12516565_47150519_15602130,10096094,17030238_rev,10096092,10096091_rev,10133957
collapsed_53487917_53487919_53487915,18950522_rev,18950589
collapsed_54204986_54168684_54204985,19240605_rev,19240609
collapsed_2286062_54204985_15633986,19240607,11679697_rev
collapsed_54205273_2342428_35499244,19240798_rev,19240799
collapsed_13163068_54183457_2315308,6289548,6289553_rev,6291506
collapsed_54204987_12516231_36054570,10096077,19239713,10096071,19239714
collapsed_36054570_12516231_60117923,10096077,19239713,10096071,19239714,5648186
collapsed_54183475_2323567_54183479,6304906_rev,19236260
collapsed_54183479_2323768_2323567,6304909,6304908,6304910,6304906_rev,19236260
collapsed_54205806_2278992_54205807,5639106,19241829_rev
collapsed_54474782_54474783_2294011,19298266_rev,5655061_rev
collapsed_39097558_54474781_54474780,15066976,11667410
collapsed_52905370_54183371_7699891,16758830,6305976_rev
collapsed_2326294_54205169_2326211,19239867_rev,5691848
collapsed_54474750_54474768_2291931,19298259_rev,11667408
collapsed_54205051_2299452_47165497,19240784,19240783_rev
collapsed_54205033_2294797_2294841,19240792_rev,19240793
collapsed_54205263_2342522_2341898,19240801_rev,5709307,19240800_rev
collapsed_54474779_54474781_45104847,15066975_rev,11667416
collapsed_54474792_45162332_47056247,5661682,5661750
collapsed_54474745_46335575_46335573,6289385,11667277_rev,11667270_rev
collapsed_54205297_2350432_54205296,5717882,19239846_rev
collapsed_54205176_23165043_54205172,13720323,19240081_rev
collapsed_54474742_36731190_36731185,11667431_rev,11667430,11667428,11667429_rev
collapsed_39097533_54474743_15614888,6289374,11669280_rev
collapsed_2289797_54205009_2289821,19240770_rev,5650494
collapsed_54287236_54287233_54287237,5662583,5662922_rev
collapsed_54287233_54287237_20005122,5662583,5662922_rev,5662381_rev
collapsed_54287253_2304412_54287251,5666827_rev,5666776,19254267_rev
collapsed_54205282_2345273_2345309,6289812,19239844_rev,6289813_rev,19239843
collapsed_54205296_2350378_2350432,19239845_rev,5717882,19239846_rev
collapsed_54168718_2296471_2296601,5657717,19232998_rev,5657795_rev,19232999
collapsed_54287238_36731789_36731789,19254255_rev,19254256
collapsed_54287252_16347656_54287248,19254257,19254269_rev
collapsed_16347654_54287244_54287242,19254259,19254272
collapsed_54205059_54205060_54205058,19239821_rev,19239822
collapsed_54205121_2317336_54205123,5681831,19239830_rev,19239900_rev
collapsed_54168866_54205355_56670915,19232972,19232973_rev
collapsed_54205355_56670915_70690384,19232972,19232973_rev,5727452_rev
collapsed_54741587_2315205_2315538,5679641,5679674_rev
collapsed_54741580_2297450_2297402,5659294,5658808_rev,13305012
collapsed_54677627_46334621_46334619,16774139_rev,16774138
collapsed_54677632_45162427_2315613,5680211,5680005_rev
collapsed_54741583_2297617_2298151,19431952_rev,19431953
collapsed_54741626_2336832_2337267,19431979_rev,19431980
collapsed_54741622_54741621_54741623,19431982_rev,19431981
collapsed_2315538_2315205_2315232,5679641,5679674_rev,5679673_rev
collapsed_54741688_54205058_2304185,19240115_rev,5666615_rev
collapsed_54741621_54741623_54741620,19431982_rev,19431981,19239812_rev
collapsed_54741578_54741576_54741579,19432025,19432026_rev
collapsed_54741579_54741577_54741576,19432024_rev,19432025,19432026_rev
collapsed_54741593_2315899_2315402,5680157,5680169_rev,5680168_rev
collapsed_54741597_2317793_2317757,19431970_rev,19431971
collapsed_54741589_2315439_2315763,5679751,5679672_rev,5679840,5679936
collapsed_54741595_12526958_12526955,19431968_rev,19431969
collapsed_54741596_2317598_57401603,19431973,19431972_rev
collapsed_2317598_57401603_2317250,19431973,19431972_rev,5681918
collapsed_47150477_59862362_2317664,19239761_rev,19240164,5682025
collapsed_54741613_54741614_54741612,6289727,13244206_rev
collapsed_54741614_54741612_54741617,6289727,13244206_rev,6289728
collapsed_54741617_54741612_54741616,6289727,13244206_rev,6289728,6288401
collapsed_54741616_54741612_54741618,6289727,13244206_rev,6289728,6288401,6289729
collapsed_54741615_54741618_2334393,6289730_rev,5700203,5700198_rev,5700217
collapsed_2323514_2323217_2324114,19431978,19431977_rev,5689438
collapsed_2335590_54741620_59862368,5702044,21067557_rev
collapsed_2322399_2321901_2322731,6304890,6304889_rev,6304891,5686948_rev,6304894
collapsed_54992520_12526915_12526915,11736355_rev,11736356
collapsed_54992519_54992516_54992517,19475642,19475643_rev
collapsed_54992512_52905386_54992513,11736411,19475637
collapsed_52905386_54992513_39160320,11736411,19475637,11736410
collapsed_41188986_41188989_41188984,15515264,15514746_rev
collapsed_54741689_54741690_54205060,19432124,19240114_rev
collapsed_54743460_54205071_54743461,19239818,5676597_rev
collapsed_54743280_2280548_2280608,19432508_rev,19432509
collapsed_55646854_2336212_2336044,19803091_rev,19803092
collapsed_55368578_2274024_2275386,19586913_rev,19586914
collapsed_55754836_2290740_2291215,19815254,19815253_rev
collapsed_55777070_55777072_55777069,19818899,19818810_rev
collapsed_55777072_55777069_55777071,19818899,19818810_rev,19818900
collapsed_39357876_55335511_54063204,11749271_rev,11749274,11749266_rev
collapsed_54674905_55335511_54674906,19402030,19402029_rev
collapsed_54754372_45162474_39157670,13244188,11666212_rev,11666210_rev
collapsed_38382160_55361580_54287247,14955591,19254262_rev
collapsed_2336118_55777078_2335981,19818817_rev,5702090
collapsed_55734548_15540818_55734546,19810167_rev,19810170
collapsed_2321202_55247617_2320705,19568450,5686079_rev
collapsed_55812571_42600952_55258586,15795763_rev,5683943_rev
collapsed_55126842_2314782_2314033,19527295_rev,19527296
collapsed_55253614_2331100_2330634,5696786,5696654_rev
collapsed_55253424_55253425_55253426,19569748,19569749_rev
collapsed_55253425_55253426_55253427,19569748,19569749_rev,19569750
collapsed_2305723_45162368_2305665,11736326,10095893_rev
collapsed_54674901_54674902_66268185,5683653,5683582_rev
collapsed_54674902_66268185_55335511,5683653,5683582_rev,11737542_rev
collapsed_2339748_55925620_2339471,5706416,5706227_rev
collapsed_54677620_45162371_45162370,5668457,5668455_rev
collapsed_55925556_55925557_55925544,19842827_rev,19842822
collapsed_2340167_55925622_55925616,5706790,19842766_rev
collapsed_54677635_2316499_66591697,10084804_rev,10084805,5680458
collapsed_55925570_55925567_55925568,19842830,19842829_rev
collapsed_55925560_55925558_55925566,19842860,19842859_rev
collapsed_54677615_47056253_47056259,17022606,17022598_rev
collapsed_54677617_47056256_47056261,11667244_rev,11667261
collapsed_2305823_45130341_2305954,5668493,5668630_rev
collapsed_56002156_56002154_56002155,19855543_rev,19855544
collapsed_55925569_38505419_2337987,11666158_rev,19842743,19842744
collapsed_56277696_56277697_52549351,19887028,19887029_rev
collapsed_41188556_52536823_2303207,15515720,15515719_rev
collapsed_2303809_2303632_41188602,5666115_rev,5666181
collapsed_41188602_2303632_41188599,5666115_rev,5666181,15515683
collapsed_55725619_2309615_2309945,5672905,5673278_rev
collapsed_55734544_44050956_66011819,16257803,10089106_rev
collapsed_44050956_66011819_55734547,16257803,10089106_rev,16257802
collapsed_55734547_55734549_66011819,19810169,16257803,10089106_rev,16257802
collapsed_55734546_15540818_55734545,19810167_rev,19810170,19810171_rev
collapsed_55734545_15540818_57436739,19810167_rev,19810170,19810171_rev,11661371_rev
collapsed_55754978_35279800_2306390,19815455_rev,19815456
collapsed_56541355_2318713_2319154,5683448_rev,5683721
collapsed_2320391_56541361_2320251,5685270_rev,5685158
collapsed_56541362_56541360_2320706,5685682,5685681
collapsed_55977272_55977269_55977273,19854302_rev,19854296
collapsed_2321613_55977264_16141434,19854260,11749082_rev
collapsed_55977292_55977295_45162473,19854262,11749089_rev
collapsed_2323666_55977317_2323642,5688943_rev,5688947
collapsed_55977283_55977302_55977286,19854271_rev,19854272
collapsed_2320408_55977250_16141411,19854291,11749078_rev
collapsed_55977322_2325258_2325080,5690676,5690487
collapsed_55977284_55977281_55977302,19854274_rev,19854281
collapsed_54677638_45162468_54063204,10087664_rev,11749272
collapsed_45130703_54063204_2320713,11749273_rev,5686065,5685884,5685803,5686023
collapsed_56722532_56722531_2308605,5671314_rev,5671702_rev
collapsed_56729530_14947500_56728012,19925580_rev,19925525
collapsed_56722540_56722541_2309320,5672715,5672636_rev
collapsed_56722541_2309320_2309513,5672715,5672636_rev,5672788
collapsed_56671066_2342443_56671067,5709332,14274817
collapsed_56722534_13098508_2308899,5671733_rev,5672082
collapsed_2309055_2309160_2308985,11769118_rev,5672257
collapsed_56722537_56722539_56722535,14294675_rev,14294676
collapsed_56671072_56671071_56671073,19918898_rev,19918900_rev
collapsed_15606389_12500415_12500413,10089183,10089180_rev
collapsed_12500415_12500413_45162371,10089183,10089180_rev,11667240
collapsed_39357701_56722515_15606408,5669164_rev,11667179
collapsed_56722514_56722515_56722511,5668619_rev,5668516
collapsed_56722511_56722515_18145878,5668619_rev,5668516,12958599
collapsed_56722476_39097566_15606370,11667380,11667377
collapsed_15348880_56722556_56722555,19923776,19923778
collapsed_56722556_56722555_14908608,19923776,19923778,19923775
collapsed_56722555_14908608_15348883,19923776,19923778,19923775,19923777
collapsed_55925696_2313148_2313203,19842974_rev,19842975
collapsed_56541352_2318713_45130661,14310480,14310479_rev
collapsed_56722488_2303534_56722489,5666033,19923753
collapsed_56722489_2303534_2304582,5666033,19923753,5667043_rev
collapsed_56722558_2310504_2311027,13292242_rev,13292243
collapsed_56541375_2337019_2336519,5703107_rev,5702600
collapsed_56722492_56722494_62921192,5666733,19923757
collapsed_56722519_15606406_2306446,11667182,10277583_rev,5669408_rev
collapsed_2307486_56722523_2307179,5670532_rev,5670384
collapsed_2307807_2308128_2307721,5671141_rev,5670762
collapsed_56722527_2308450_54474793,19923765,19923766_rev
collapsed_7699959_56722526_45130367,6289513_rev,6288368,6288370,6288371_rev,6288369,6288372_rev,6288373_rev,6289514_rev
collapsed_56541383_44986295_63332522,16639854,16639856_rev
collapsed_56541354_45130659_2319117,5683227,14310634_rev,14310473_rev,14310474_rev
collapsed_2321603_56583653_57600418,19914789,5686625_rev
collapsed_55977321_2324349_2324873,5690146_rev,5690249_rev
collapsed_2323270_55977300_2323144,5688470_rev,5688469
collapsed_56541374_2333576_2333734,5699335_rev,5699503
collapsed_46295650_51718719_51718720,11789161_rev,11737524_rev,16766630_rev
collapsed_51580970_15747885_15747882,11737553,10128111_rev,11737540_rev,10128109,10128108,10128107
collapsed_55933653_2338671_2338285,19848458_rev,5705013,19848459_rev
collapsed_2318197_54674897_15747885,5682829,11737539_rev
collapsed_54674897_15747885_45104888,5682829,11737539_rev,10087653
collapsed_17719765_17719762_56457100,5634688_rev,19904056
collapsed_56457108_56457105_59831007,10357698,19904035_rev
collapsed_56457105_59831007_56457102,10357698,19904035_rev,19904031
collapsed_56457103_56457107_56457100,5634832,19904055_rev
collapsed_56457107_56457100_59831005,5634832,19904055_rev,19904036
collapsed_56457099_17719762_56457102,10357701,19904032_rev
collapsed_56457119_13018417_59831009,5635390,21059140_rev
collapsed_56457102_59831007_17719762,10357698,19904035_rev,19904031,10357701,19904032_rev
collapsed_54677618_47055721_45104868,11667393,15066987_rev
collapsed_56630956_2276866_2276955,19917823_rev,19917824
collapsed_2319919_56390512_2319812,19897726,5684632_rev
collapsed_39332136_39332134_2306548,13272216_rev,13272217,13272215
collapsed_2308479_2308343_2308533,5671575,5671628_rev
collapsed_56720237_2329170_2329469,5694879,5695130_rev
collapsed_2329170_2329469_2328890,5694879,5695130_rev,5694832
collapsed_56720241_56720242_2329306,19923490,19923489_rev
collapsed_56720242_2329306_2329433,19923490,19923489_rev,5695105
collapsed_2328618_2329530_2328561,19923492,5694261_rev
collapsed_56720245_2329779_56720244,5695416,19923494_rev
collapsed_56720244_2329587_2329779,5695273_rev,5695416,19923494_rev
collapsed_14947511_56728021_56728028,19925561_rev,19925582
collapsed_56676598_56676599_2317049,10100651,5681772_rev
collapsed_56676595_56676596_2316688,10095744,5681003_rev
collapsed_2319251_56676608_2319270,5683829,5683852_rev
collapsed_56676608_2319270_56676604,5683829,5683852_rev,14331656_rev
collapsed_2330795_2331107_66241695,5696541,5696476_rev
collapsed_2331107_66241695_66241704,5696541,5696476_rev,5696870
collapsed_56728003_56728004_15742854,19925578,5663328_rev
collapsed_56728032_56728028_14947522,19925581_rev,5666727_rev
collapsed_14947496_56728008_14947493,19925575,5665578_rev
collapsed_56728008_14947493_14947498,19925575,5665578_rev,19925576
collapsed_14947498_14947493_14947500,19925575,5665578_rev,19925576,5665705
collapsed_56720263_2331768_56720264,19923505_rev,19923506
collapsed_56728022_56728016_56728027,19925536,19925532_rev
collapsed_56728040_14947523_56728042,11535454_rev,19925559
collapsed_56728053_56728055_56728042,19925545,19925558_rev
collapsed_14947501_56728015_56728010,19925550_rev,19925548_rev
collapsed_56728037_56728038_56728035,19925551,19925556_rev
collapsed_56728038_56728035_56728047,19925551,19925556_rev,19925557
collapsed_56728035_56728024_56728047,19925555,19925551,19925556_rev,19925557
collapsed_56676568_36731791_56676570,5662998_rev,5664185
collapsed_56676570_36731791_64907080,5662998_rev,5664185,21925321
collapsed_56676571_21628781_2302377,11895694_rev,11895695
collapsed_14947537_56728047_56728052,5667593,5667594_rev
collapsed_56676592_2316284_2315962,5680498,5680387_rev
collapsed_56720267_2332876_2331932,5698599,5697632_rev,5697907_rev
collapsed_15602088_2332391_12607544,10133954,5698103,10144020,10144018,10144019,10144021
collapsed_56720273_2331541_56720272,5698447_rev,10100570
collapsed_56720277_2334361_2333756,5700181,19923509_rev,5700018_rev
collapsed_56720270_2331622_2332949,5698344_rev,5698672_rev
collapsed_2273244_2273326_2273546,5633142,5633378_rev,5633241
collapsed_56670915_54168869_70690384,19232971_rev,19232972,19232973_rev,5727452_rev
collapsed_56720249_35118128_56720248,10357593,10357594_rev,10357598_rev,10357600_rev,14297760_rev
collapsed_56720201_15602050_12516476,11666226_rev,19923468_rev,19923467_rev
collapsed_56720213_2324353_2323619,5689689_rev,5689039
collapsed_56676613_2322102_2322121,5687183_rev,10096086
collapsed_13163075_2328652_62828966,5694291_rev,5693848
collapsed_2273635_2273681_2273620,5633515,5633470_rev
collapsed_56812086_56812085_56812088,19936449_rev,19936454
collapsed_56812088_56812087_56812085,19936455,19936449_rev,19936454
collapsed_2280786_2280805_2280778,5640880,5640858_rev
collapsed_2326137_56720224_2326039,5691815,5691677_rev
collapsed_56720224_2326039_2326428,5691815,5691677_rev,5692006
collapsed_56720216_2324174_56720215,19923480_rev,19923481
collapsed_2324108_56720215_2324086,5689482,5689428_rev
collapsed_56720218_2324509_2324370,5689829,19923482,19923483
collapsed_2324370_2324509_2324345,5689829,19923482,19923483,5689701_rev
collapsed_2302377_21628781_2304206,11895694_rev,11895695,5666588
collapsed_2279488_2279502_2279483,5639492,5639473_rev
collapsed_2298883_2299519_2298755,5661090_rev,5660353_rev
collapsed_56722616_2313813_2313719,5677748,5677722_rev
collapsed_2313813_2313719_2313903,5677748,5677722_rev,5677847
collapsed_56729298_56729297_62505615,16636826,16636825_rev
collapsed_56729297_62505615_56722643,16636826,16636825_rev,16636827
collapsed_56722643_62505615_56722640,16636826,16636825_rev,16636827,16636824
collapsed_35269352_56729299_56722666,14310690,14310712,5682412_rev,14310713
collapsed_56729299_56722666_35269306,14310690,14310712,5682412_rev,14310713,14310657,14310665_rev,14310675_rev
collapsed_56728052_56728047_56729538,5667593,5667594_rev,19925511_rev
collapsed_56722569_56722575_56722564,16253002,16253001_rev
collapsed_16235410_16235411_16235409,11769155,11769156_rev
collapsed_56729542_2306352_2305239,19926195,19926196_rev
collapsed_56729529_14947490_56729528,19926197_rev,19926198
collapsed_56729528_15538479_14947490,19925508,19926197_rev,19926198
collapsed_56729533_14947517_2304149,11535442_rev,5666519
collapsed_54677637_41622913_62505616,14430833_rev,14430832
collapsed_56722659_18890592_15538527,19923829_rev,19923828
collapsed_56722660_18890593_15538530,13275672,11653079_rev
collapsed_56722663_56722665_45130508,19923837_rev,5682020_rev
collapsed_56722669_2318640_56722667,6270167_rev,6270168
collapsed_56775814_56775815_2277799,19928448_rev,19928416_rev
collapsed_2305348_13098501_2305312,5667980,5667922_rev
collapsed_2303211_56728009_2302983,19925522_rev,5665419
collapsed_15742866_46801069_15742855,11734545_rev,11734546
collapsed_56728027_56728016_56729532,19925536,19925532_rev,19925538_rev
collapsed_56722458_56722459_2300746,19923735_rev,5662599
collapsed_56722459_2300746_72122935,19923735_rev,5662599,19923734_rev
collapsed_56722635_15747101_2315227,11737349,5679345_rev
collapsed_46957596_56722629_56722627,19923805_rev,19923807
collapsed_56722628_56722627_16316621,19923808,11796342
collapsed_56722633_56722631_46957597,19923809,16218047
collapsed_56722626_56722623_15493148,19923812,11583767_rev
collapsed_2315227_15747101_2315377,11737349,5679345_rev,5679503_rev
collapsed_56722466_2302747_2301999,5664856_rev,5664010
collapsed_2305747_2305675_2305816,10086856,5668487_rev
collapsed_2306086_2306098_2306345,6270155,5669082_rev
collapsed_2306098_2306345_2306353,6270155,5669082_rev,6270157
collapsed_56729534_15538490_14947520,19925507,19925542_rev
collapsed_56729538_2305312_56728047,19925509_rev,5667593,5667594_rev,19925511_rev
collapsed_56729537_56728057_56728051,19925515_rev,19925586
collapsed_56729541_56728057_56728060,19925516_rev,19925590
collapsed_13685900_2305667_2305763,10408315,10408314_rev
collapsed_56729535_14947524_2304500,19925579,19925524_rev
collapsed_56722668_2318116_56722670,6272398_rev,6272397_rev
collapsed_2306158_2306317_2305608,5669044_rev,5668860
collapsed_2311923_56722583_2311866,19923788,5675548_rev
collapsed_56722583_2311866_2311797,19923788,5675548_rev,19923789
collapsed_2311797_2311866_2311697,19923788,5675548_rev,19923789,5675393
collapsed_56722588_56722589_56722586,19923790_rev,19923791
collapsed_56722586_56722589_2311658,19923790_rev,19923791,5675576_rev
collapsed_45130659_56722670_2319117,14310633_rev,5683227,14310634_rev,14310473_rev,14310474_rev
collapsed_56722677_2319436_2319918,5684333,5684631_rev
collapsed_56722682_51204339_58536830,18433180_rev,20355375
collapsed_56722680_54141498_56722679,19923840_rev,19923841
collapsed_56722679_54141498_56722678,19923840_rev,19923841,19226137
collapsed_2303617_2303599_2303650,6270135_rev,5665941
collapsed_16185016_2303964_2303994,5666306_rev,11758585
collapsed_2303219_15742877_2303105,5666077_rev,5665427
collapsed_2312676_2312996_2312495,19923793,5676416_rev
collapsed_38308358_65091436_70293934,11814969,23391805_rev
collapsed_56687756_56687755_56687758,19920768,19920769_rev
collapsed_2303650_2303599_72122949,6270135_rev,5665941,5665984
collapsed_2303919_2303964_2303760,5666298_rev,5666239_rev
collapsed_56722471_2302051_56722468,5664062_rev,19923746_rev,19923748_rev
collapsed_56722467_2301967_56722468,19923747,19923854,19923749
collapsed_2305645_2305423_2305465,5668289_rev,19923762_rev
collapsed_35099637_56722639_18890590,19923816,11893630_rev
collapsed_56722651_56722650_57401600,19239824_rev,19239825
collapsed_56729400_18818386_56729399,13269200_rev,13269193
collapsed_56729399_18818386_72071270,13269200_rev,13269193,13269192
collapsed_2304916_2304900_2304986,5667426_rev,5667502
collapsed_54677626_15747101_16134288,11737350_rev,11737381
collapsed_14947531_14947530_62102989,6304137_rev,21400181
collapsed_14947559_2312787_64958140,11535439,11535438_rev
collapsed_2312974_2312877_2313008,5676763_rev,5676798
collapsed_56722666_43076459_35269306,15921660_rev,14310740,14310690,14310712,5682412_rev,14310713,14310657,14310665_rev,14310675_rev
collapsed_56722678_54141498_54141495,19923840_rev,19923841,19226137,19226138
collapsed_56722517_12525178_12525176,5669227_rev,10098940_rev
collapsed_16288155_16288158_15538539,10087738_rev,11653177
collapsed_2313174_45130438_2313108,5677092,5677044_rev,5677243,5677469,5676992_rev
collapsed_48859655_48859656_48859660,17483902_rev,17483901
collapsed_41188987_2311550_2311637,15515269,15515268_rev
collapsed_7741847_2329531_2329070,6305181,6305180_rev
collapsed_2281402_2281371_2281431,5641477_rev,5641507
collapsed_52905372_45162310_15735930,11680050,10096733_rev,10085039
collapsed_2292160_2291753_2292341,5652999_rev,5652552,5653176,5653073_rev
collapsed_2274112_2274433_2273983,5634272,5633949_rev
collapsed_57004432_2298219_57004435,6239018,5659568,6239020,19954949,19955163
collapsed_57004528_2335319_2334976,19954983_rev,19954984
collapsed_2284655_2284728_2285116,5644999_rev,5645440
collapsed_2273822_2273915_2273578,5633743,15571098,5633651
collapsed_2274042_2273985_2274067,5633876_rev,5633848_rev,5633901_rev
collapsed_15606337_45104847_15606342,11667417_rev,11667421_rev
collapsed_39386874_57004475_2308635,15142441_rev,15142442
collapsed_2286744_60117914_2287019,10068745,5647202_rev,10068746,5646321,5646688_rev,5645954,5647501_rev
collapsed_2292671_2292624_2293149,5653598,5654027
collapsed_2292624_2293149_2293180,5653598,5654027,5654066
collapsed_2293556_2293677_2293019,5654575_rev,5654452
collapsed_2299778_2299865_2299711,5661505_rev,5661326_rev,5661398
collapsed_2296206_2296571_2295832,5657759,5657328_rev
collapsed_2299824_45162336_15634108,5662081,5661541,11680052,10095976,5661456
collapsed_41188645_2304611_2304667,15515640_rev,15515641
collapsed_57004465_57004468_57004467,19955112,19955109_rev
collapsed_57004468_57004467_57004469,19955112,19955109_rev,19955114_rev
collapsed_16506258_16506257_2336590,11867453_rev,5702704_rev
collapsed_53975218_53975220_53975217,19215954,5653489
collapsed_57004422_2293301_2293729,5654654_rev,5654655
collapsed_2278723_34885068_2279108,5638671,5639069_rev
collapsed_45130285_16240793_15745497,5663193,5663549_rev,5663377
collapsed_35058347_35058349_2316252,14292906,14292887
collapsed_2290637_39156612_2291139,5651370,5651886_rev
collapsed_54205070_2312511_54205071,5676300_rev,19240113
collapsed_2320413_2320097_2320624,5685184_rev,5685419
collapsed_2321589_2321250_2321753,5686497,5686331_rev,5686694
collapsed_46335622_46335623_46335621,10246489,11583764_rev
collapsed_45130664_2318912_2318371,14273882,14273881_rev,5682972_rev,5683034,5683135
collapsed_57208584_57208586_57208585,20157182,20157183
collapsed_2303361_2303129_2303415,5665592_rev,5665666
collapsed_2273245_2273403_2273196,5633227,5633091_rev,5633053_rev
collapsed_2323217_2324114_2322963,19431978,19431977_rev,5689438,5688415_rev
collapsed_12855575_2319824_15734961,5684518,5684459_rev
collapsed_2299472_2299798_2299433,5661424,5661049_rev
collapsed_2300025_2300122_2299563,5661814,5661696
collapsed_2294510_2294504_2294514,5655473,5655475_rev
collapsed_7700040_45130712_18845658,6289624,6289623_rev
collapsed_2326795_2326701_2326812,5692393,5692410_rev
collapsed_2284204_2284599_2285296,5644842_rev,5645635_rev
collapsed_2288366_2287803_60820581,6270125,6270126
collapsed_2327224_2328389_2326966,5694039_rev,5692859
collapsed_2325307_2325339_2325440,5690757,5690886_rev
collapsed_2323421_2324174_2323266,5689494,5688654_rev
collapsed_2324101_2323903_2324581,5689420,5689908_rev
collapsed_2323660_2323813_2323600,5689104,5688937
collapsed_2282929_2282984_2282875,5643153,5643096_rev
collapsed_2304331_2304512_2304163,5666944,5666734_rev
collapsed_2312329_2312041_2312638,5676013,5676366_rev,5676095
collapsed_2309062_2308875_2309283,5672267,5672525_rev
collapsed_2304905_12878582_2304880,10254153,5667410
collapsed_2307890_2307805_2308055,5670857,5671059_rev
collapsed_12917841_2294835_2295417,10275676_rev,10275677
collapsed_52580301_52580302_52580299,18730437,18730439,18730440_rev
collapsed_39156674_2299596_43827480,5661247,5661267_rev,5661243,5661280_rev
collapsed_2311471_2311387_2311506,11815530_rev,5675070
collapsed_35524110_18767844_56519082,10383505,10383504_rev
collapsed_18767844_56519082_66662550,10383505,10383504_rev,13254134
collapsed_2308713_2308692_2308737,5671831_rev,5671860
collapsed_2307082_2307059_2307087,5669929,5669952
collapsed_2302887_2303129_2302667,5665316,5665029
collapsed_2306657_2306493_2306729,5669442,5669526_rev
collapsed_2280031_45845361_2279368,16699642_rev,5640671,5640056_rev,5639726
collapsed_2320940_2321662_63473313,5686584,5685775_rev
collapsed_2311042_2311367_2310868,5674913,5674548_rev
collapsed_2308258_41188804_2308256,15514821_rev,5671304
collapsed_41188830_2308827_2308524,15515425_rev,15515426
collapsed_2312009_2312055_2311977,5675681,5675653_rev,5675691,5675646_rev
collapsed_2325533_2325569_2325526,5691028,5690990_rev
collapsed_2320550_2320121_2320799,5685336,5685614_rev
collapsed_46255940_2283825_2285218,5644409_rev,16761010_rev,5645537
collapsed_2277526_2277504_2277553,5637437_rev,5637461
collapsed_12607542_2309409_72678034,10144006,5672441_rev
collapsed_2325922_2325512_54205163,5691413_rev,19239864
collapsed_2323166_2323098_2323266,5688364,5688463_rev
collapsed_2324766_2324897_2324735,5690270,5690130
collapsed_2323962_2323951_2324004,5689268_rev,5689311
collapsed_2324747_2324527_2324877,5690108_rev,5690254
collapsed_2325152_2325163_2325147,5690572,5690564_rev
collapsed_42598243_15742857_15538481,15794213_rev,15794227
collapsed_54205134_2319371_2320095,19239804,19239805_rev
collapsed_2275194_2275180_2275233,5635068_rev,5635105
collapsed_46996645_2307602_70308156,17013247_rev,23397125
collapsed_2330257_18725689_2329560,5695995,5695924_rev
collapsed_41188650_16538188_16538190,15515074,15515073_rev
collapsed_2325094_2324726_2325335,5690500,5690755_rev
collapsed_48859653_2315795_48859658,5679966,17483923_rev
collapsed_45130654_45130640_7327010,5682981_rev,5683036,6271708,14310509_rev,14310508_rev,5683160_rev
collapsed_2327407_2329692_2327161,5695340_rev,5693036
collapsed_2323230_2323259_2323101,5688458_rev,5688425,5688285
collapsed_2300322_2300133_2300566,5662062_rev,5662354
collapsed_2290973_2291734_2290930,5652529,5652044,5651713
collapsed_2303583_15742877_2303168,11734578_rev,5665863
collapsed_2300006_2300043_2299865,5661718_rev,5661674_rev,5661600
collapsed_2299820_2300008_2300043,5661678,5661717_rev
collapsed_2299067_2299009_2299104,5660559_rev,5660606
collapsed_2300913_2301055_2300725,5662914,5662756_rev
collapsed_56995186_2289550_2288367,10096053,10096052_rev
collapsed_2302505_2302839_2302612,6270143,5664685
collapsed_56995188_46233609_56995187,16758783,16758785_rev,16758782_rev
collapsed_16449514_54205170_2326604,6288397,6289660,6289662,6289663
collapsed_18845572_56519083_47056247,5662001,11667263_rev
collapsed_57401664_2300906_2301443,20175201_rev,20175202
collapsed_12525176_12525174_12525178,10098937_rev,5669227_rev,10098940_rev
collapsed_2353155_57307280_2353221,5720813,5720653_rev
collapsed_57307279_57307280_62670637,5720814,5720768_rev
collapsed_40104910_57249613_57655184,15172394,15172393_rev
collapsed_2300127_2300180_12518017,5661888,10096738_rev
collapsed_57249701_2306921_57498572,5670175_rev,20163819_rev
collapsed_2273890_2273900_2273872,5633729,5633719_rev
collapsed_2315988_2316010_2316351,5680200,5680567
collapsed_2322812_2323225_2322661,5688422,5687949
collapsed_39158642_42600950_39158635,15795673,15068158_rev
collapsed_2314349_2314167_57401588,5678358,5678553_rev
collapsed_40009808_2324827_55925538,15153926_rev,15153927
collapsed_2323488_2323518_2323477,5688759,5688755_rev,5688764,5688740_rev,5688767,5688736_rev
collapsed_2313081_2313186_2312904,5677009,5676880_rev
collapsed_2312290_2312124_2312634,5675963_rev,5676362
collapsed_46639580_15211705_2309802,11618848_rev,11618621
collapsed_2503559_2304372_2304066,6241060,6241059_rev
collapsed_2305314_2305084_12575708,5667874,5668018_rev
collapsed_57436392_57436394_15634025,20177006,13247834_rev
collapsed_2273070_46165865_60520541,5632975,5632885_rev
collapsed_57436357_57436358_2273461,20177015,20177013_rev
collapsed_57436358_2273461_12520747,20177015,20177013_rev,20177014
collapsed_2275254_57436364_2275339,5635127,5635211_rev
collapsed_57436371_2279521_57436372,5639513,5639727_rev
collapsed_2284248_57436379_2283783,5644467,5644466_rev
collapsed_57436381_57436382_2287447,20177021,20177022_rev
collapsed_12513452_39158531_46256064,11679711_rev,11679709
collapsed_2288645_57436383_2288664,5649238_rev,5649258
collapsed_57436385_2289268_2289783,5649924,5650449_rev
collapsed_57436386_44206038_45728131,16271072,5651086
collapsed_46166050_46166048_2291611,16752186_rev,5652405_rev
collapsed_2296259_2296217_2296327,5657391_rev,5657466
collapsed_2295936_2295898_2295985,5657039,5657099
collapsed_54063171_54063174_54063170,19219987,19219989_rev
collapsed_54063170_39158546_54063174,19219988_rev,19219990,19219987,19219989_rev
collapsed_57436406_57436403_57436405,20177031_rev,20177033_rev
collapsed_57436402_57436401_57436403,20177032_rev,20177035
collapsed_57436405_57436403_57436404,20177031_rev,20177033_rev,20177034
collapsed_2318800_47443597_2318846,5683304_rev,5683358
collapsed_57277541_57277540_2308836,5671890_rev,5671995_rev
collapsed_2312668_56722600_2312925,5676451,5676704_rev
collapsed_56722600_2312925_2312791,5676451,5676704_rev,5676538
collapsed_43801294_43801295_43801293,16222273_rev,16222271_rev
collapsed_57401540_57401539_57401541,20175151,20175153_rev
collapsed_46255947_46255948_2285681,16761346_rev,5646181
collapsed_57401562_57401561_57401563,11632450,11632447_rev
collapsed_57401541_57401542_57401539,20175152_rev,20175151,20175153_rev
collapsed_57401535_2300868_2300852,5662698,5662680_rev
collapsed_2300852_2300868_57401536,5662698,5662680_rev,20175149_rev
collapsed_57401545_2304233_2304272,5666650_rev,5666670
collapsed_57401564_39158592_47055725,15068125_rev,11667291_rev,11667290_rev
collapsed_2306588_2305732_2306692,5669363,5669478_rev
collapsed_2292530_2292038_2292905,5653387_rev,5653778_rev
collapsed_2292018_2291530_2292214,5652834_rev,5653046
collapsed_57401567_57401566_2310783,20175161,5674255_rev
collapsed_57401568_2310903_57401569,5674466,20175159
collapsed_57401565_57401566_2310903,20175163,5674388
collapsed_57401574_2312133_2311925,5675779_rev,5675623
collapsed_57401583_57401582_69162902,5678071,5678206_rev
collapsed_57401582_69162902_69162898,5678071,5678206_rev,23002551
collapsed_57401589_2314552_57401588,5678584_rev,5678580
collapsed_57401591_2315679_57401592,5679952_rev,5680126
collapsed_2289167_2289193_2289160,5649810,5649783_rev
collapsed_2288097_2288140_2287992,5648674,5648619,5648575,5648551_rev,5648590,5648630
collapsed_2288140_2287992_2288188,5648674,5648619,5648575,5648551_rev,5648590,5648630,5648722
collapsed_2276682_2276785_56630954,5636688_rev,16761202
collapsed_57401600_56722650_57401602,19239824_rev,19239825,5681318
collapsed_57401594_2315983_2316379,20175170_rev,20175171
collapsed_57401597_2316641_57401596,5680889,20175173_rev
collapsed_57401595_57401596_2316578,20175174_rev,5680817_rev
collapsed_57401603_54205124_2317250,19239828,19431973,19431972_rev,5681918
collapsed_35123927_57401604_45902599,14298000,5682852_rev
collapsed_57401617_57401618_57753010,5685199,5685078_rev
collapsed_57401613_57401620_57401614,5685547,5685043
collapsed_57401620_57401614_57753011,5685547,5685043,20175178_rev
collapsed_39364350_2319358_39157649,5686109,5686114_rev,5686100,6289604_rev,5684911
collapsed_39357869_39157670_16141399,11749286,11815534_rev
collapsed_57401611_2319551_2319876,5684558,5684582_rev
collapsed_2275524_2275637_2275501,5635516,5635412_rev
collapsed_2293291_2293245_2293716,5654172,5654621_rev
collapsed_12527020_12527018_12607563,10100542_rev,10100539
collapsed_12526960_12526959_2316887,10100641,5681142
collapsed_57436754_18845664_57436755,6271719_rev,20177071
collapsed_57436755_18845664_18845671,6271719_rev,20177071,13272194
collapsed_57264256_46301563_60759643,20164899_rev,20164900
collapsed_35077324_15745548_35077322,11778325,11778324_rev,15068129_rev
collapsed_2300243_43809840_2300260,5661969_rev,5661991
collapsed_46467428_43870913_41227121,16230628,16230624_rev
collapsed_2274035_2274024_2274050,5633867_rev,5633882
collapsed_2276262_2276244_2276272,5636158_rev,5636170
collapsed_2274690_2274821_2274669,5634615,5634571_rev,5634660,5634522_rev
collapsed_2274289_2274267_2274297,5634120_rev,5634128
collapsed_2290154_2290300_2289994,5650993_rev,5650840
collapsed_2272533_46165861_60520538,16752507_rev,5632328
collapsed_2289362_2289318_2289383,5649970_rev,5649983,5650011
collapsed_2279029_51578607_2278992,5638990,5638991_rev
collapsed_7699759_15633958_45162230,11679743_rev,10094998
collapsed_2304209_2304244_2303939,5666638_rev,5666593
collapsed_45130422_15545249_15545251,11654813_rev,11654666
collapsed_2318854_2318839_2318911,5683370_rev,5683444
collapsed_48261960_57436740_57436739,17262869,20177064_rev
collapsed_57436740_57436739_48261961,17262869,20177064_rev,17262871
collapsed_57436734_18767098_57436736,13254092,20177063_rev
collapsed_2323271_2322186_2324111,20177052_rev,5689432,5688781_rev
collapsed_57436733_2330613_18767097,5696706_rev,5697014
collapsed_57436749_2336913_2540595,16252560,16252559_rev
collapsed_2322376_2322464_2322243,5687554,5687447_rev
collapsed_2294504_2296130_2294514,5657250,5657104_rev,5655473,5655475_rev
collapsed_35395847_35395848_35395845,14323539,14323543_rev
collapsed_57580508_2360112_2359388,5727449_rev,5726772
collapsed_45130892_14945270_45130893,11534971_rev,6289807,6290999
collapsed_47392851_47392854_47392849,17198970,17198938_rev
collapsed_2318372_57513636_2318893,5683409,5683418_rev
collapsed_15606407_15606412_35954563,11667257,14430401,14430400_rev,6238866_rev
collapsed_57632250_2359003_16256214,17259544,17259543_rev
collapsed_57498528_57498526_57498530,20183752,20183751_rev
collapsed_57498526_57498530_2302342,20183752,20183751_rev,15515729
collapsed_57498606_41188877_41188893,15515311_rev,15515310
collapsed_57498471_57498472_57498476,5649270,5649584_rev
collapsed_57498483_21750968_57498481,19579986,5651243_rev
collapsed_46335561_57498479_13098456,5650529,5650513_rev
collapsed_57498494_57498493_57498493,20183749_rev,20183750
collapsed_2291810_57498495_57498496,5652618,5652629_rev
collapsed_57498496_13098460_57498495,5652655_rev,5652618,5652629_rev
collapsed_57498488_57498489_2290999,9926079,6242290_rev,6242291
collapsed_57498489_2290999_57498490,9926079,6242290_rev,6242291,9926080
collapsed_57498530_2302491_2302342,15515126_rev,15515725,20183752,20183751_rev,15515729
collapsed_57498542_2304067_41188560,18949640_rev,18949641,15515710,15515122_rev
collapsed_41188545_2301836_41188548,15515128_rev,15515129,15515123,15515124
collapsed_41188548_2303081_2301836,15515119,15515128_rev,15515129,15515123,15515124
collapsed_57498558_57498557_57498561,20183765_rev,5666966
collapsed_57498566_57498562_2305034,5667607_rev,15515633,15515634_rev
collapsed_57498563_57498562_57498561,5667261,5667260
collapsed_57498569_2305988_45105512,10127512,10127511_rev
collapsed_57498588_57498583_57498590,5671377_rev,20183777
collapsed_57498590_2308571_57498583,5671666,5671377_rev,20183777
collapsed_57498580_57498578_2310311,11653852_rev,5673725
collapsed_57498572_2306921_72680824,5670175_rev,20163819_rev,24012669
collapsed_57498579_2307560_57498583,5670938_rev,20183776
collapsed_57498589_2307907_2308406,15514825_rev,15514826
collapsed_2326438_2326159_2326243,5692020_rev,5691973_rev,5692021
collapsed_57498611_2310309_57498610,15515026,5673707_rev
collapsed_41188956_57498610_2311353,15515299,15515298_rev
collapsed_57498617_57498618_57498616,20183769,20183770_rev
collapsed_57498634_2313365_57498633,5677257,20183778
collapsed_57498639_44884749_57498640,16630076,6304166
collapsed_44884749_57498640_2313763,16630076,6304166,5677689
collapsed_45130460_57498648_70479861,11653836,5678931_rev
collapsed_2312250_57498628_2312491,5675916,5676193_rev
collapsed_57632183_41226437_41226438,20205485_rev,20205486
collapsed_57632307_2356274_57632308,6304291_rev,20205532,20205542
collapsed_57498627_57498626_57498629,5675654,5675734_rev
collapsed_2312013_57498625_2312185,5675650,5675839_rev
collapsed_57498622_57498624_2311861,5675583,5675551_rev
collapsed_57498574_12589478_41188760,15514848,15515489_rev
collapsed_2323292_2323225_2323457,5688501,5688697_rev
collapsed_7700042_2322326_2322402,6289626,6289627_rev,6291512
collapsed_57786620_57786624_57786616,20231099_rev,20231086
collapsed_57786491_57786504_57786490,20231257_rev,20231163
collapsed_2285524_2285486_2284629,5645874_rev,5645873_rev
collapsed_57786634_46335593_57786631,20230958_rev,20230959_rev,16774186
collapsed_57786630_57786633_46335592,20230960_rev,20230961
collapsed_57786467_57786468_57850875,20230963,20230962_rev
collapsed_57786468_57850875_57786469,20230963,20230962_rev,5670500
collapsed_57786455_2307193_15606418,20230964_rev,20230965
collapsed_57786456_15606418_15606408,20230971_rev,20230972
collapsed_57786476_57786477_69253105,20230983,20230977_rev
collapsed_57786477_69253105_56722526,20230983,20230977_rev,20230984
collapsed_57755652_41277174_2316578,20221786_rev,20221785
collapsed_57786549_57786538_15425041,20230994_rev,5672520
collapsed_57786505_57786501_57786507,20231003_rev,5672157
collapsed_39156728_57786604_39156733,20231013_rev,11633790,11667204_rev
collapsed_57786507_57786512_57786501,20231056,20231003_rev,5672157
collapsed_57786483_57786484_57850882,20231071_rev,5671230
collapsed_57786631_46335592_46335593,16774187,20230958_rev,20230959_rev,16774186
collapsed_57786628_57786625_57786624,20231097_rev,20231098
collapsed_57786627_57786623_57786622,20231100,20231102
collapsed_57786621_57786619_57786625,20231085_rev,20231096
collapsed_57786615_57786613_57786623,20231087,20231101_rev
collapsed_57786614_57786612_57786622,20231091,20231103_rev
collapsed_35090468_57786568_57786602,20231011_rev,11633670
collapsed_57786530_57786531_57786529,20231181,20231180_rev
collapsed_57786495_57786484_57786512,20231258,20231247_rev
collapsed_2324735_2324712_2324897,5690095_rev,5690270,5690130
collapsed_2325547_2325521_2325582,5691005,5691039_rev
collapsed_57786494_57786493_57786510,20231147,20231254_rev
collapsed_57786493_57786510_57786492,20231147,20231254_rev,20231149
collapsed_57786539_57786537_57786540,20231203_rev,20231177
collapsed_57786540_57786537_57786542,20231203_rev,20231177,20231199
collapsed_57786529_57786527_57786531,20231179_rev,20231181,20231180_rev
collapsed_57786541_57786544_57786538,20231182_rev,20231183
collapsed_57786528_57786538_57786511,20231184_rev,20231252
collapsed_57786532_57786534_57786526,20231186_rev,20231187
collapsed_57786521_57786526_57786508,20231188_rev,20231255
collapsed_57786488_57786480_57786496,20231189,20231222_rev
collapsed_56720259_2330884_35118129,5696660,5696901_rev,6292037
collapsed_57786525_57786527_57786555,20231212,20231220_rev
collapsed_57786536_57786560_57786537,20231223_rev,20231231
collapsed_57786559_57786558_57786565,20231249,20231248_rev
collapsed_57786558_57786565_57786550,20231249,20231248_rev,20231250
collapsed_57753007_57753008_2318965,20220954_rev,20220955
collapsed_57786550_57786565_57786542,20231249,20231248_rev,20231250,20231251
collapsed_57786617_57786619_57786618,20231276,20231281_rev
collapsed_57786579_57786608_57786535,20231278_rev,20231282
collapsed_57786518_57786546_57786520,20231279_rev,20231285
collapsed_57786516_57786546_57786513,20231280_rev,20231284
collapsed_57773618_2288462_57773617,10076408_rev,10076409
collapsed_57753011_45879409_57401614,5685325_rev,5685547,5685043,20175178_rev
collapsed_57753010_57401614_57401618,5685051_rev,5685199,5685078_rev
collapsed_51598645_51598639_51598648,18435105,18435104_rev,18435103_rev
collapsed_57786562_57786520_57786595,20231283,20231277_rev
collapsed_57786469_57850875_2307675,20230963,20230962_rev,5670500,5670600
collapsed_57786599_57786601_57786597,11633748,11633747_rev
collapsed_57786601_57786597_57786602,11633748,11633747_rev,11633749
collapsed_2328982_2328774_2329489,5694648_rev,5695148
collapsed_43913092_43913099_43913084,5682689_rev,5682594,16231681
collapsed_44927611_35090478_59706863,16634009,16634008_rev,13272213_rev,23014952_rev
collapsed_44927607_57786600_57786605,5673146,5673158_rev
collapsed_57786519_15425033_15425037,11633761_rev,11633678
collapsed_2307675_57850875_69253102,20230963,20230962_rev,5670500,5670600,23007744
collapsed_57786605_15425070_57786600,11633702_rev,5673198,5673191,5673146,5673158_rev
collapsed_72159190_2302651_2302568,23562212,23562211_rev
collapsed_45104910_15602087_18725692,11666204_rev,13244223
collapsed_57655180_57655181_57655179,20208948,20208950_rev
collapsed_57655184_40104911_57249613,6306358_rev,15172394,15172393_rev
collapsed_57655186_2277551_57655185,5637485_rev,20208951
collapsed_2286233_57655188_2286293,5646653_rev,5646715
collapsed_2287944_2288319_2287415,5648867,5648479
collapsed_57655193_2290198_46256043,5650889,16760991_rev
collapsed_57655197_2292048_57655196,5652980_rev,20208957_rev
collapsed_57655198_57655199_2293057,20208959,5653935
collapsed_54063119_57655181_57655179,19219949_rev,19219945
collapsed_2285852_2286032_2284704,5646427,5646239_rev
collapsed_2287789_60820576_2287734,5648801_rev,5648315
collapsed_2286916_2286363_2286855,5647387_rev,5647369,5647388
collapsed_2278787_2278994_2278594,5638945_rev,5638737
collapsed_2288378_2288402_2288802,5648968,5649401_rev,5649126
collapsed_2303215_2303236_2303195,5665448,5665424_rev
collapsed_2281311_2280929_2281686,5641382_rev,5641777
collapsed_2303343_57738385_72122949,20214610,5665983
collapsed_43678788_43678787_43678790,16205678,16205677_rev
collapsed_2326025_2328142_2325933,6305200,5691532
collapsed_57773912_57773913_57773906,20228830_rev,20228843
collapsed_57773917_57773913_2276677,20228832_rev,20228833
collapsed_57773906_57773907_57773913,20228834,20228830_rev,20228843
collapsed_57773907_57773913_57773908,20228834,20228830_rev,20228843,20228835
collapsed_57773908_57773913_57773909,20228834,20228830_rev,20228843,20228835,20228836
collapsed_57773909_57773913_57773910,20228834,20228830_rev,20228843,20228835,20228836,20228837
collapsed_57773910_57773913_57773904,20228834,20228830_rev,20228843,20228835,20228836,20228837,20228840
collapsed_57773904_57773913_57773902,20228834,20228830_rev,20228843,20228835,20228836,20228837,20228840,20228838
collapsed_57773916_15614801_57773902,11669079,20228824_rev
collapsed_57773898_57773894_57773901,20228842,20228841_rev
collapsed_2317737_2317622_2317770,5682075_rev,5682116
collapsed_57850879_57850878_45130362,20232397_rev,5670761
collapsed_57850873_57850874_15606418,20232400,5670402_rev
collapsed_57850875_57850874_69253102,20232401_rev,20230963,20230962_rev,5670500,5670600,23007744
collapsed_57850876_57850878_57850874,20232404_rev,20232405
collapsed_57850882_57786480_57786484,20231004,20231071_rev,5671230
collapsed_57742318_57742317_57742317,20218133_rev,20218135
collapsed_57742311_2310331_2310267,17259428,17259427_rev
collapsed_2310267_2310331_2310205,17259428,17259427_rev,5673672_rev
collapsed_45130362_57850878_69253103,20232397_rev,5670761,5670797
collapsed_57654784_2288462_62906274,16998457,21685417_rev
collapsed_57654788_57654787_15614907,11669147,11669149_rev
collapsed_39364051_2293688_2293716,5654607_rev,5654618
collapsed_57850883_57786484_2308285,20231070,5671340_rev
collapsed_45104849_57654790_15606345,15066981,11667418_rev
collapsed_57654792_53856238_53856237,19196575_rev,20208921_rev
collapsed_2289122_2289140_2289095,5649756,5649735
collapsed_72187133_2346408_2347013,23989936_rev,23989937
collapsed_57773919_2277530_15614801,5637541_rev,13247912_rev,11669082,11669081_rev,13247911
collapsed_57773914_2275871_57773913,20228826_rev,20228829
collapsed_57854286_57854287_57854285,17256586_rev,17256587
collapsed_57854285_57854287_63005931,17256586_rev,17256587,17256584
collapsed_57854289_2275555_2275516,20233508,5635429_rev,20233507
collapsed_57854290_51578591_51578590,20233509_rev,20233510
collapsed_57854294_57854293_60520562,20233512_rev,20233511
collapsed_57662101_2316874_2316406,20211259_rev,20211260
collapsed_57662123_57662122_2325794,20211151,20211150_rev
collapsed_57662122_2325794_2325614,20211151,20211150_rev,20211149
collapsed_2292299_2292438_2292007,5653283_rev,5653141
collapsed_2291933_2291904_2292150,5652743,5652985_rev
collapsed_2291904_2292150_2291452,5652743,5652985_rev,5652718
collapsed_57662107_2322821_2322888,20211148,20211147_rev
collapsed_57662085_2315822_36054159,20211139_rev,5679771,20211140_rev
collapsed_57662117_2325099_57662119,20211152_rev,20211153
collapsed_57662119_2325099_2325572,20211152_rev,20211153,20211154
collapsed_57662109_2322742_2323242,17256700,17256699_rev
collapsed_57662088_15602028_2315708,20211141_rev,20211142
collapsed_57662106_2322821_2322763,20211143_rev,20211144
collapsed_57662112_2323741_2322888,20211145_rev,20211146
collapsed_2273036_2273104_2273001,5632921_rev,5632845
collapsed_57662129_2333431_2333515,20211176_rev,20211177
collapsed_57662125_2333086_57662124,20211178,20211180_rev
collapsed_57662124_2332861_2333086,20211179_rev,20211178,20211180_rev
collapsed_2350690_2350587_2350901,5718137_rev,5718378
collapsed_2350032_2350185_2349863,5717608,5717440_rev
collapsed_57662083_2315708_2315644,20211181_rev,20211182
collapsed_57662094_2316170_57662093,20211262_rev,20211263
collapsed_57662091_57662093_2316040,20211265_rev,20211266
collapsed_2292399_2292494_52791406,5653342_rev,5653238
collapsed_2314348_2314290_12516394,5678357,10095714
collapsed_2316163_2316132_2316256,5680366,5680467_rev
collapsed_2273262_2273269_2273367,5633083,5633195_rev
collapsed_2274325_2274350_15614777,5634184,5634161_rev
collapsed_2324597_2324620_2324562,5689955,5689927_rev
collapsed_2324677_2324451_2325091,5690026,5690494
collapsed_2324451_2325091_2323908,5690026,5690494,17030292_rev,17030293
collapsed_12516262_2296829_2295621,10095994,10095993_rev
collapsed_2294689_2294643_2294958,5655664_rev,5655985_rev
collapsed_2273163_57436356_2273150,5632992_rev,5632980
collapsed_2273461_12520747_2273414,20177015,20177013_rev,20177014,5633287_rev
collapsed_2302451_2302513_2302347,5664611,5664503_rev
collapsed_2273133_2273283_2272804,5633099_rev,5632953
collapsed_2273047_2272675_2273197,5632855_rev,5633012
collapsed_2273966_2274151_2274153,5633989_rev,5633991
collapsed_2272948_2273104_2272893,5632920,5632752_rev
collapsed_2274389_12520747_2274735,10098125_rev,5634595
collapsed_54164059_2343602_69162959,5710473,23002589
collapsed_2343602_69162959_15339611,5710473,23002589,5710518
collapsed_2303184_2303178_2303308,5665388,5665535_rev
collapsed_2293925_2293934_2293848,5654869,5654860_rev
collapsed_2293934_2293848_2293948,5654869,5654860_rev,5654882
collapsed_54205214_2337893_57922323,19239817,19240110_rev
collapsed_18845671_18845664_18845672,6271719_rev,20177071,13272194,13272195
collapsed_2305320_2304725_2305323,5667882,5667905
collapsed_2307283_2307206_2308146,5670170_rev,5671166
collapsed_2307309_2307266_2307333,5670192,5670214_rev
collapsed_2307129_2307333_2307014,5670213,5669985_rev
collapsed_2305370_2305343_2305412,5667960_rev,5667997
collapsed_2274159_2274187_17719719,5634021,5633995_rev
collapsed_2274187_17719719_2274210,5634021,5633995_rev,5634043
collapsed_2274210_17719719_54168651,5634021,5633995_rev,5634043,5634069
collapsed_2273150_2273126_57436356,5632968,5632992_rev,5632980
collapsed_2303467_2303783_2303400,6306545,5665723
collapsed_2302641_2302659_2302326,6270141,5664718
collapsed_2307019_2307042_2306979,5669893,5669866_rev
collapsed_2292728_2292843_2292705,5653705,5653580_rev
collapsed_2308281_2308329_2308465,5671398_rev,5671563_rev
collapsed_2307473_2307463_2307535,5670374,5670439_rev
collapsed_2293975_2293737_2294238,5654906_rev,5655171
collapsed_2293412_2293395_57922230,5654302,20245932
collapsed_12854939_2304493_2306103,5667067,5668792_rev
collapsed_18845665_2337510_18845668,5704056,6288465_rev
collapsed_15547572_18767112_15547575,5706061_rev,5706245
collapsed_17719719_54168651_17719711,5634021,5633995_rev,5634043,5634069,5633703_rev
collapsed_2293094_2293145_2293048,5654022,5653970_rev
collapsed_2306979_2307446_2307042,5670341,5669893,5669866_rev
collapsed_15215035_2342522_2343164,5709817_rev,5709991
collapsed_15193681_2339155_15547575,11608027,11608026_rev
collapsed_9890583_2280840_16240683,6307496,6307495_rev
collapsed_2316439_2316416_2316469,5680676,5680714_rev
collapsed_2307463_2307535_2307446,5670374,5670439_rev,5670361
collapsed_2306153_2306206_2306151,5668923_rev,5668855
collapsed_2305061_2305281_2304805,5667838,5667588_rev
collapsed_2295709_2295520_2296417,5656775_rev,5657577
collapsed_2294203_2294239_58530387,5655173_rev,20353610
collapsed_2293231_2293148_2293242,5654110,5654120_rev
collapsed_2293005_2293233_2292804,5654112_rev,5653884
collapsed_2293242_2293148_55381206,5654110,5654120_rev,5654140_rev
collapsed_40053342_2307437_2307874,5670657_rev,5670842
collapsed_9890580_2280840_2280840,6307493_rev,6307494
collapsed_2317495_2317634_2317339,5681960_rev,5681808
collapsed_2303702_2303856_41188582,5666165_rev,15515706
collapsed_2292207_2292538_2291984,5653393,5653041_rev
collapsed_2272893_2273104_2272768,5632920,5632752_rev,5632693_rev
collapsed_18465372_2292345_2292571,13174970_rev,13174971
collapsed_2315661_2316060_2315686,5680252,5679841
collapsed_14945176_14945174_2292532,11534946_rev,11534942_rev
collapsed_35090462_12500413_18845591,11667241,11667288_rev
collapsed_34885069_34885068_34885070,5638685_rev,11669105
collapsed_39157684_12516476_45162474,10096084_rev,5687828,11666140,5687874_rev
collapsed_2306010_2306113_2305909,5668805_rev,5668695
collapsed_2315692_2316301_2315757,5680516_rev,5679929
collapsed_2315686_2316060_2316132,5680252,5679841,5680335
collapsed_2308682_15417981_2308248,5672697_rev,5672041,5671789
collapsed_2307842_2307564_2307971,5670806_rev,5670959
collapsed_57922332_57922333_57922330,20246054,20246055_rev
collapsed_2296394_2297583_2296156,5658877,5657548_rev
collapsed_2273634_2273775_2273242,5633602,5633469_rev
collapsed_2272939_2272949_2272895,5632754,5632743_rev
collapsed_2539618_2539619_2292019,6256117,6256108
collapsed_45130501_7700004_13165789,6289570,6289569_rev
collapsed_7700004_13165789_13165790,6289570,6289569_rev,6289571
collapsed_2309083_2309057_2309112,5672285_rev,5672321
collapsed_2323816_2323826_2323760,5689117_rev,5689107
collapsed_42614429_2322061_72122972,5687344_rev,5687938
collapsed_2272714_2272657_2272768,5632500_rev,5632563
collapsed_2272657_2272768_2272856,5632500_rev,5632563,5632654_rev
collapsed_2305762_2305629_57401550,5668422_rev,5668423
collapsed_2292014_2292420_2291653,5653258,5652831_rev
collapsed_2272768_2272856_2273104,5632500_rev,5632563,5632654_rev,5632920,5632752_rev,5632693_rev
collapsed_2274508_2274209_2274804,5634341,5634644_rev
collapsed_2295638_2295459_2295944,5656686,5657049_rev
collapsed_2292504_2292843_2292420,5653704_rev,5653352
collapsed_2325876_2325839_2326106,5691363_rev,5691636
collapsed_2324165_2324076_2324198,5689490,5689522_rev
collapsed_2325348_2325471_2325311,5690922,5690767_rev
collapsed_2324474_2325025_2323640,5690427_rev,5689794
collapsed_7714084_2337510_2337893,6300149_rev,6300150
collapsed_15614826_39156563_2279136,11669111,11669112_rev
collapsed_57922257_57922255_60844720,20246093,20246092_rev
collapsed_57922251_57922253_57922250,20246120_rev,20245955
collapsed_2295209_2295187_2295237,5656242_rev,5656265
collapsed_2295237_2295187_2295228,5656242_rev,5656265,5656295
collapsed_2345608_2345198_2345542,5712647,5712648_rev
collapsed_15614828_2279329_39156563,11669110,11669109_rev
collapsed_2274153_2274350_2274151,5634183,5633989_rev,5633991
collapsed_2305876_2305872_2305900,5668550,5668573_rev
collapsed_41188714_53856263_53485203,19196200_rev,18949644
collapsed_12274510_2292030_12428287,10004039_rev,10004040
collapsed_2280394_2280364_2280450,5640440_rev,5640498
collapsed_2325638_2325542_2325597,5691311,5691104_rev
collapsed_39357774_39357775_50920455,5680439,5680397_rev
collapsed_39357775_50920455_2316285,5680439,5680397_rev,5680499
collapsed_41188613_2303856_2304241,15515670,15515669_rev
collapsed_15138408_36708274_62828942,5680003_rev,5680032
collapsed_2307109_2307042_2307314,5669965_rev,5670195
collapsed_45130094_57922222_2281494,10095061,6289331,6288357_rev,5641571
collapsed_2306102_2306140_2306077,5668836_rev,5668791
collapsed_35279803_2307014_2307068,5669880,5669918_rev
collapsed_2345636_2345741_2345208,5712782,5712671_rev
collapsed_41407387_15339594_15339589,5709103_rev,5709086_rev
collapsed_35279802_2307014_2306969,5669861_rev,5669830
collapsed_35764993_2282249_15614846,14373214_rev,14373215
collapsed_35279800_2306336_2306390,5669110_rev,19815455_rev,19815456
collapsed_2304668_2304661_2304772,5667134_rev,5667253
collapsed_41188597_2303666_2303799,15515089_rev,15515090
collapsed_57922246_12516289_57922250,10095929,20246125_rev
collapsed_54205217_57922323_57922325,19240111,19240109_rev
collapsed_2306267_2306257_2306290,5668990_rev,5669018
collapsed_57498560_15606391_2305035,16678377,5667558_rev,5667205
collapsed_41188580_2303403_2303539,15515096_rev,15515097
collapsed_41188549_2302464_2303110,15515116_rev,15515117
collapsed_41188582_2303856_2303332,5666165_rev,15515706,15515707
collapsed_39158560_16347637_39158558,11801950_rev,11801949
collapsed_2293668_2293576_2293697,5654567,5654600_rev
collapsed_2273076_2273093_2273010,5632912,5632893_rev
collapsed_2304103_2303783_2304021,6306546_rev,5666463_rev
collapsed_57922289_57922290_2306517,20245894,20245893_rev
collapsed_43099592_2293356_2293395,15886920_rev,15886921
collapsed_2292919_2293128_2293205,5654001,5654084_rev
collapsed_35511855_2344272_57922341,14331658,14331657_rev
collapsed_2338107_2337776_2337893,5704368,5704360_rev
collapsed_2279608_2279329_2279744,5639602,5639745_rev
collapsed_2324570_2325678_59862367,5691152_rev,21067488
collapsed_54205023_2293258_62908940,19240714,19240713_rev
collapsed_41164186_2292978_2292532,19240715_rev,19240716,15514176
collapsed_17719711_54168651_54168651,5634072,5634021,5633995_rev,5634043,5634069,5633703_rev
collapsed_12868452_2325471_2325025,5690921,5690428_rev
collapsed_56384631_2324449_2325045,19893883,19893882_rev
collapsed_58010510_2303500_2303337,5665845_rev,5665831_rev
collapsed_57950264_57950257_57950266,20251518,20251519_rev
collapsed_57950266_57950257_57950267,20251518,20251519_rev,20251520_rev
collapsed_57923719_57436391_64845206,5655949,20246611_rev
collapsed_57923724_16344087_57923722,11800493,20246584
collapsed_2286588_2286570_2286596,5647028_rev,5647039
collapsed_57950253_57950252_64914983,19955075,20251378_rev
collapsed_57950256_57950254_57950255,20251373_rev,20251438
collapsed_2284724_2285131_13018476,5645456_rev,5645048
collapsed_2285973_2285545_16303232,5646361_rev,11793864
collapsed_2285492_2285545_56002154,5645895_rev,5645863
collapsed_2284679_2285264_2284731,5645590_rev,5645003_rev
collapsed_2286084_2285669_2286308,5646485_rev,5646733
collapsed_2285789_2285092_2285929,5646157,5646316_rev
collapsed_2286021_2286081_2284984,5646481,5646417_rev
collapsed_2286081_2284984_2286248,5646481,5646417_rev,5646671
collapsed_2285349_2285521_60102239,5645870,5645692_rev
collapsed_57922611_57922612_57922610,20246341,20246342_rev
collapsed_2286427_2286333_2286435,5646856_rev,5646866
collapsed_57923714_57923713_66342494,20246576_rev,22478009_rev
collapsed_57923723_57923725_57923716,20246580_rev,20246581
collapsed_57923726_57923722_16344087,20246582,20246527
collapsed_57923721_57923722_57923720,20246583_rev,20246609
collapsed_2503553_2287919_2287506,6241056_rev,6241057
collapsed_2281044_35060429_2280664,5641776_rev,5641106
collapsed_2285986_2284837_2286153,5646374_rev,5646561
collapsed_57923720_57923722_57923718,20246583_rev,20246609,20246608
collapsed_2313244_2312942_2313389,5677076,5677252_rev
collapsed_2286228_2286271_2286018,5646694,5646646_rev
collapsed_2286271_2286018_2286435,5646694,5646646_rev,5646865
collapsed_55933650_2286089_55933649,19848452_rev,19848454
collapsed_55933649_2286032_2286089,19848453,19848452_rev,19848454
collapsed_57889531_2321943_2321943,20241160_rev,20241161
collapsed_2280804_2281267_2280735,5641342_rev,5640878
collapsed_4741774_2280614_2280115,6268912,6268913_rev
collapsed_7699790_2280614_7699791,6289326_rev,6291481
collapsed_7699791_2280735_2280614,6289327,6289326_rev,6291481
collapsed_2286611_2286596_2286724,5647060_rev,5647185
collapsed_2284252_2284143_2284708,5644472,5644975
collapsed_2286110_2286089_2286153,5646511_rev,5646562
collapsed_2286111_2286103_2286144,5646512_rev,5646549
collapsed_2280115_2280614_2279564,6268912,6268913_rev,5640136_rev
collapsed_2286144_2286103_2286570,5646512_rev,5646549,5647011
collapsed_57889521_12500436_12500436,20241216_rev,20241217
collapsed_2329774_2329982_2329433,5695611_rev,5695412
collapsed_57889509_12516351_12516351,20239895,20239894_rev
collapsed_57950268_57950269_57950267,20251437,20251521
collapsed_2311879_2311813_2311985,6304126_rev,5675619
collapsed_2312209_2312225_56631378,5675887,19918193_rev
collapsed_2329484_2329595_2329235,5695251,5695142_rev
collapsed_2329595_2329235_2330000,5695251,5695142_rev,5695633
collapsed_2329255_2329036_2329323,5694922,5694994
collapsed_2330000_2329235_2330206,5695251,5695142_rev,5695633,5695864
collapsed_2311499_2311209_2311685,5675063,5675260_rev
collapsed_2312402_2312482_2312352,5676179,5676090_rev
collapsed_2312482_2312352_2312501,5676179,5676090_rev,5676204
collapsed_2310486_2310784_2310278,5674257_rev,5673918
collapsed_2311791_2311735_2311825,5675387_rev,5675429
collapsed_2310470_2310537_2310401,5673976,5673897,5673856_rev
collapsed_2312655_2312501_15211708,5676389_rev,11618632
collapsed_2310910_13098517_2311352,5674399_rev,5674898
collapsed_12855243_2315409_12855246,5679569_rev,5679602
collapsed_12855246_2315409_39157622,5679569_rev,5679602,6256511
collapsed_2312325_13098519_2312352,5676007_rev,5676040
collapsed_2329817_2330036_2328864,5695673,5695457_rev
collapsed_2329828_2330070_2328944,5695712_rev,5695470
collapsed_2329323_2330088_2329036,5695725,5694922,5694994
collapsed_2330088_2329036_2330365,5695725,5694922,5694994,5696028_rev
collapsed_2310845_2310816_2310853,5674313_rev,5674327
collapsed_2310853_2310816_2310861,5674313_rev,5674327,5674334
collapsed_2312378_2312548_2312352,5676257,5676069_rev
collapsed_2311805_2311472_2311941,5675402,5675570_rev
collapsed_2311765_2311813_16304673,5675413,11793955_rev
collapsed_2310595_2310577_2310680,5674044_rev,5674138
collapsed_2311558_2311496_2311602,5675130,5675169_rev
collapsed_2311825_2311845_2311735,5675453,5675387_rev,5675429
collapsed_2311845_2311735_2311873,5675453,5675387_rev,5675429,5675490
collapsed_2311873_2311735_2311895,5675453,5675387_rev,5675429,5675490,5675513
collapsed_2311883_2311833_2311911,5675499,5675532_rev
collapsed_43721352_2331676_2331645,16212590,16212589_rev
collapsed_2330769_2330513_2331417,5696447,5697111_rev
collapsed_2315016_16134151_2314915,5679290,5679105_rev
collapsed_16134146_16134147_9891874,5678923,6308349_rev
collapsed_9891880_16134149_9891875,6308360_rev,6308357
collapsed_14900035_16538200_2311710,11870586,5675310_rev
collapsed_2313349_2313645_2313218,5677550,5677201_rev
collapsed_2311416_16538199_2311391,11870597,5674976_rev
collapsed_2311728_16538199_13098519,11870598_rev,5675484
collapsed_2311887_2311759_2312124,5675504,5675769
collapsed_2311632_2311565_56631377,5675203_rev,19918190
collapsed_2311580_2311640_44022365,5675211,16253000_rev
collapsed_38181178_2310537_2310120,5673977_rev,5673690
collapsed_2313536_2313854_2313410,5677800,5677416_rev
collapsed_2313369_2313390_2313319,5677253,5677223_rev
collapsed_2313390_2313319_2313410,5677253,5677223_rev,5677274
collapsed_2331177_2331197_2330529,5696874,5696853
collapsed_2331427_2331676_2331417,5697379,5697121
collapsed_2313302_2313319_2312890,5677165,5677146_rev
collapsed_2329616_2329615_2329592,5695269,5695270_rev
collapsed_35060741_2312942_2312439,5676722,5676696_rev
collapsed_2311530_44022365_43832565,16252999,16226712_rev
collapsed_54677633_2315613_15747110,5680025,11737351_rev
collapsed_54677631_2315613_15747108,5679979_rev,5680230
collapsed_35360100_2309819_35360099,5673135_rev,5673064
collapsed_35360099_2309819_2308836,5673135_rev,5673064,5672054
collapsed_2330369_2330541_2330163,5696221,5696033_rev
collapsed_2313345_2313319_2313718,5677196_rev,5677629
collapsed_2313147_2313163_2313071,5676974,5676930_rev
collapsed_2313163_2313071_2313218,5676974,5676930_rev,5677040
collapsed_2313000_2313166_2312942,5676980,5676789_rev
collapsed_2312870_2312830_2312916,5676636_rev,5676693
collapsed_2313293_2313203_2313406,5677134_rev,5677271
collapsed_2314022_12575720_2313969,5677997,5677982_rev
collapsed_2312890_2313319_2312850,5677165,5677146_rev,5676661_rev
collapsed_2312171_2312137_2312200,5675823_rev,5675859
collapsed_16372645_16372644_16372646,5694119,11806818
collapsed_2328427_16372644_2328391,5694105,5694072_rev
collapsed_2330845_2330688_2330971,5696516,5696647_rev
collapsed_2329566_2330304_2329592,5695960,5695248
collapsed_2330304_2329592_2330502,5695960,5695248,5696184
collapsed_2331424_2331197_2332497,5697117,5698206
collapsed_2312912_2312834_2312970,5676690_rev,6304217
collapsed_2313148_2313079_2313203,5676951_rev,19842974_rev,19842975
collapsed_2312239_2312200_2312287,5675898_rev,5675957
collapsed_2313546_2313564_72681270,5677454,5677428_rev
collapsed_2313564_72681270_2313634,5677454,5677428_rev,5677531
collapsed_2312825_2312850_2312548,5676607,5676579_rev
collapsed_2330971_2331191_2330688,5696864_rev,5696516,5696647_rev
collapsed_2310601_2310437_2310893,5674054,5674377
collapsed_2330228_2330399_2330202,5696069,5695893_rev
collapsed_2330399_2330202_2330420,5696069,5695893_rev,5696087
collapsed_2312908_2312871_2312942,5676685_rev,5676721
collapsed_2331453_2331323_2331573,5697145,5697261_rev
collapsed_2330680_2330484_2330728,5696357,5696408_rev
collapsed_2311314_2311290_56722573,5674862_rev,19923786
collapsed_2311352_13098517_2311391,5674399_rev,5674898,5674943
collapsed_2313598_2313554_2313641,5677492_rev,5677542
collapsed_2312308_2312241_2312371,5675982_rev,5676061
collapsed_2312834_2312970_2312808,5676690_rev,6304217,5676586_rev
collapsed_2313691_2313952_72681270,5677906,5677602
collapsed_2331325_2331882_2331235,5697575,5697318_rev,5697015_rev
collapsed_2314049_2314086_12575720,5678054,5678012_rev
collapsed_2314086_12575720_9891871,5678054,5678012_rev,6308354
collapsed_2328758_2328906_2328498,5694562,5694273_rev
collapsed_2311399_2311367_56722575,5674953_rev,16252997
collapsed_2313719_2313679_2313903,5677630_rev,5677748,5677722_rev,5677847
collapsed_2329304_2329273_2330001,5694974,5695634_rev
collapsed_2329273_2330001_2329235,5694974,5695634_rev,5694943_rev
collapsed_2313028_2313079_2313001,5676877,5676821_rev
collapsed_2313297_2313266_2313320,5677139_rev,5677166
collapsed_2313406_2313203_2313632,5677134_rev,5677271,5677529
collapsed_2314546_2314494_13098530,5678576,5678639_rev
collapsed_2313718_2313747_2313319,5677667,5677196_rev,5677629
collapsed_2313001_2313079_2312970,5676877,5676821_rev,5676791_rev
collapsed_9891876_9891875_9891877,6308362_rev,6308365
collapsed_9891879_9891877_9891881,6308368,6308369
collapsed_2329592_2330502_2329615,5695960,5695248,5696184,5695269,5695270_rev
collapsed_2312736_2312747_62505584,5676497_rev,5676486
collapsed_2312194_2312241_14945223,5675902,5675852_rev
collapsed_2312626_2312371_2312686,6304198,5676426
collapsed_14945227_2312614_2312740,5676394_rev,5676489
collapsed_14945222_14945223_2312136,11534966,11534967_rev
collapsed_14945223_2312136_2312241,11534966,11534967_rev,5675902,5675852_rev
collapsed_14947563_14947562_39399638,5678870,5679007_rev
collapsed_14947562_39399638_13098530,5678870,5679007_rev,5678772
collapsed_14947561_2313593_56722618,5677520_rev,11633656
collapsed_2310908_2310959_62678856,5674450_rev,21660149
collapsed_2312691_2312704_2312634,5676447,5676431_rev
collapsed_16304675_2312669_2312648,11793957,11793956_rev
collapsed_2312669_2312648_2312723,11793957,11793956_rev,5676469
collapsed_39399645_13098533_12577881,11832343_rev,11832341
collapsed_56720243_2329668_2329649,13254195,13254194_rev
collapsed_2330001_2330282_2329235,5695947_rev,5694974,5695634_rev,5694943_rev
collapsed_2328647_2328602_2328687,5694287_rev,5694332_rev
collapsed_39494894_2314743_39494896,5678895_rev,5679003
collapsed_39494896_2314743_17720444,5678895_rev,5679003,5679017
collapsed_2311634_2311694_2311472,5675273,5675205_rev
collapsed_56722573_2311290_2311391,5674862_rev,19923786,19923785
collapsed_2311916_2311901_2311942,5675538_rev,5675571
collapsed_17720443_17720446_16134148,12579956,5679047_rev
collapsed_17720446_16134148_17720441,12579956,5679047_rev,12579960,12579959_rev
collapsed_2329324_2329269_2329528,5694996,5695190_rev
collapsed_56722571_2310929_62505574,5674810_rev,21647092
collapsed_56722618_2313593_56722617,5677520_rev,11633656,11633657
collapsed_56722584_2311850_56722590,6239369_rev,11633659
collapsed_56722590_2311850_56722592,6239369_rev,11633659,11633699
collapsed_56722611_2312971_12575719,19923798_rev,19923799
collapsed_2328798_2329008_2328690,5694680_rev,5694450
collapsed_2328844_2330144_2328906,5695792_rev,5694563
collapsed_54677628_13098533_39399638,5679452,10084978_rev
collapsed_2311901_2311895_2311942,5675520_rev,5675538_rev,5675571
collapsed_2310691_2310612_2310902,5674157,5674387
collapsed_72071271_2305098_72071270,13269196,13269195_rev,13265405_rev
collapsed_2304045_72071265_2303850,23985759,5666397_rev
collapsed_72097708_15596758_72097709,10418418,10418417_rev
collapsed_72097709_15596758_72097707,10418418,10418417_rev,5690506_rev
collapsed_72097707_15596758_13712845,10418418,10418417_rev,5690506_rev,5690292_rev
collapsed_13018420_13018419_13018421,10357684_rev,10357686
collapsed_2275282_2275186_2275494,5635153,5635380_rev
collapsed_2275529_2275664_2275510,5635542_rev,5635417
collapsed_2275664_2275510_2275825,5635542_rev,5635417,5635717_rev
collapsed_2327665_2328160_2327316,5693814_rev,5693316
collapsed_2275197_2275509_2275539,5635396,5635425_rev
collapsed_2275186_2275494_2276517,5635153,5635380_rev,5636402_rev
collapsed_2275825_2275510_2276186,5635542_rev,5635417,5635717_rev,5636082_rev
collapsed_2276541_2276493_2276982,5636436,5636883
collapsed_2277025_62714570_2276982,5636995,5636927_rev
collapsed_2276824_2276493_2277362,5636724,5637277_rev
collapsed_13018424_13018423_13018425,10357682_rev,10357683
collapsed_72122906_72122905_2285312,5645696_rev,5645697_rev
collapsed_72122934_72122935_72122933,15795931,19923738_rev
collapsed_2301701_72122940_2301972,23986168_rev,5663981
collapsed_41188560_2303225_2304067,15515121_rev,18949640_rev,18949641,15515710,15515122_rev
collapsed_2330973_45632543_2331148,16680067_rev,5696825
collapsed_2327206_2327177_2327340,5692831_rev,5692969
collapsed_2328887_2328583_2328996,5694545_rev,5694664
collapsed_2328338_2328580_2328133,5694226_rev,5693996
collapsed_2330011_2329790_2331055,5695647,5696736
collapsed_2323990_2324111_2323887,5689433,5689293_rev
collapsed_72122952_72122950_72122953,5666354,5666912_rev
collapsed_72122953_72122950_72122954,5666354,5666912_rev,5667115_rev
collapsed_72122955_2305528_72122956,5668415_rev,5668462
collapsed_2323531_2323887_54741602,5689182_rev,5688788_rev
collapsed_2326422_58107596_2326967,20271355,5692577_rev
collapsed_2328403_41860856_2328832,5694051,5694488_rev
collapsed_41860846_41860847_54314914,5692670,19257723
collapsed_2326441_2326991_2326455,5692602_rev,5692043
collapsed_72037947_72037948_72037945,23983343,23983345_rev
collapsed_2328832_41860856_2328938,5694051,5694488_rev,5694600
collapsed_2303887_72122950_2303925,5666202,5666247_rev
collapsed_54314912_41860847_54314911,19257715_rev,19257717
collapsed_15599367_2328436_15599369,5694729_rev,11665212
collapsed_15599369_2329321_2328436,11665213,5694729_rev,11665212
collapsed_2322634_54741602_2321794,5688572_rev,19235190
collapsed_55777068_2327913_2328145,5693641,5693795
collapsed_2329397_55777071_2328568,19818898_rev,5695070
collapsed_2327560_2327089_2329565,5693205,11665211_rev,20177061
collapsed_2310923_2310873_41188943,5674409_rev,15515010
collapsed_2329366_2329321_2329406,5695042_rev,5695081
collapsed_2328996_2328583_2329114,5694545_rev,5694664,5694793
collapsed_2328523_2328695_2328750,5694341,5694401_rev
collapsed_2328557_2329430_2328938,5695101_rev,5694599
collapsed_2329056_2328676_2329134,5694733,5694811_rev
collapsed_2329134_2328676_2329240,5694733,5694811_rev,5694902_rev
collapsed_54992514_54992515_54992513,19475639,19475638_rev
collapsed_54287248_54287245_16347656,19254270_rev,19254257,19254269_rev
collapsed_54287241_54287242_54287240,19254271_rev,19254281
collapsed_58386617_2333373_58386618,6255725,20316467
collapsed_57401532_54287230_57401534,19254283,19254284_rev
collapsed_57401534_54287240_54287230,19254282_rev,19254283,19254284_rev
collapsed_43447965_2348677_2348637,16079566_rev,16079567
collapsed_2349055_2349522_2348936,5716891,5716372_rev
collapsed_2349246_2349130_2349567,5716574,5716943
collapsed_2348948_2349002_2348963,5716313_rev,5716280
collapsed_2348968_2349002_2348749,5716314,5716281_rev
collapsed_2334419_58653758_58653763,20376922_rev,17259289_rev
collapsed_58653763_58653758_2334548,20376922_rev,17259289_rev,17259288_rev
collapsed_15425084_46335593_2310611,5674482,5674549_rev,5674454,11633688_rev,11633687_rev
collapsed_58530387_2294239_58530386,5655173_rev,20353610,20353612
collapsed_58530386_2293754_2294239,20353611,5655173_rev,20353610,20353612
collapsed_58503036_41188710_41188696,20344006_rev,20344007
collapsed_58503035_41188704_41188695,20344008_rev,20344009
collapsed_58536830_51204339_54141504,18433180_rev,20355375,20355376
collapsed_2292057_2292026_2292104,5652880,5652934_rev
collapsed_2290611_46256051_2290663,16761002_rev,5651396
collapsed_2292026_2292104_2291968,5652880,5652934_rev,5652844
collapsed_15630647_2283486_12517976,10096842_rev,10096844_rev
collapsed_54063142_12517977_65875896,19219962,19219964_rev,19219963_rev,19219961_rev
collapsed_54183373_55649125_55649124,19803523,19803522_rev
collapsed_55649125_55649124_55649126,19803523,19803522_rev,19803524
collapsed_55649124_55649126_54183372,19803523,19803522_rev,19803524,19803521_rev
collapsed_55649126_54183372_54183379,19803523,19803522_rev,19803524,19803521_rev,19803525
collapsed_54183379_54183372_55649127,19803523,19803522_rev,19803524,19803521_rev,19803525,19803526
collapsed_55649127_54183372_55649128,19803523,19803522_rev,19803524,19803521_rev,19803525,19803526,19803527
collapsed_55649128_54183372_54183380,19803523,19803522_rev,19803524,19803521_rev,19803525,19803526,19803527,19803528
collapsed_54183380_54183372_55649129,19803523,19803522_rev,19803524,19803521_rev,19803525,19803526,19803527,19803528,19803529
collapsed_54063157_46166066_54063158,16752213,19219975_rev
collapsed_54063158_46166066_54063159,16752213,19219975_rev,19219977_rev
collapsed_54063159_54063160_46166066,19219976,16752213,19219975_rev,19219977_rev
collapsed_54063160_46166066_54183371,19219976,16752213,19219975_rev,19219977_rev,19219978
collapsed_55649129_59499278_54183372,21000907,19803523,19803522_rev,19803524,19803521_rev,19803525,19803526,19803527,19803528,19803529
collapsed_59499278_54183372_59499279,21000907,19803523,19803522_rev,19803524,19803521_rev,19803525,19803526,19803527,19803528,19803529,21000919_rev
collapsed_59499281_59499280_18725648,21000918,11678170
collapsed_59499280_18725648_59499279,21000918,11678170,21000920
collapsed_59499279_54183372_18725648,21000907,19803523,19803522_rev,19803524,19803521_rev,19803525,19803526,19803527,19803528,19803529,21000919_rev,21000918,11678170,21000920
collapsed_58918806_2315730_58918804,5679975_rev,15515190,15515188
collapsed_58989847_58989845_58989848,20594187_rev,20594189
collapsed_66196697_72477165_56771478,23995825,5667890_rev
collapsed_72477165_56771478_66196698,23995825,5667890_rev,23995826
collapsed_58989071_2311079_62505571,20594096,21647131_rev
collapsed_2320095_2319371_14955879,19239804,19239805_rev,11537914_rev
collapsed_2320385_2319588_2320367,5685151_rev,5685152
collapsed_35720194_2319491_2319394,14359706,14359705_rev
collapsed_2319382_2319371_2319394,5683986,5684002_rev
collapsed_2320516_57436717_57436718,5685298_rev,5685333
collapsed_23679285_2318458_2318415,5682907,5682865_rev
collapsed_2318458_2318415_2319371,5682907,5682865_rev,5683975
collapsed_59838982_2275718_2275703,5635603,5635594_rev
collapsed_2303081_41188565_2301836,15515109,15515119,15515128_rev,15515129,15515123,15515124
collapsed_41188565_2301836_2303788,15515109,15515119,15515128_rev,15515129,15515123,15515124,15515110
collapsed_41188568_2303383_2303274,15515114_rev,15515115
collapsed_2303274_2303383_2303225,15515114_rev,15515115,5665494
collapsed_41188601_2303808_2303918,15515094_rev,15515095
collapsed_41188570_2303401_2303323,15515103_rev,15515104
collapsed_59839063_2356980_70690369,5724319_rev,5724303
collapsed_2305266_41188664_2305469,15515172_rev,5668065
collapsed_2306278_2305786_2306428,5669003_rev,5669181
collapsed_2304152_2304067_2304222,5666524_rev,5666612
collapsed_59597516_13100283_2317540,21007682,21007681_rev
collapsed_2312205_2312098_2312258,5675865,5675926_rev
collapsed_59597519_59597518_59597518,21007680_rev,21007715_rev
collapsed_59761220_2330635_2330558,5696322_rev,11835582
collapsed_59761210_2327171_59761209,11581150,11581148_rev
collapsed_59761209_2327171_2327004,11581150,11581148_rev,5692689,5692675_rev,5692729
collapsed_59761211_2327690_59761212,11581151,11581153_rev
collapsed_59761213_59761212_59761214,11581154,11581152_rev
collapsed_59761214_59761212_59761216,11581154,11581152_rev,11581155_rev
collapsed_59761215_59761216_2328579,5694298,5694244_rev
collapsed_59761221_2332027_2332115,5697757_rev,5697806
collapsed_59623088_2310202_2309715,21016838_rev,21016839
collapsed_59831009_13018417_56457114,5635390,21059140_rev,21059139_rev
collapsed_59706863_35953649_35090478,13272171_rev,16634009,16634008_rev,13272213_rev,23014952_rev
collapsed_59831013_13018421_59831012,19910863_rev,21059136
collapsed_59831012_13018421_56457116,19910863_rev,21059136,21059137
collapsed_56457116_13018421_59831007,19910863_rev,21059136,21059137,19904034
collapsed_56457114_13018417_59831005,5635390,21059140_rev,21059139_rev,19904037_rev
collapsed_59831007_13018421_17719762,19910863_rev,21059136,21059137,19904034,10357698,19904035_rev,19904031,10357701,19904032_rev
collapsed_59831005_56457100_13018417,5634832,19904055_rev,19904036,5635390,21059140_rev,21059139_rev,19904037_rev
collapsed_59839022_54168804_59839021,19233078_rev,19233080
collapsed_59839025_12516497_12516500,19233088_rev,19233087
collapsed_2320307_2320407_2320150,5685176,5685070_rev
collapsed_57739275_57738378_2297759,20214656,20215245_rev
collapsed_59679859_2305603_2306062,21030467_rev,21030468
collapsed_59709890_2330896_2331014,5696632_rev,5696690
collapsed_59709889_2330830_2331014,21033632,21033633_rev
collapsed_59709999_2334154_2334107,21033707,21033708_rev
collapsed_2334107_2334154_70680971,21033707,21033708_rev,5699917_rev
collapsed_59709998_2333941_2333473,21033709_rev,21033712
collapsed_59709997_2333473_2332766,21033711,21033710_rev
collapsed_59709996_2332766_59709995,11764517,11764518_rev
collapsed_59709995_2332766_2332697,11764517,11764518_rev,5698445_rev
collapsed_60007643_60007642_18836106,21094437,16761142,11669072_rev,13271169,16761143_rev,13271170,13271171
collapsed_60007642_18836106_54168651,21094437,16761142,11669072_rev,13271169,16761143_rev,13271170,13271171,21094438
collapsed_60007687_49182519_2311323,21094651_rev,21094652
collapsed_2289867_2289891_54063147,5650568,13247822_rev
collapsed_54063147_2289891_18742350,5650568,13247822_rev,19219968,19219965,19219967_rev,19219966
collapsed_2289155_2289891_2288811,5650567_rev,5649772
collapsed_59918829_15630650_59918828,21074749_rev,21074751
collapsed_59918826_2289780_59918827,21074750_rev,21074753
collapsed_59918827_2289780_59918828,21074750_rev,21074753,21074754
collapsed_60117919_2286738_60117920,5647204_rev,19953430
collapsed_60117920_12516231_2286738,19953429,5647204_rev,19953430
collapsed_2288515_60117928_60137768,21106173_rev,5649100
collapsed_2290263_60117932_2291198,5650953,5651943_rev,5651403_rev
collapsed_48204862_2291200_2291235,17256632_rev,17256633
collapsed_60117939_2290883_60117935,5651622_rev,5651581
collapsed_60117932_60117931_2291198,5650127,5650953,5651943_rev,5651403_rev
collapsed_59872605_15548302_59872606,21071504_rev,21071510
collapsed_59872606_15548303_15548302,21071505,21071504_rev,21071510
collapsed_2274359_2274397_2274878,5634236,5634454,5634721_rev
collapsed_2276586_2277275_2277340,5637171_rev,5637252_rev
collapsed_2276539_2276345_2276893,5636432,5636798,5636448_rev
collapsed_2281011_2280637_2281575,5641074,5641659_rev
collapsed_2283692_60520566_60520565,5643892,5643883
collapsed_60137768_2288183_60117928,5648785,21106173_rev,5649100
collapsed_2291610_2291602_2291675,5652404_rev,5652468
collapsed_2292416_2292454_2292382,5653302_rev,5653257
collapsed_2293342_2293607_2292941,5654508,5654224_rev
collapsed_2293773_2293694_2293801,5654683_rev,5654717
collapsed_2293158_2292812_12411885,5654036,10067763_rev,5654595
collapsed_2293835_2293801_2293902,5654748_rev,5654830
collapsed_2293944_2293219_2293897,5654873_rev,5654874
collapsed_54205984_54205983_65694531,19241923,19241928_rev
collapsed_2293980_2294114_2293633,5655046,5654910
collapsed_59861069_59861072_59861070,21067178,21067180
collapsed_59861071_59861070_59861074,21067181_rev,21067182
collapsed_2293541_12516251_59862342,10096057_rev,21067523
collapsed_2282787_2283275_54168664,5643441_rev,5642404,21091941_rev,19233327_rev
collapsed_59839000_54168702_54168700,19232845_rev,19232844
collapsed_59862337_2281267_59862335,5641343,21067670_rev
collapsed_59862380_2340261_2340969,21067579_rev,21067580
collapsed_41189090_2315423_65054121,15514965_rev,21067018
collapsed_59839002_2296197_54168704,5657318_rev,19232991,19232990
collapsed_41188450_46328981_41188451,15515824_rev,15515828
collapsed_59839027_13017949_70680964,11666274_rev,5694686
collapsed_59862343_59862342_59862344,21067632,21067633_rev
collapsed_59862363_59862362_59862364,21067637,21067697_rev
collapsed_59862362_59862364_2317664,21067637,21067697_rev,19239761_rev,19240164,5682025
collapsed_59862369_59862368_59862370,21067650,21067651_rev
collapsed_59862366_59862365_59862367,21067652,21067653_rev
collapsed_59862333_59862334_59862335,21067669_rev,21067671
collapsed_59862335_2281267_59862334,5641343,21067670_rev,21067669_rev,21067671
collapsed_59862338_59862339_2290147,21067672,5651073_rev
collapsed_59862339_2290147_59862340,21067672,5651073_rev,21067674
collapsed_59862340_2290147_67389009,21067672,5651073_rev,21067674,21067673
collapsed_59839021_54168804_54741606,19233078_rev,19233080,19233079
collapsed_72678042_2324224_2324509,5689711_rev,5689828_rev
collapsed_72678045_2325720_2325935,5691219_rev,5691426_rev
collapsed_2325229_59862367_2325774,21067489_rev,5691252
collapsed_2287959_2288497_2287909,5649076_rev,5648494_rev
collapsed_2308259_2308287_2308181,5671343,5671305
collapsed_2308287_2308181_2307830,5671343,5671305,5671342_rev
collapsed_2327577_2327433_2327954,5693225,5693609_rev,5693474
collapsed_2327433_2327954_2327191,5693225,5693609_rev,5693474,5693066
collapsed_2321008_2321569_2321514,5686481,5686008_rev,5686422_rev
collapsed_2276637_2276339_2276912,5636523,5636817_rev
collapsed_2277224_63739346_2277258,5637122,5637157_rev
collapsed_2278889_2278748_2279219,5638834,5639184_rev
collapsed_2278906_2278941_2278418,5638890_rev,5638850_rev
collapsed_2280702_2280695_2280755,5640777,5640831
collapsed_2280768_2281394_2280725,5641468,5640840_rev
collapsed_2281062_2281400_2280672,5641473,5641126_rev
collapsed_2281176_2281231_69940779,5641307,5641245_rev
collapsed_2282600_2282499_2282959,5642716_rev,5643124
collapsed_2281932_2281858_2281981,5642033_rev,5642085
collapsed_2284163_2284064_2284223,5644365,5644437_rev
collapsed_2284120_2283735_2284234,5644320_rev,5644452
collapsed_2286364_2286386_2286331,5646811,5646792_rev
collapsed_2286331_2286293_2286386,5646758,5646811,5646792_rev
collapsed_2286758_2286592_2287380,5647222,5647875,5647524_rev
collapsed_2287453_2287495_2287410,5648002,5647958_rev
collapsed_2287156_2287511_2286814,5648019,5647647_rev
collapsed_2287940_2287808_2287992,5648475_rev,5648536
collapsed_2287535_2287337_2287509,5648043,5648044_rev
collapsed_2287992_2287808_2288188,5648475_rev,5648536,5648674,5648619,5648575,5648551_rev,5648590,5648630,5648722
collapsed_2287809_72813403_2288221,24021051_rev,5648759
collapsed_2287838_2288382_2287485,5648943,5648364_rev
collapsed_2289160_2289140_2289193,5649777_rev,5649810,5649783_rev
collapsed_2288818_2288621_2289029,5649417,5649635_rev
collapsed_2289606_2289332_2289827,5650252,5650498_rev
collapsed_2289208_2289225_2289193,5649848,5649826_rev
collapsed_2290234_2290707_2289801,5651438,5650930_rev
collapsed_2291894_2291990_2291855,5652805,5652710_rev
collapsed_2292172_2292126_2292327,5653013_rev,5653122,5653050_rev,5653165
collapsed_2291746_2291400_2292821,5652544,5653683
collapsed_2292426_2292372_2292457,5653269_rev,5653307
collapsed_2291500_2291400_2291513,5652286,5652301
collapsed_2294619_2294507_2294674,15796422_rev,5655650
collapsed_2276840_2276803_2276976,5636742_rev,5636876
collapsed_2291407_2290384_2291751,5652187_rev,5652548
collapsed_2321082_2320938_2321275,5685944,5686159_rev
collapsed_2323052_2323496_2322739,5688743,5688230
collapsed_2356603_2356376_2356721,5723860,5723950_rev,5724063_rev
collapsed_2334422_2335775_2334154,5701172,5701687_rev,5700735,5700248
collapsed_2296000_2295985_2296031,5657113_rev,5657143
collapsed_2299634_2299591_2299325,5661236,5661235_rev
collapsed_2309894_2309812_2310043,5673215,5673405_rev
collapsed_2346516_2346626_69941068,5713765,5713700,5713633
collapsed_2328584_2329084_2328673,5694762_rev,5694316
collapsed_2350035_2349967_2350629,5717444_rev,5718074_rev
collapsed_2313130_2313180_2313032,5677001_rev,5676870,5676934_rev
collapsed_2320947_2320506_2321172,5685782,5686049_rev
collapsed_2320077_2319419_55977246,5684805,5684961
collapsed_2279637_2279929_2279344,5639950_rev,5639636
collapsed_2312577_2312896_62808471,5676669_rev,5676294
collapsed_2309821_2310087_2309308,5673466,5673137
collapsed_2313974_2313358_2314296,5677585_rev,5677927_rev,5678291_rev
collapsed_2309981_2310149_2309816,5673535_rev,5673326
collapsed_2316328_2316704_2316074,5680959,5680542_rev
collapsed_2315898_2315905_2315815,5680091,5680085_rev
collapsed_2317212_2317092_2317273,5681425_rev,5681503,5681573
collapsed_2316760_2316701_2316802,5681015,5681059_rev
collapsed_2292361_2292372_2292327,5653209,5653197_rev
collapsed_2327282_2327460_2327194,5693100_rev,5692915
collapsed_2284842_2284814_2284880,5645141_rev,5645190
collapsed_2289398_2289349_60520587,5650030_rev,5650047
collapsed_2328469_2328486_2328444,5694137,5694118_rev
collapsed_2327289_2327595_2327194,5693245_rev,5692925
collapsed_2327917_2327694_2328934,5693568,11580868_rev,5693762
collapsed_2329923_2329904_2330009,5695549_rev,5695644
collapsed_2328337_2328389_18725689,5694040,5695994
collapsed_2325589_2325151_2325943,5691048,5691436_rev
collapsed_2325151_2325943_2325189,5691048,5691436_rev,5690601
collapsed_56542718_56542719_56542716,19909365_rev,19909364
collapsed_60520545_60520544_60520546,21255107_rev,5633708
collapsed_60520540_60520541_60520539,16651416,17206004_rev
collapsed_60520539_60520541_60520538,16651416,17206004_rev,17206003_rev
collapsed_2274803_60520555_2274783,5634707,5634643_rev
collapsed_60520553_60520556_60520552,5634780,5634230_rev
collapsed_60520552_60520556_60520551,5634780,5634230_rev,5634203_rev
collapsed_56542714_56542715_56542713,19909362,19909374
collapsed_2288074_60520577_60520576,5648633,5648613_rev
collapsed_2288935_60520580_60520581,5649535,5649565_rev
collapsed_60520584_60520586_60520583,16752332,11584920_rev
collapsed_60520583_60520586_60520581,16752332,11584920_rev,11584919_rev
collapsed_2279375_2279654_2279093,5639653,5639349_rev
collapsed_2297073_2297493_2297225,5658776,5658489
collapsed_2295432_2294514_2295437,5656463_rev,5656472
collapsed_18742707_18742706_45130056,5636970_rev,5636990
collapsed_2296906_2296710_2297337,5658126_rev,5658611
collapsed_45162297_46256060_45162298,10095112,16761136_rev,10095113,10095109
collapsed_15614779_57773901_45505934,20228822_rev,16667975_rev
collapsed_2293048_2293000_2293145,5653928_rev,5654022,5653970_rev
collapsed_2297184_2296959_2297402,5658440_rev,5658679
collapsed_46335605_46335584_72811894,11737375,14294698_rev,11737376,11633786,24020628
collapsed_72688450_40304531_72688451,15152731_rev,15152729
collapsed_2285169_39156578_39156582,5645490_rev,5645972,5645738_rev
collapsed_2308462_72680827_2308609,24012671,5671706
collapsed_12855016_72680823_2306501,5669842_rev,5669464
collapsed_2294009_2294216_2293358,5655148,5654935_rev
collapsed_2299877_2299871_2299909,5661521_rev,5661568
collapsed_2293730_15606342_64766795,11667420_rev,11667275_rev,5654637
collapsed_45162259_39156576_39156573,5644073_rev,10131320,10131319,10131318_rev
collapsed_2273578_63332487_2273915,5633416_rev,5633465,5633743,15571098,5633651
collapsed_12602941_12602942_2312808,10140920,13490666
collapsed_2309820_2310010_2309786,5673361,5673136_rev
collapsed_2307637_2307698_2307472,5670627,5670556_rev
collapsed_2307630_2307764_56722521,5670706_rev,5670550
collapsed_41188537_2302325_2302543,15515734,15515733_rev
collapsed_16235377_16235375_16235380,11769145,11769146_rev,11769148
collapsed_54063211_18767098_18767108,19220022,13254090_rev,19220023,19220024,19220025,19220028,19220026_rev,19220027
collapsed_2332738_2332130_38402153,5698455,5699455_rev
collapsed_60693589_56722548_2310611,21266812_rev,21266813
collapsed_2275187_2275208_2275162,5635080,5635060_rev
collapsed_72681271_2314076_2313952,24012705_rev,24012706
collapsed_2321748_2321799_2321717,5686760,5686689_rev
collapsed_2321799_2321717_55258594,5686760,5686689_rev,5686785
collapsed_2327752_2327668_2327829,5693415_rev,5693481
collapsed_15612494_15545179_15545176,11668541_rev,11668542
collapsed_2315169_13098531_2315439,5679280_rev,5679572
collapsed_12500438_35058366_2316090,14292891,5681013
collapsed_15596784_12498147_15596783,10087382_rev,11664460_rev
collapsed_2294060_2293947_2294479,5654987,5655438_rev
collapsed_2274331_2274151_2274544,5634169_rev,5634377
collapsed_54168650_35926556_15630630,19232905_rev,19232904
collapsed_45162500_15602094_54741609,10095672,10096109_rev,10095673,11666229,10096110,10095674_rev,11666228
collapsed_2314100_2314091_2314153,5678070,5678132_rev
collapsed_2314091_2314153_2314069,5678070,5678132_rev,5678059
collapsed_39097581_45104868_15606391,15066985,11667390_rev
collapsed_45162352_54063185_15745505,10095918,11736321_rev,10095917
collapsed_2322000_2322077_2321908,5687095,5687005_rev
collapsed_2307381_2307460_70905341,5670355,5670173_rev,5670265
collapsed_2307417_2307549_2307662,5670459,5670315_rev,5670586_rev
collapsed_16288069_2313430_62505589,10079106_rev,21647158
collapsed_2275456_2276046_2275236,5635930_rev,5635331
collapsed_2273983_2273830_2274433,5633816_rev,5634272,5633949_rev
collapsed_39158556_39158557_2297477,5659266_rev,15068167_rev
collapsed_2330047_2329885_2330140,5695684_rev,5695788
collapsed_2274753_2274888_2274608,5634731_rev,5634548
collapsed_19082909_2324625_2324563,13281862,13281861_rev
collapsed_2290561_2290448_2290587,5651287_rev,5651316
collapsed_2286660_2287434_2286592,5647934_rev,5647124
collapsed_2281226_2281280_2281168,5641353,5641298_rev
collapsed_7700205_15736936_18769097,6289832_rev,6291742
collapsed_2326812_2326701_2327119,5692393,5692410_rev,5692743_rev
collapsed_2331277_2330618_2331311,5696711_rev,5696997
collapsed_2310048_2310013_2309235,5673414_rev,5673413
collapsed_2305422_2305158_2305513,5668009_rev,5668122
collapsed_2302997_2303114_2302988,5665298_rev,5665154
collapsed_45632507_2290462_2290384,16680058,16680057_rev
collapsed_46166022_46166013_2290286,16752426,5650978_rev
collapsed_47189805_47189804_64911661,17034898_rev,21926046
collapsed_2321151_2321189_2321114,5686064,5686029_rev
collapsed_2324749_2324106_41860844,5690109_rev,5689609,14500332_rev,5690592
collapsed_2325129_2325219_2325107,5690619,5690638_rev,5690565,5690543
collapsed_2310401_2310537_2310330,5673976,5673897,5673856_rev,5673822_rev
collapsed_7700181_2343583_2342731,6289803_rev,6289802,6291525_rev
collapsed_2279483_2279502_2279472,5639492,5639473_rev,5639467_rev
collapsed_2317664_59862364_2317839,21067637,21067697_rev,19239761_rev,19240164,5682025,5682202
collapsed_12380233_15538551_63372976,11653188,10055605_rev
collapsed_2301161_2301072_12572033,5663027,5663069_rev
collapsed_2301072_12572033_2300955,5663027,5663069_rev,5662937
collapsed_2301346_2301429_2300951,5663323_rev,5663235_rev
collapsed_35269365_7670385_12577950,14310643,14310644_rev,5682188,5682760
collapsed_12855071_2308896_2308933,5672096_rev,5672118
collapsed_2315439_2315763_13098531,5679751,5679672_rev,5679840,5679936,5679280_rev,5679572
collapsed_43809832_45130263_70200557,16274178,5660484_rev
collapsed_2305974_46216854_2306326,5668655,5669054_rev
collapsed_2319819_15734961_2319771,5684515,5684535_rev,5684511_rev
collapsed_56457100_13018417_17719762,5634832,19904055_rev,19904036,5635390,21059140_rev,21059139_rev,19904037_rev,5634688_rev,19904056
collapsed_2336200_56720279_2336458,10095620_rev,5702477
collapsed_45130281_2300810_45162336,5662641,11680053_rev,5662472
collapsed_2300810_45162336_2300906,5662641,11680053_rev,5662472,5662746
collapsed_2326552_2326822_2326503,5692423,5692146_rev
collapsed_54174850_2320640_2322186,5686572,19235191_rev
collapsed_60806214_72900980_69922166,24023402,18410416_rev
collapsed_60844727_60844733_60844725,21321099,21321110_rev
collapsed_60844718_60844722_60844716,5660267,11679536_rev
collapsed_60844715_60844716_60844712,11679535,21321097_rev
collapsed_60844714_57922255_57922247,20246091_rev,20246088
collapsed_57922260_60844731_60844724,21321102_rev,21321107
collapsed_60844721_60844724_60844720,21321108_rev,20246090
collapsed_35092295_60844735_16240784,11778315_rev,11778316
collapsed_72664485_55361580_19082742,13281587_rev,13281589,13281590
collapsed_2310524_12526934_2310323,10100605,5673961_rev
collapsed_72664487_2313620_2314113,5677541_rev,5678084_rev
collapsed_2327482_2328536_2327227,5694187_rev,5693124
collapsed_60844728_60844732_60844726,21321145,21321148_rev
collapsed_60844713_60844712_60844717,21321146_rev,21321151
collapsed_2332253_2332048_66011859,5697960,5698190_rev
collapsed_2332048_2331858_66011859,5697739,5697960,5698190_rev
collapsed_2331858_66011859_2330676,5697739,5697960,5698190_rev,5697559
collapsed_2330676_66011859_2330638,5697739,5697960,5698190_rev,5697559,5696351
collapsed_45130787_2330862_2330716,5696539_rev,5696454
collapsed_47613255_60714360_15602056,21270120,11666224_rev
collapsed_2300585_55062830_2300629,19507324_rev,5662428
collapsed_52640688_2295879_52640689,5657150_rev,18737303_rev
collapsed_2292125_15339239_2292211,5652955_rev,5653045,5653022_rev
collapsed_2326254_2326183_2326322,5691806,5691888_rev
collapsed_2328160_2327316_2328210,5693814_rev,5693316,5693866_rev
collapsed_54205174_54205171_70680961,19240082,17030283_rev
collapsed_2335773_2335856_2335722,5701778,5701684_rev
collapsed_40048865_2305583_2305497,15169091,15169090_rev
collapsed_60759540_60759539_12575741,5693267,5693268
collapsed_60806870_2313054_18145881,21312794,21312795_rev
collapsed_2313054_18145881_45130428,21312794,21312795_rev,5676853
collapsed_18398922_18145888_18145886,12958592,12958584_rev
collapsed_60820579_60820578_60820580,5649026_rev,5649221
collapsed_2288734_60820581_2288926,6270127_rev,5649525
collapsed_2278452_2277837_2278401,5638399_rev,5638400_rev
collapsed_60820585_60820590_60820584,5652707_rev,5652059
collapsed_35926564_35926565_35926563,14410719_rev,14410721
collapsed_2298429_2298219_2298552,5659808_rev,5659955
collapsed_60812321_2361050_47392840,21313865,21313866_rev
collapsed_2361050_47392840_2361295,21313865,21313866_rev,5728732,5728489_rev,5728733
collapsed_2322130_2322103_2322160,5687161,5687193_rev
collapsed_2284173_2284074_2284211,5644380_rev,5644425
collapsed_2305915_2305776_2306148,5668590_rev,5668845
collapsed_2278531_2278358_2278594,5638477_rev,5638547
collapsed_2282966_2283183_2282959,5643483,15068141_rev,15068142_rev,5643182_rev,5643131_rev
collapsed_35077322_15745548_15745544,11778325,11778324_rev,15068129_rev,11778326_rev
collapsed_45130736_62695254_2325987,6289651,6289650_rev,21660945,6289652,6288395_rev,6289653
collapsed_44267935_2335312_2336383,5701408,5702391_rev
collapsed_2307830_2308181_2307750,5671343,5671305,5671342_rev,5670792_rev
collapsed_35936810_2316367_39399639,11737322_rev,17483940,17483939_rev,11653157_rev
collapsed_45130649_15606556_2317313,5683032_rev,14310628,14310629_rev,5682994_rev
collapsed_2284250_2284384_2283923,5644605_rev,5644469
collapsed_2321081_46761256_2321140,16981477,5686016_rev
collapsed_2286834_2286486_2286901,5647303_rev,5647367
collapsed_2308687_2308078_2308797,14326087,11618618_rev,5671938_rev
collapsed_35118102_12498016_16288172,11789130,11789129_rev
collapsed_2323623_2324128_2323313,5689454,5688891
collapsed_45130650_2317892_45130661,14310630_rev,14310631,5683084
collapsed_2316922_2317185_2316806,5681469,5681186
collapsed_2300988_2300305_2301048,5662835_rev,5662905
collapsed_2329101_2329318_2328961,5694987,5694778_rev
collapsed_2307531_2307785_2307243,5670728_rev,5670434_rev
collapsed_2298260_2298007_2298448,5659618_rev,5659830
collapsed_2334923_2334852_2334116,5700744_rev,5700786,5700785_rev
collapsed_45130428_2312967_18145881,5676811,21312794,21312795_rev,5676853
collapsed_43870914_43870913_41227121,16230635,15539597_rev
collapsed_2326056_2325912_2326883,5691569_rev,5692480,5692291
collapsed_2313712_2313380_2313667,5677623,5677624_rev
collapsed_12854984_2306037_2305908,5668726,5668664
collapsed_2325107_2325219_2325056,5690619,5690638_rev,5690565,5690543,5690515
collapsed_2313075_12575716_2313134,5676872_rev,5676939
collapsed_2332087_63473331_2332170,5697781_rev,5697874
collapsed_56722630_56722629_56722632,19923806,11564191_rev
collapsed_54205187_54205188_54205182,19240149,19240150_rev,19240151
collapsed_57580498_2357387_62670650,5725201_rev,5725200
collapsed_54183474_18725677_54183477,10095687,19235903_rev
collapsed_2283834_2283783_2283486,5644015,5644014_rev
collapsed_2329294_62695272_2329318,5694965_rev,5694988
collapsed_2314069_2314153_2314051,5678070,5678132_rev,5678059,5678032_rev
collapsed_14947525_14947520_56728045,5667002_rev,19925540
collapsed_54205983_65694531_54205981,19241923,19241928_rev,19241931
collapsed_54205981_54205980_65694531,19241924,19241923,19241928_rev,19241931
collapsed_57854302_57854301_2289521,20233561,5650273
collapsed_56722661_18890594_37517225,19923833_rev,19923832
collapsed_2325011_2324998_2325060,5690410,5690463_rev
collapsed_56722493_2304137_57738386,5666555,20214566_rev
collapsed_2329499_54065872_2329227,5695436,5695163_rev
collapsed_47392828_47392829_70690406,17199034_rev,23456678
collapsed_51580945_12497970_12497950,10087588,10087587_rev
collapsed_7699891_54183371_39160300,16758830,6305976_rev,15068467
collapsed_2300628_2300955_2300538,5662800_rev,5662426_rev
collapsed_2336983_2336960_2337012,5703067_rev,5703097
collapsed_2313561_2313483_2313928,5677449,5677872_rev
collapsed_2296910_2296896_2297007,5658131,5658242_rev
collapsed_2301241_2301364_2301141,5663256,5663122_rev
collapsed_2300412_2300215_2300538,6306544_rev,5662171,5662317
collapsed_2302664_2303137_2302493,5665324_rev,5664746
collapsed_2307721_2307628_2308128,5670653,5671141_rev,5670762
collapsed_2299816_2300141_2299743,5661835,5661445_rev
collapsed_2301068_2301043_2301101,5662930_rev,5662969
collapsed_2338643_2338547_2338671,5704943_rev,5704979,5705014
collapsed_2336399_2336654_63473348,5702696,5702407_rev
collapsed_2287029_2287390_2287116,5647886_rev,5647605
collapsed_12855613_2321282_63473315,5686166,5686134_rev,5686118_rev
collapsed_2320730_16586604_2320631,5685709,5685537_rev
collapsed_16586604_2320631_2321080,5685709,5685537_rev,5685942
collapsed_2307578_2307602_65091435,5670517,21647115_rev
collapsed_2301186_2300989_2301155,5663058_rev,5663059
collapsed_2289228_2289741_2288980,5650404,5649860_rev
collapsed_2320155_2320099_2320251,5684899,5685011_rev
collapsed_2320099_2320251_2319893,5684899,5685011_rev,10254152
collapsed_2330900_2330415_2331214,5696502_rev,5696575,5696886,5696675_rev
collapsed_2330681_2330578_2330920,5696358_rev,5696598
collapsed_2288313_2288321_2288300,5648871,5648861_rev
collapsed_2319611_2319730_2319408,5684405,5684251_rev
collapsed_2274878_2274397_2275179,5634236,5634454,5634721_rev,5635051_rev
collapsed_2273842_2273824_2273872,5633670,5633700_rev
collapsed_2309244_2309209_2309301,5672472,5672548_rev
collapsed_2310205_2310331_2310164,17259428,17259427_rev,5673672_rev,5673599
collapsed_7699943_2305419_2305480,6289491_rev,6289492,6291497_rev
collapsed_7699999_2315899_12526958,6289562,6291508_rev
collapsed_2316117_2316156_2316112,5680359,5680320_rev
collapsed_12572031_12572030_2299362,5660865,5660908_rev
collapsed_12572030_2299362_2299151,5660865,5660908_rev,5660711
collapsed_2326994_2326831_2327038,5692608,5692660_rev
collapsed_2332203_2332170_2332274,5697908_rev,5697985
collapsed_16372980_15634839_16372979,11680056,11806970_rev
collapsed_2327615_2328771_2327467,5694421,5693264_rev
collapsed_2281043_2280919_2281077,5641104_rev,5641139
collapsed_2299744_2299704_2299792,5661366,5661415
collapsed_2299704_2299792_43827480,5661366,5661415,5661312,5661320_rev,5661306,5661289
collapsed_2293443_2292600_2293764,5654338_rev,5654670
collapsed_2292709_2292695_2292740,5653560,5653596_rev
collapsed_2327258_2327332_2327197,5692962_rev,5692892
collapsed_2330202_2330168_2330420,5695860_rev,5696069,5695893_rev,5696087
collapsed_2327592_2328226_2328096,5693880,5693318,6301794,6301793_rev,5693241_rev
collapsed_15097291_15097293_15097290,11571758_rev,11571755,11571757
collapsed_2294596_2294558_2294641,5655562_rev,5655607
collapsed_2325565_2325218_2326476,5691023,5692069_rev
collapsed_2328340_2328368_2328278,5694023,5694000
collapsed_2330020_2329975_2330089,5695658,5695728_rev
collapsed_7741871_2358390_70690372,5725633,6304609_rev,5725745,6304280_rev
collapsed_12607563_2355396_12527018,5722782_rev,10100537,10100542_rev,10100539
collapsed_2295534_2295817_2295460,5656900_rev,5656582
collapsed_2324595_2324601_2324565,5689932,5689926_rev
collapsed_2323703_2323642_2323453,5688986_rev,5688761_rev,5688985_rev
collapsed_12493809_12493812_2305675,10086805_rev,10086858
collapsed_2275887_2277681_2276067,5637591,5635957
collapsed_2308851_2309641_2308750,5672932_rev,5672016
collapsed_2322453_2322693_2322124,5687809_rev,5687536_rev
collapsed_2320705_55247617_2320938,19568450,5686079_rev,5685594_rev,5685771_rev
collapsed_2329343_2329387_2329318,5695061,5695013_rev
collapsed_2324423_2325120_2323749,5690532_rev,5689401,5689750_rev,5689236
collapsed_2276785_56630954_2276991,5636688_rev,16761202,5636893_rev
collapsed_2320263_2319896_2320370,5685025_rev,5685130
collapsed_2322856_2323053_2321786,5688265,5687991_rev
collapsed_2329694_2329845_2329384,5695482,5695343_rev
collapsed_2329845_2329384_2329873,5695482,5695343_rev,5695507
collapsed_2320746_2320946_2320471,5685781,5685555_rev
collapsed_2313222_2313385_2312877,5677245,5676829_rev,5677047
collapsed_2288034_2287995_2288232,5648576_rev,5648769_rev
collapsed_2294737_45902572_2294681,5655867,5655785_rev,5655722_rev
collapsed_2276766_2276796_2276728,5636698,5636660_rev
collapsed_2318402_2318172_63473303,5682840,5682970_rev
collapsed_2318892_2319009_2319379,5683542_rev,5683983
collapsed_72814610_46233473_39160273,10096829_rev,11678091_rev
collapsed_72693330_23175321_44968289,5659050_rev,5659102
collapsed_72816055_72811894_43754855,24021407,16218046
collapsed_72813403_2288221_72813402,24021051_rev,5648759,24021052
collapsed_62052717_72813402_62052718,21369061_rev,21369063
collapsed_72915578_2312638_2312732,24023945_rev,24023946
collapsed_72757373_65955171_65955170,22412540,22412533_rev
collapsed_65955170_65955171_65955172,22412540,22412533_rev,22412536
collapsed_2324851_2324813_2324923,5690221_rev,5690304
collapsed_41188864_41188874_41188859,15515376,15515375_rev
collapsed_58386620_58386631_2538331,20316466,20316465_rev
collapsed_57498597_41188841_41188859,15515369_rev,15515373
collapsed_58386618_2333373_58386622,6255725,20316467,20316463
collapsed_58386628_58386629_58386627,20316454,20316455_rev
collapsed_58386629_58386627_58386630,20316454,20316455_rev,20316452
collapsed_58386627_58386630_58386622,20316454,20316455_rev,20316452,20316461_rev
collapsed_58386635_58386640_58386637,20316456,20316447_rev
collapsed_58386633_58386636_58386632,20316448,20316449_rev
collapsed_58386622_58386630_2333373,20316454,20316455_rev,20316452,20316461_rev,6255725,20316467,20316463
collapsed_56729532_56728016_15538487,19925536,19925532_rev,19925538_rev,19925537_rev
collapsed_2324618_2324403_2325527,5689952_rev,5690983
collapsed_56729536_56728043_56728045,19925531,19925541_rev
collapsed_56728045_56728043_14947520,19925531,19925541_rev,5667002_rev,19925540
collapsed_16235399_16235401_16235397,11769106_rev,11769107
collapsed_47056249_47056250_47056248,17022595,17022610_rev
collapsed_15634112_18725655_35092303,13244227,13244160,14294884
collapsed_16235370_16235371_16235372,11769140,11769139_rev
collapsed_16240812_16240811_16240809,11771047_rev,11771044
collapsed_58653759_58653760_58653758,20376920_rev,20376921
collapsed_35118081_48859681_51718722,16766594_rev,11737537
collapsed_16240811_16240807_16240809,11771046,11771047_rev,11771044
collapsed_2328566_59761216_2328714,5694296_rev,5694363
collapsed_2307103_2306768_2306769,5669955_rev,5669956_rev
collapsed_16235455_16288162_16235454,11769073,11769071_rev
collapsed_16235448_16288149_16235451,11789199_rev,11769075,11769076
collapsed_16288159_16288163_16235451,11789125,11789126_rev
collapsed_35092303_15634113_18725655,14294885,13244227,13244160,14294884
collapsed_42600920_42600921_42600919,15795785_rev,15795786
collapsed_2309882_2309592_2309799,5673200_rev,5673153_rev,5673201_rev
collapsed_39158652_39158653_16141391,15068181,11749263_rev
collapsed_35060737_16235402_16235404,11778335,11778334_rev
collapsed_16235402_16235404_16235401,11778335,11778334_rev,11769105
collapsed_35060738_16235405_16235404,11778336_rev,11778337
collapsed_16235442_2318195_16235440,11769056_rev,11769057
collapsed_55247618_55247617_55247619,19568454_rev,19568455
collapsed_56729540_13098501_56728055,19925514_rev,19925517
collapsed_16235401_16235404_16235397,11778335,11778334_rev,11769105,11769106_rev,11769107
collapsed_16235397_16235404_16235394,11778335,11778334_rev,11769105,11769106_rev,11769107,11769108
collapsed_16235394_16235404_16235390,11778335,11778334_rev,11769105,11769106_rev,11769107,11769108,11769109
collapsed_16235382_56722567_16235380,11769151_rev,11769150_rev
collapsed_16235390_16235404_16235386,11778335,11778334_rev,11769105,11769106_rev,11769107,11769108,11769109,11769110
collapsed_16235386_16235404_16235393,11778335,11778334_rev,11769105,11769106_rev,11769107,11769108,11769109,11769110,11769117
collapsed_53890091_53890089_53890089,19202753_rev,19202754
collapsed_35118110_56722681_2321658,11749186_rev,5686580
collapsed_16235454_16235457_16288162,11769069,11769073,11769071_rev
collapsed_15602058_15602056_60714359,11666223,5690399
collapsed_47056255_47056256_47056253,17022611,17022612_rev
collapsed_54183476_54183478_54183478,19236236_rev,19236238
collapsed_54183462_54183450_54183450,19236398_rev,19236399
collapsed_54168771_15425061_57786510,19232765,20231064_rev
collapsed_15425061_57786510_35090470,19232765,20231064_rev,5673270
collapsed_54168766_54168769_57786479,19232759,20230976_rev
collapsed_54168769_57786479_57786504,19232759,20230976_rev,20231066
collapsed_60158718_53997460_66074088,19212005,19212004_rev
collapsed_53997460_66074088_53997464,19212005,19212004_rev,19212013
collapsed_2325527_2325478_2324403,5690984_rev,5689952_rev,5690983
collapsed_54046312_54046314_54046314,19217066_rev,19217067
collapsed_53997462_53997465_53997464,19212008,19212014_rev
collapsed_2329044_2328866_2329061,5694721,5694739_rev
collapsed_56384623_56384624_56384624,19893923_rev,19893924
collapsed_53997467_53997465_53997465,19212010_rev,19212011
collapsed_53997464_66074088_53997465,19212005,19212004_rev,19212013,19212008,19212014_rev
collapsed_35118087_16235431_16235434,11778352,11778350_rev
collapsed_2325771_2325793_2325557,5691278_rev,5691249
collapsed_18768794_18768795_65740953,13254290_rev,13254289
collapsed_18768799_18768800_18768798,11664312_rev,11664434_rev
collapsed_35092314_16240801_16240803,11778311_rev,11778312
collapsed_35092312_16240800_16240801,11778314,11778313_rev
collapsed_16240800_16240801_16240799,11778314,11778313_rev,11771060
collapsed_35092313_16240802_16240801,11778309_rev,11778310
collapsed_16240787_16240785_16240785,11771067_rev,11771068_rev
collapsed_2356714_2356980_2356912,5724318_rev,5724254
collapsed_57889503_16240770_16240770,20240930_rev,20240931
collapsed_35092300_20005121_20005122,14294882_rev,14294883
collapsed_2306544_2306589_2306400,5669365,5669317_rev
collapsed_2306675_2306662_2306724,5669458_rev,5669523
collapsed_35353028_51718722_16288073,11737538_rev,11789068_rev
collapsed_2328008_2327789_2328065,5693654,5693715_rev
collapsed_57786479_57786504_57786478,19232759,20230976_rev,20231066,20230982_rev
collapsed_57786478_56722526_57786504,20230981_rev,19232759,20230976_rev,20231066,20230982_rev
collapsed_51580928_51580923_16235431,18434864,18434832_rev
collapsed_51580923_16235431_16235434,18434864,18434832_rev,18434865
collapsed_52597981_52597980_52597978,18733889_rev,18733890
collapsed_51580918_16235430_16235434,18434833_rev,18434834
collapsed_51580929_16235431_16235423,18434835_rev,18434871
collapsed_35092302_16240791_16240789,11778317_rev,11778318
collapsed_35092307_16240793_16240791,11778319_rev,11778320
collapsed_2320431_2320087_2319530,6270171_rev,5685203_rev,6270172_rev
collapsed_35090478_35953649_35953649,13272212_rev,13272171_rev,16634009,16634008_rev,13272213_rev,23014952_rev
collapsed_57632311_57632312_57632314,20205538_rev,20205539
collapsed_35353021_12493907_15747798,11737419,11737472_rev
collapsed_35353025_15747809_15747814,11737422,11737474_rev
collapsed_35353030_15747834_15747824,11737438,11737509_rev
collapsed_35353022_15747801_2313693,11737485_rev,11737486
collapsed_57632309_57632313_57632308,20205540,20205543_rev
collapsed_57632313_57632308_57632315,20205540,20205543_rev,20205541
collapsed_57632308_2356274_57632315,6304291_rev,20205532,20205542,20205540,20205543_rev,20205541
collapsed_35118075_15747839_15747834,11737470,11737469_rev
collapsed_35077301_46165878_45602916,5637394,5637370_rev
collapsed_35090470_57786510_15425078,19232765,20231064_rev,5673270,5673461
collapsed_35118079_15747853_15747864,11737426,11737425_rev
collapsed_35118076_15747847_15747844,11737428_rev,11737429
collapsed_35118095_12497989_12497993,11789082_rev,11789083
collapsed_35077320_15745538_15745528,11736393,11736392_rev
collapsed_35077309_15745488_43859480,11736378_rev,11736375_rev,11736379_rev
collapsed_35077315_35077314_35077314,14294665_rev,14294666
collapsed_53269806_53269807_53269807,18911618,18912654_rev
collapsed_2322724_2322693_2322785,5687846_rev,5687881_rev,5687917
collapsed_51580934_48859693_15747882,18434837_rev,18434875
collapsed_2311683_56631377_2311735,19918191_rev,5675321
collapsed_2327924_16372643_2327907,5693602,5693577
collapsed_2325943_2325189_2325915,5691048,5691436_rev,5690601,5691437_rev
collapsed_2326692_2326125_2326753,5692299_rev,5692359_rev
collapsed_2326503_2326822_2326458,5692423,5692146_rev,5692098_rev
collapsed_2326206_2325966_2326606,5691747,5692209_rev
collapsed_2326969_2326643_2326954,5692578_rev,5692579
collapsed_2326068_2325403_2325966,5691582,5691583
collapsed_2320468_2320415_2320476,5685245_rev,5685255
collapsed_2320056_2319758_2320087,5684781,5684821_rev
collapsed_2330097_2330175_2329346,5695828,5695740_rev
collapsed_41615769_41188903_41615768,15701874_rev,15701875
collapsed_46459885_46459884_46459886,16789981_rev,16789982
collapsed_53975222_53975223_53975217,19210082,19210086_rev
collapsed_57498614_57498615_41188922,15515017,15515020_rev
collapsed_2283984_2283923_2284446,5644181_rev,5644679
collapsed_53856268_53856265_53856265,19196861_rev,19196862
collapsed_53975236_53975239_53975233,19210068,19210071_rev
collapsed_53975233_53975239_15606357,19210068,19210071_rev,19210072_rev
collapsed_53856269_53856267_53856267,19196865_rev,19196866
collapsed_53975249_53975254_53975254,19210059,19210062_rev
collapsed_57004419_57004418_57004416,19955433_rev,19955434
collapsed_57004405_57004406_57004403,19955437_rev,19955438_rev
collapsed_48204816_46255901_48204817,17256593,17256596_rev
collapsed_48204817_46255913_46255901,17256595_rev,17256593,17256596_rev
collapsed_56630957_56630954_63639207,19917939_rev,19917940
collapsed_48231566_48231565_48231563,17259508,17259511
collapsed_53856281_53856283_53856278,19196850_rev,19196853_rev
collapsed_41188615_41188623_2303489,15515666,15515665_rev
collapsed_41188623_2303489_66662553,15515666,15515665_rev,15515664
collapsed_41188598_41188600_41188596,15515675,15515677_rev
collapsed_41188474_41188483_57498506,15514938,15514939_rev,15514700_rev
collapsed_41188499_57498510_41188506,15515777,15515776_rev
collapsed_41188932_41188920_41188937,15515322,15515320_rev
collapsed_52640692_52640693_52640690,17032885_rev,18737301
collapsed_52640690_52640693_52640689,17032885_rev,18737301,18737302
collapsed_52640689_2295879_52640693,5657150_rev,18737303_rev,17032885_rev,18737301,18737302
collapsed_55318146_55318144_55318148,19576604,19576601_rev
collapsed_39156547_55318142_39156548,19576607_rev,19240685_rev,19240686
collapsed_41188913_41188912_41188915,15515332,15515330_rev
collapsed_41188972_41188975_41188966,15515274,15515275_rev
collapsed_53021072_53021070_53021070,18830531_rev,18830532
collapsed_52962840_52962839_52962839,18815842_rev,18815843
collapsed_57249648_57249646_57249646,20163798_rev,20163799
collapsed_41188670_41188690_41188662,15515170_rev,15515167_rev
collapsed_58989849_58989848_58989846,20594190_rev,20594192_rev
collapsed_58989848_58989845_58989846,20594187_rev,20594189,20594190_rev,20594192_rev
collapsed_58989846_58989845_58989845,20594191_rev,20594187_rev,20594189,20594190_rev,20594192_rev
collapsed_48231570_48231569_48231573,17259577,17259580
collapsed_2328532_2328525_2328561,5694184_rev,5694210
collapsed_2329649_2329668_2329668,5695317,13254195,13254194_rev
collapsed_15732643_15732644_15732642,11642310,11642309_rev
collapsed_2295966_15634052_15634044,11679656,19240745_rev
collapsed_2297484_15489731_2298278,11637071_rev,5659636
collapsed_15732646_15489731_62559986,11642305,11642306_rev
collapsed_61953583_16240767_16240735,21356569_rev,21356570
collapsed_2303489_66662553_2303481,15515666,15515665_rev,15515664,5665749_rev
collapsed_41188659_41188662_2304755,15515591_rev,15515592
collapsed_2309452_2309744_2309290,5673042_rev,5672718
collapsed_61953571_18742718_61953570,21356463,21356464_rev
collapsed_61953568_61953569_65976611,11669101,11669102_rev
collapsed_61953569_65976611_61953570,11669101,11669102_rev,11669103
collapsed_2278382_2278272_15614812,5638308,11669085_rev
collapsed_39156559_2279136_39156557,5639141_rev,5639140,5638829
collapsed_39156561_2278957_45130074,5638909_rev,5638861
collapsed_15614818_18742716_61953570,13247896,5638649_rev
collapsed_45130074_45130073_2278957,5638827,5638909_rev,5638861
collapsed_45130073_2278957_39156557,5638827,5638909_rev,5638861,5638806
collapsed_45130071_39156557_61953570,5638763_rev,5638669
collapsed_61953552_57922220_54168653,21356466,21356572_rev
collapsed_2314562_2314797_2314342,5678860_rev,5678595
collapsed_2316196_2315958_70480112,5680400,23429350_rev
collapsed_61953543_2275162_61953544,21356602_rev,21356603
collapsed_2327165_2327938_62362682,5693591_rev,21621374
collapsed_62362682_2327938_41860844,5693591_rev,21621374,21621375
collapsed_45632544_45632541_62397407,16680182,21629196_rev
collapsed_62397398_62397400_62397401,21629388_rev,21629396
collapsed_62102931_59861072_59861079,21067177_rev,21067189
collapsed_62052720_62052721_62052719,21369060,21369062_rev
collapsed_62052721_62052719_2288195,21369060,21369062_rev,5648669
collapsed_62052719_2288195_62052718,21369060,21369062_rev,5648669,21369064_rev
collapsed_62102989_14947530_2305398,6304137_rev,21400181,21400182
collapsed_62361271_62361274_62361270,21620939,21620942_rev
collapsed_45624720_62397361_62397360,16679637,21629418_rev
collapsed_45624725_45624727_45624723,16679644,16679645
collapsed_45624722_45624723_45624721,16679640_rev,16679638
collapsed_45624716_45624715_62397357,16679633,21629178_rev
collapsed_62397396_54314908_54314908,21629219_rev,21629220
collapsed_62397401_62397400_45632540,21629388_rev,21629396,16680183_rev
collapsed_62397321_62397322_62397320,21629158_rev,21629159
collapsed_62397317_45632491_65709370,21629160_rev,21629161
collapsed_62471704_35099633_62471705,21640941,21640945_rev
collapsed_37517222_37517221_45130490,5680957,5680958_rev
collapsed_37517232_37517234_45130530,5682650,5682300_rev
collapsed_56722617_2314226_2313593,5677843,5677520_rev,11633656,11633657
collapsed_56722592_45130420_2311850,6258357,6239369_rev,11633659,11633699
collapsed_45130420_2311850_43754855,6258357,6239369_rev,11633659,11633699,16218044,6258358_rev
collapsed_62480788_2304996_2304792,21641640,21641641_rev
collapsed_62480787_2304067_62480789,16630103_rev,18960224
collapsed_62480791_41188898_41188874,15515380,15515381_rev
collapsed_62480789_2304067_53856262,16630103_rev,18960224,19196195_rev
collapsed_2316085_56722640_45162430,19923818,15068056_rev
collapsed_2318090_15493158_2319216,5682479_rev,5683784
collapsed_46335612_46335616_70238255,11633653,11633697_rev
collapsed_35051552_35051551_12323854,11763134_rev,11763241
collapsed_16235437_2317747_2317587,11769052_rev,11769053
collapsed_45130489_45130490_56722654,5680913,6306675
collapsed_45130490_56722654_37517221,5680913,6306675,5680957,5680958_rev
collapsed_39253247_15425105_46335616,15105951_rev,15105952
collapsed_35099633_62471705_62471703,21640941,21640945_rev,21640942
collapsed_62492297_62492299_52718805,21643677,21643678_rev
collapsed_62492294_62492292_62492295,21643685,21643686_rev
collapsed_45162325_45162327_15614945,11669179_rev,11669176
collapsed_48834706_55734530_48834705,17479892,17479893_rev
collapsed_55734530_48834705_48834708,17479892,17479893_rev,13286678_rev
collapsed_48834708_48834705_41622913,17479892,17479893_rev,13286678_rev,14430834_rev
collapsed_15614952_15614950_45162327,11669174_rev,11669177
collapsed_15614945_15614940_45162327,11669180,11669179_rev,11669176
collapsed_51580924_12497984_51580917,10087658,18434861_rev,18434942_rev
collapsed_45162331_45162346_43827480,11734455_rev,16224850,16224851
collapsed_45162329_45162330_15614950,16224854,11734448_rev
collapsed_45162330_15614950_43827480,16224854,11734448_rev,16224855
collapsed_57786577_57786511_15742907,20231065_rev,11734592
collapsed_57786489_57786508_15742903,20231068,11734590_rev
collapsed_15742903_57786508_69253109,20231068,11734590_rev,11734589_rev
collapsed_48834705_41622913_62505617,17479892,17479893_rev,13286678_rev,14430834_rev,21647067_rev
collapsed_62505612_35827988_62505613,21647068_rev,21647208
collapsed_62505613_62505614_35827988,21647071,21647068_rev,21647208
collapsed_62505614_35827988_62505615,21647071,21647068_rev,21647208,19923822
collapsed_16288068_62505593_62505597,11789168_rev,11789165
collapsed_46054556_44927606_44927605,16702963_rev,16702960
collapsed_62505561_44927606_62505562,16702954,21647083_rev
collapsed_48834701_48834703_39156739,17479888,17479890_rev
collapsed_48834703_39156739_63373910,17479888,17479890_rev,11667332
collapsed_39156739_63373910_48834702,17479888,17479890_rev,11667332,17479889_rev
collapsed_48834702_63373910_35090472,17479888,17479890_rev,11667332,17479889_rev,17479887_rev
collapsed_62505526_2299164_2299792,21647094_rev,14360108,21647095_rev
collapsed_62505538_2306095_62505537,21647101,21647103_rev
collapsed_62505545_2307152_43076418,5670013_rev,21647104,21647105
collapsed_62505544_2306723_2307196,21647106_rev,21647107
collapsed_62505541_2306493_2306387,21647108_rev,21647109
collapsed_62505535_48252795_2305349,21647110_rev,21647111
collapsed_62505534_2305193_15538497,21647112_rev,21647113
collapsed_15148394_2307752_2307003,11584711_rev,11584712
collapsed_56722601_56722605_2312756,19923797,19923794_rev
collapsed_2310520_62505565_62505566,21647135_rev,21647136
collapsed_35077334_14947544_62505557,5672878_rev,21647151
collapsed_62505557_14947544_62505558,5672878_rev,21647151,21647202_rev
collapsed_12572039_12499192_2302925,10088534_rev,5665069
collapsed_62505531_48188262_48188262,21647162_rev,21647163
collapsed_62505553_35077327_35077327,21647164_rev,21647165
collapsed_62505581_16502399_16502399,21647166_rev,21647167
collapsed_62505592_46295648_46295648,21647171_rev,21647172
collapsed_62505618_15606532_18890592,11653074,13275670
collapsed_62505584_62505586_2312747,21647195,5676497_rev,5676486
collapsed_45130438_62505590_2313108,11789077,5677092,5677044_rev,5677243,5677469,5676992_rev
collapsed_62505552_45162385_45162384,11667218,5671399_rev
collapsed_2314129_62505595_62505594,11789072,5678104_rev
collapsed_62505594_62505590_62505595,5677894,11789078_rev,5678068,11789072,5678104_rev
collapsed_62559989_2306301_2306349,21650305_rev,21650306
collapsed_62618449_62618450_62618448,5703832,5703775_rev
collapsed_62618448_62618450_60759643,5703832,5703775_rev,5703371_rev
collapsed_62670640_2354352_62670641,5721960_rev,5722129
collapsed_62670644_62670643_70690956,21658153_rev,21658154
collapsed_36079526_15596820_2351505,11664316,5718988_rev
collapsed_62670647_62670646_70690366,17030196_rev,17030197
collapsed_62670646_2355749_70690366,5723518_rev,17030196_rev,17030197
collapsed_2356476_62670649_12575771,5723817,5723840_rev
collapsed_62670649_12575771_62670648,5723817,5723840_rev,21658161
collapsed_62670648_12575771_70690959,5723817,5723840_rev,21658161,21658162
collapsed_2321299_2321409_2322124,5686321_rev,5687152
collapsed_2321982_2321844_2322661,5686979,5687772_rev
collapsed_2322583_2322137_2322621,5687670_rev,5687718_rev
collapsed_2322008_2321442_2322066,5687014,5687081
collapsed_2322728_2323101_2322468,5688284_rev,5687849
collapsed_2322661_2321844_2323225,5686979,5687772_rev,5688422,5687949
collapsed_2322974_2323257_2321569,5688453,5688124
collapsed_2323326_2323356_2323299,5688575,5688540_rev
collapsed_2324376_2324344_2324403,5689709_rev,5689731_rev
collapsed_62492298_62492299_58401516,21643687_rev,23371131_rev,23371132
collapsed_2324581_62695251_2323903,21660946_rev,5689420,5689908_rev
collapsed_2325017_63473322_12498082,5690436_rev,10087374_rev
collapsed_2325075_2325219_2324897,5690637,5690482_rev
collapsed_2325668_2325582_2325701,16726840,5691180_rev
collapsed_2325855_2325826_2325896,5691342_rev,5691396
collapsed_2326048_2325989_2326095,5691559_rev,5691622
collapsed_2326305_2326345_70629657,5691917_rev,6241054
collapsed_2326070_2326499_2326057,5692094,5691586_rev
collapsed_2326095_2325989_2326621,5691559_rev,5691622,5691921,5691718_rev,5692225
collapsed_2326158_66241684_2325786,5692016,5691698_rev
collapsed_2326057_2326041_2326499,5691571,5692094,5691586_rev
collapsed_2326818_2326992_2326557,5692604,5692418_rev
collapsed_2326954_2327148_2326643,5692771,5692578_rev,5692579
collapsed_2327334_2327257_2327734,5692965,5693398_rev
collapsed_2327362_2327172_2327606,5692990_rev,5693255
collapsed_2327345_2327565_2327100,5693209,5692974_rev
collapsed_2327457_2327273_2327718,5693095_rev,5693378
collapsed_2327880_2328203_2327377,5693863,5693530_rev
collapsed_2328242_2327486_2328432,5693901_rev,5694076
collapsed_2328720_2328700_2328774,5694373_rev,5694428,5694391_rev
collapsed_2328525_2328486_2328561,5694173_rev,5694184_rev,5694210
collapsed_2328542_2328493_2328607,5694189_rev,5694248
collapsed_2329061_2328866_2329076,5694721,5694739_rev,5694756_rev
collapsed_2329054_2329306_2328708,5694977_rev,5694483,5694730_rev
collapsed_2329462_2329689_2329109,5695335,5695127_rev
collapsed_2329729_2330012_2329469,5695649_rev,5695379
collapsed_2330008_2330195_2329799,5695854_rev,5695642
collapsed_13018460_62714572_62714573,10357720_rev,10357721
collapsed_60520537_60520538_2272208,5632303,5631998_rev
collapsed_2272208_60520538_2272217,5632303,5631998_rev,5632007_rev
collapsed_2272217_60520538_46165858,5632303,5631998_rev,5632007_rev,5632183_rev,5632101
collapsed_62714571_2277693_2277618,5637607_rev,5637255_rev,5637519_rev
collapsed_62714570_2277537_2276982,5637448_rev,5636995,5636927_rev
collapsed_2328961_2329318_62695256,5694987,5694778_rev,5694624_rev
collapsed_2307305_2308002_2307384,5670994,5670268
collapsed_2308105_2308302_2307946,5671363_rev,5671121
collapsed_2308601_2308620_2308529,5671717,5671641_rev,5671696
collapsed_2307884_2307500_2309338,5670853_rev,5672588
collapsed_2308800_2309005_2308181,5672204,5671944
collapsed_2311769_66402640_2311839,19235895_rev,5675449
collapsed_2311974_2312763_2311623,5676515,5675608_rev
collapsed_2311960_2311933_2312020,5675591,5675656_rev
collapsed_2319120_2318804_2319341,5683682_rev,5683936_rev
collapsed_2315018_66402648_2314940,5679155,5679109_rev
collapsed_2317764_2317732_2317775,5682109,5682124_rev
collapsed_2319164_2319423_2318835,5684038_rev,5683730
collapsed_2321223_2321706_2320521,5686639_rev,5686098
collapsed_62808462_2305787_15745530,5668452_rev,11736353
collapsed_62793370_15339831_62793369,11627647,11627646_rev
collapsed_62808494_2324535_2324240,5689857_rev,5689738
collapsed_62808509_2337681_62808508,5703879_rev,5703758
collapsed_62808484_62808483_62808485,6288382,15791231_rev
collapsed_62808483_62808485_2317424,6288382,15791231_rev,6289577,6289576_rev
collapsed_62808485_2317424_58010511,6288382,15791231_rev,6289577,6289576_rev,15791230_rev
collapsed_62808463_2307337_2307557,21677375,21677374_rev
collapsed_62808486_2318254_2317986,20251670,20251669_rev
collapsed_2305118_2304986_2305763,5667656,5667828,5667717_rev,10418967,5668068_rev,10418968
collapsed_62828568_2320699_2320629,5685502,5685467_rev
collapsed_2335945_2335893_15602117,5701894_rev,11666159
collapsed_2336780_2335885_2337042,5702829_rev,5703127
collapsed_2336898_2337147_62817555,5703253_rev,5702963
collapsed_16449554_2337141_2336628,5703243_rev,11835588
collapsed_2336957_2336042_2337221,5703038_rev,5703338
collapsed_2305249_2305107_2305108,5667796,5667797
collapsed_2305287_2305460_2304900,5668056,5667845
collapsed_2305460_2305667_2304900,5668316,5668056,5667845
collapsed_2305865_2306388_2305667,5669141_rev,5668537
collapsed_2305764_2305711_2305806,5668426_rev,5668477
collapsed_2306729_2306973_2306493,5669808_rev,5669442,5669526_rev
collapsed_2307085_2307169_2307028,5670034,5669934_rev
collapsed_2307905_2307853_2307665,5670876_rev,5670875
collapsed_2308156_2308305_2307865,5671365,5671173_rev
collapsed_2308260_62921194_2308493,5671307,5671791_rev,5671792
collapsed_2308218_2308055_2308493,5671252,5671588_rev
collapsed_2310495_2310646_68561691,5674104_rev,22723842
collapsed_2311174_2311344_2310817,5674892_rev,5674697
collapsed_2311754_2311616_2312153,5675348,5675613,5675801_rev,5675489
collapsed_2311557_2311528_2311621,5675129_rev,5675192
collapsed_2301449_2300724_2301456,5663344_rev,5663349
collapsed_2302720_2302689_2302826,5664818,5664957_rev
collapsed_2302322_2302295_2302372,5664345_rev,5664404
collapsed_2313103_2313270_2312732,5677110_rev,5676904
collapsed_2303464_2303573_2303406,5665852_rev,5665718
collapsed_2303874_2303466_2304066,5666183,5666418_rev
collapsed_2311708_2311909_2311647,5675530_rev,5675291
collapsed_2311579_2311547_2311609,5675149_rev,5675177
collapsed_2314331_2313958_2314274,5678334,5678335_rev
collapsed_2314857_2314782_2314930,5678926,5679005_rev
collapsed_2315378_2315344_2315670,5679505_rev,5679817
collapsed_62828939_2314020_2313936,21681157,21681158_rev
collapsed_62828942_36708274_2315882,5680003_rev,5680032,5680068
collapsed_62828943_12516416_66402653,11835548,11835547_rev
collapsed_2316157_62828944_2316119,21681162,5680360_rev
collapsed_62828948_15602033_15602031,11666200_rev,11666201
collapsed_62828956_2320631_66402668,5685428_rev,5685213_rev,11580881,11580882
collapsed_2315699_2315670_2315727,5679855,5679893_rev
collapsed_62828962_2321764_2321971,5686748,5686966_rev
collapsed_62828963_2324643_2324734,5690056,5690093_rev
collapsed_62828964_2326347_2326193,5691920,5691880_rev
collapsed_62828965_2326563_2326650,5692223_rev,5692254
collapsed_62828966_2328652_2327935,5694291_rev,5693848,5693829
collapsed_2315353_2315307_2315437,5679481_rev,5679570
collapsed_2319750_2319959_2319488,5684679,5684425_rev
collapsed_2319771_2319727_15734961,5684450_rev,5684515,5684535_rev,5684511_rev
collapsed_2320370_2319896_2320559,5685025_rev,5685130,5685344
collapsed_2320500_2320533_2320439,5685315_rev,5685280
collapsed_2320937_2321095_2320900,5685958,5685770
collapsed_62817836_12516247_15630654,21678620_rev,21678621
collapsed_2323330_2323335_2323523,5688554_rev,5688776_rev
collapsed_2323783_2323711_2323915,5689069_rev,5689214
collapsed_2324277_2324187_2324337,5689608_rev,5689671
collapsed_2299500_2299331_2299601,5661077_rev,5661195_rev
collapsed_2299522_2299474_2299560,5661095_rev,5661147
collapsed_2301832_2301798_2301852,5663808,5663834_rev
collapsed_2309565_2310687_2309555,5674150_rev,5672848_rev
collapsed_2310636_2310783_2310416,5674254_rev,5674092
collapsed_62892649_2337186_2336088,21683533_rev,21683534
collapsed_62907475_41188497_62907476,15514926,21685644_rev
collapsed_62907476_41188497_41188508,15514926,21685644_rev,15514925_rev
collapsed_62906272_2288073_62906273,21685418,21685420_rev
collapsed_2273565_2273596_2273546,5633428,5633402_rev
collapsed_2273596_2273546_2273620,5633428,5633402_rev,5633452
collapsed_2295685_2295269_2295751,5656746_rev,5656827
collapsed_2272952_2272856_2273001,5632756,5632807_rev
collapsed_2350374_2350587_2350321,5718027,5717815_rev
collapsed_2350587_2350321_2350901,5718027,5717815_rev,5718137_rev,5718378
collapsed_2273985_2274067_2273958,5633876_rev,5633848_rev,5633901_rev,5633818_rev
collapsed_2275160_2275179_2275151,17259517_rev,5635030
collapsed_2281077_2281112_2280919,5641174,5641104_rev,5641139
collapsed_62913103_2350185_62913104,5717638_rev,21687009
collapsed_62925475_2273963_62925474,5633797,21688490_rev
collapsed_62925474_60520546_2273963,21688489_rev,5633797,21688490_rev
collapsed_63005944_2286292_63005945,5646735_rev,5646739
collapsed_63005945_2286292_2286328,5646735_rev,5646739,5646754
collapsed_63005948_63005947_46255980,5648772_rev,16761055
collapsed_63005949_2290328_2290403,5651081_rev,5651109
collapsed_63005950_2290508_2290403,5651226,5651141_rev
collapsed_63005951_2539623_2539622,6257479,6257478_rev
collapsed_63005953_2293228_63005952,5654106,5654074_rev
collapsed_63005952_2293228_2293166,5654106,5654074_rev,5654058_rev
collapsed_63330352_63330351_63330351,21734474_rev,21734480
collapsed_63330347_45877254_63330348,21734475_rev,21734478
collapsed_63332487_2273915_52549330,5633416_rev,5633465,5633743,15571098,5633651,5633573
collapsed_63332488_13177771_2283333,5643378_rev,5643504_rev
collapsed_63332502_51522225_51522212,18426338,18426333_rev
collapsed_63332507_43913099_43913121,5682888,14273888_rev,5682730,5682816_rev,14310641_rev,14310640
collapsed_63332516_43700008_43700009,16207180,16207188_rev
collapsed_63332517_43912576_69177172,5696290_rev,23002812
collapsed_63332519_35113959_35113963,14297349,14297346_rev,14297348
collapsed_63332522_56541381_44986295,16639855_rev,16639854,16639856_rev
collapsed_63005933_2283333_63005934,5643559_rev,5643695
collapsed_63005934_2284927_2283333,5645236,5643559_rev,5643695
collapsed_63005937_2283552_63005938,5643827_rev,5643906
collapsed_63005938_2283552_2284880,5643827_rev,5643906,5645189
collapsed_63005939_63005940_2285430,5645795_rev,5645792
collapsed_63372973_35512714_2296435,14331709,14331708,14331707,14331710
collapsed_63373917_2315824_63373916,5680004,21739212_rev
collapsed_63373915_13098535_63373916,6302450_rev,21739213
collapsed_16502400_35820252_35090483,14384793_rev,14429704,19232822_rev,11866970_rev,19232821_rev
collapsed_63373910_63373911_35090472,11667333,17479888,17479890_rev,11667332,17479889_rev,17479887_rev
collapsed_63373911_35090472_63373909,11667333,17479888,17479890_rev,11667332,17479889_rev,17479887_rev,11667334
collapsed_63373909_62505562_35090472,21647084,11667333,17479888,17479890_rev,11667332,17479889_rev,17479887_rev,11667334
collapsed_63373921_2315824_15606499,21739209_rev,21739210
collapsed_63373916_2315824_13098535,5680004,21739212_rev,6302450_rev,21739213
collapsed_63373919_15606493_63373920,11667372_rev,11667373
collapsed_63373920_15606493_15606499,11667372_rev,11667373,11667374
collapsed_63415387_35528726_15606499,11668072,11667375_rev
collapsed_63439781_2313910_2313937,6256016_rev,6256017
collapsed_63458023_63458022_45130765,21789645,13254184_rev,5693735
collapsed_63458022_45130765_63458021,21789645,13254184_rev,5693735,21789644
collapsed_48859666_48859667_48859665,17483883,17483858_rev
collapsed_48859671_48859670_48859672,17483888_rev,17483896
collapsed_48859675_48859673_48859676,17483890_rev,17483895_rev
collapsed_48859668_51580917_2316296,17483884,17483882_rev
collapsed_48859665_48859667_48859660,17483883,17483858_rev,17483899_rev
collapsed_46985652_46985653_12577899,5681746,5681511
collapsed_46985653_12577899_45130543,5681746,5681511,10128198
collapsed_45130543_12577899_45130558,5681746,5681511,10128198,5682120
collapsed_45130544_13100283_45130560,10128192,10128193_rev,10128186,10128194_rev
collapsed_45130558_12577899_12577950,5681746,5681511,10128198,5682120,5682313,5682253_rev,10128191,10128190_rev,5682195_rev
collapsed_45130577_12577934_45130560,10128196_rev,10128195
collapsed_45130560_12577934_13100283,10128196_rev,10128195,10128192,10128193_rev,10128186,10128194_rev
collapsed_63473335_35118131_2332354,14297716,5698768,5698386
collapsed_63473326_2328944_2330094,5694632_rev,5695736
collapsed_63473324_2326107_2326255,5691741_rev,5691808
collapsed_2326255_2326107_2326318,5691741_rev,5691808,5691883
collapsed_63473314_2320764_2320091,5685574,5685530_rev
collapsed_63473342_63473340_2333291,21792514,5699037_rev
collapsed_63473334_63473339_54205182,5698660,5698317_rev
collapsed_63473346_2334654_2334920,5700553_rev,5700781
collapsed_63473341_13021197_63473343,5698736_rev,17030271_rev
collapsed_63473344_63473345_63473343,17030269_rev,17030270
collapsed_63473347_2333799_63473348,5701043_rev,5701089
collapsed_63473328_2330899_2329727,11570568,11570567_rev
collapsed_63473319_2322964_2323138,5688225_rev,5688334
collapsed_63473309_63473310_63473308,11749324,11749279_rev
collapsed_63473307_63473308_63473306,11749278,5684151_rev
collapsed_63473306_63473308_63473305,11749278,5684151_rev,5684114_rev
collapsed_63473305_63473308_63473304,11749278,5684151_rev,5684114_rev,5683938_rev
collapsed_2320863_2319839_2320892,5684538,5685685,5685724_rev
collapsed_18845668_2337510_18845672,5704056,6288465_rev,6271716_rev
collapsed_2323718_2323383_2324106,5689004,5689426
collapsed_2323383_2324106_2323364,5689004,5689426,5688558,5688603_rev,5688583
collapsed_2313367_2313346_2313428,5677220_rev,5677293
collapsed_7700145_18845664_2337099,6289762_rev,6291520,6289761
collapsed_45130790_2330862_2331468,5696923_rev,5697159
collapsed_2276162_2276150_12727395,5636059_rev,10220507_rev
collapsed_2307495_2306773_2307863,5669775_rev,5670395,5670827_rev
collapsed_63594356_63594355_63594358,21840159_rev,21840163
collapsed_20904308_63594358_70423686,21840161,13465382
collapsed_7700189_15596812_2345680,6291739,6289814_rev
collapsed_45130979_2355749_70690959,5723148,5723481_rev
collapsed_7700209_53487871_2350580,6289837_rev,6291743,5718472,6289836_rev
collapsed_12516485_12516489_12516488,10095634,10095628
collapsed_15603598_15630662_60844730,11678128,21321111_rev
collapsed_62828957_2320875_66402669,5685702_rev,21681163
collapsed_2312947_2313214_2312972,5677035_rev,5676760
collapsed_2325299_2325333_2325187,5690753,5690713_rev
collapsed_2321348_2321638_2321317,11835578,5686239_rev
collapsed_2320993_2321163_2320938,5686042_rev,5685772,5685838_rev
collapsed_2323014_2323044_2322793,5688220_rev,5688182
collapsed_2325689_2325333_2325979,5691163,5691479_rev
collapsed_2319408_2319730_2319572,5684405,5684251_rev,5684207_rev
collapsed_2320765_2320955_2320631,5685792,5685575_rev
collapsed_2310210_2308931_2310258,5673606,5673662_rev
collapsed_2325939_2325979_2325766,5691480,5691433_rev
collapsed_2308857_2308821_2308865,5672026_rev,5672038
collapsed_2323667_2323640_2323835,5688944,5689125_rev
collapsed_2276150_12727395_2276345,5636059_rev,10220507_rev,5636235_rev
collapsed_2284783_2284598_2285556,5644937,5645070_rev,6305514
collapsed_63648815_43754861_63648813,16218039,16218031_rev
collapsed_63648813_43754861_43754858,16218039,16218031_rev,16218036
collapsed_63639205_63639208_63639203,21846576,21846574_rev
collapsed_2282001_2281981_2282053,5642108_rev,5642166
collapsed_2279842_2280325_2279799,5640359,5639847_rev
collapsed_2274969_2275124_2274434,5634985,5634815_rev
collapsed_2274184_2274470_2273824,5634310,5634016
collapsed_2274926_2274393_2275091,5634777,5634946_rev
collapsed_2274393_2275091_2274434,5634777,5634946_rev,5634273
collapsed_12567312_2277276_2276534,5637173_rev,5637141
collapsed_2274608_2274888_2275024,5634731_rev,5634548,5634878_rev,5634701_rev,5634554_rev
collapsed_2276342_2276231_2276403,5636232_rev,5636301_rev
collapsed_2292523_2292386_2292242,5653380,5653379_rev
collapsed_2288654_2288674_2288574,5649272_rev,5649239,5649247_rev
collapsed_2280778_2280755_2280805,5640850_rev,5640880,5640858_rev
collapsed_2277994_2277980_2278021,5637920_rev,5637943
collapsed_63744548_63744549_63744551,21885515,21885516_rev
collapsed_63744550_63739894_63744551,19815595,19815593
collapsed_63739894_63744551_63744552,19815595,19815593,19815599
collapsed_63739895_63744552_55755690,19815600_rev,19815601
collapsed_2278021_2278027_2277980,5637951,5637920_rev,5637943
collapsed_2288869_2288623_2288895,5649467_rev,5649494
collapsed_55755690_63744552_55755691,19815600_rev,19815601,19815589
collapsed_64763866_64763867_64763869,21907453,21907351
collapsed_64763867_64763869_64763870,21907453,21907351,21907451
collapsed_64763870_64763869_64763869,21907454_rev,21907453,21907351,21907451
collapsed_64704163_46989404_66011861,14279441_rev,14279442
collapsed_64704161_66011860_67354678,16252557_rev,16252569
collapsed_2325147_2325034_2325163,13175980_rev,13175981,5690572,5690564_rev
collapsed_2325857_2325895_2325849,5691385,5691343_rev
collapsed_2325649_2325708_2325644,16628210,5691149_rev,5691114
collapsed_64783103_19188172_18613799,13295619_rev,13207423
collapsed_64729142_64729144_64729139,21905563,21905567_rev
collapsed_64729154_64729156_64729147,21905552,21905555_rev
collapsed_2320930_2320773_64729145,5685763_rev,5686175_rev
collapsed_64729150_64729145_64729143,21905559_rev,21905572
collapsed_47078828_47078826_47078830,17025459,17025472_rev
collapsed_63639203_63639208_70385584,21846576,21846574_rev,21846573
collapsed_64907100_64907101_64907091,21925328,21925307_rev
collapsed_64907101_64907091_64907099,21925328,21925307_rev,21925329
collapsed_64818546_64818547_2318640,14310497,14310504_rev
collapsed_64818547_2318640_51598638,14310497,14310504_rev,14310498
collapsed_2303176_2303168_2303248,5665381,5665459_rev
collapsed_45130661_2318713_2317892,14310480,14310479_rev,14310630_rev,14310631,5683084
collapsed_54677625_13098529_70848049,5678598_rev,11737318
collapsed_35090483_35820252_70423690,14384793_rev,14429704,19232822_rev,11866970_rev,19232821_rev,19235571
collapsed_54168765_2308285_69253106,19232760,23007750_rev
collapsed_51580937_15747882_66268182,18434876,18434836_rev
collapsed_51580920_12855323_12497931,18434852_rev,18434874
collapsed_51580926_15747885_15747873,18434804_rev,18434860,18434872
collapsed_51580947_12855357_12497950,18434813_rev,18434824
collapsed_64824529_57922316_60714360,10003725,10003723,10003722_rev,5691755,10003726,10003728,10003736,6289656_rev,10003735,10095638,21270119_rev
collapsed_64907081_64907080_64907078,21925326_rev,21925327
collapsed_64907084_64907090_64907082,21925315,21925317_rev
collapsed_64907090_64907082_64907091,21925315,21925317_rev,21925309
collapsed_64907082_64907091_64907076,21925315,21925317_rev,21925309,5664382
collapsed_64907078_64907077_64907080,21925320,21925326_rev,21925327
collapsed_64907077_64907080_64907076,21925320,21925326_rev,21925327,5664193
collapsed_64907091_64907099_64907076,21925328,21925307_rev,21925329,21925315,21925317_rev,21925309,5664382
collapsed_12575718_2313116_2313192,5677010_rev,5677016
collapsed_15462050_2318550_2318030,11635476,5682752,11635480
collapsed_2317840_2317325_2317889,5682203,5682259_rev
collapsed_15417951_15417948_15417954,11632407_rev,11632408
collapsed_2306504_2305551_2306470,5669276_rev,5669277
collapsed_2324430_2324320_2324473,5689755_rev,5689793
collapsed_45130883_2342214_45162555,11664330_rev,11664331,6291352,6291353
collapsed_45130893_14945270_41622927,11534971_rev,6289807,6290999,6291000
collapsed_41622927_14945270_15596808,11534971_rev,6289807,6290999,6291000,11664449
collapsed_64910815_15606347_65976646,21923586_rev,21923587
collapsed_57950261_64914983_64914984,20251375,20251376_rev
collapsed_64958140_2312787_2312724,11535439,11535438_rev,5676726_rev
collapsed_65032996_65032995_56722591,21929778_rev,21929779
collapsed_65032997_7720689_16205766,21929780_rev,21929781
collapsed_65031847_2337488_15339506,21929683_rev,21929684
collapsed_65054122_65054121_65054123,21067019_rev,21932400
collapsed_65091435_2307548_2307602,21647114_rev,5670517,21647115_rev
collapsed_65095956_2308161_65095955,5671179_rev,5671015_rev
collapsed_39158623_2315107_2315461,5679252_rev,5679597
collapsed_2324069_12498079_57753012,10087376,5689382_rev
collapsed_65064834_2324628_7700056,21932770,21932771_rev
collapsed_45130729_45130730_7700055,6288390,6289641_rev
collapsed_45130730_7700055_7700056,6288390,6289641_rev,6289642
collapsed_7700055_7700056_2323726,6288390,6289641_rev,6289642,6289640_rev
collapsed_7700056_2323726_2324628,6288390,6289641_rev,6289642,6289640_rev,21932770,21932771_rev
collapsed_2324302_2324324_2324015,5689660_rev,5689637
collapsed_2324814_2324588_2325018,5690181,5690420_rev
collapsed_2324693_2324628_2324758,5690044_rev,5690122
collapsed_2323726_2324628_2323561,6288390,6289641_rev,6289642,6289640_rev,21932770,21932771_rev,5689014_rev
collapsed_65112487_12575715_65112486,5676364,21943873_rev
collapsed_65180739_65180741_65180736,21948240,21948245_rev
collapsed_65180738_65180741_65180736,21948242_rev,21948244
collapsed_65180736_65180741_65180741,21948242_rev,21948244,21948240,21948245_rev
collapsed_65352894_65352893_65352895,21650499_rev,21650500
collapsed_65352888_65352889_65352892,5695986,5697620_rev
collapsed_65415274_15545251_15545250,11654667_rev,11654663_rev
collapsed_65415286_45056420_65415285,16640646,16640648_rev
collapsed_65415285_45056420_57436728,16640646,16640648_rev,16640647_rev
collapsed_65415275_2315734_2314812,5680028_rev,5679228_rev,5680027
collapsed_2304662_2304691_47613251,5667161,17219835_rev
collapsed_2304837_38308704_2304582,5667383,5667329_rev
collapsed_38308705_38308706_2304909,12958598_rev,5667576
collapsed_65709372_65709371_51578576,18434526,18434525_rev
collapsed_65709374_12513391_36037258,10095005_rev,14410705
collapsed_65709375_47165490_2295066,17033670,19241932,5656088_rev,19241933_rev
collapsed_65745058_2287921_65745057,5648587,5648586_rev
collapsed_2354189_7741860_2355396,6304623,6272878_rev
collapsed_7741860_2355396_2354140,6304623,6272878_rev,6304287
collapsed_65740959_15596846_15596842,11664272,11664273_rev
collapsed_65740958_15596846_15596842,11664380,11664379_rev
collapsed_65740949_65740951_65740947,22326730_rev,22326731
collapsed_65749312_2291388_65749313,5652167,5651865_rev
collapsed_65749313_2291388_65749310,5652167,5651865_rev,22329382
collapsed_65749310_2290710_2291388,22329373_rev,5652167,5651865_rev,22329382
collapsed_65749317_2307944_2308526,22329374_rev,22329375
collapsed_65749314_2305688_2305644,22329378,22329379_rev
collapsed_65875896_12517967_12517977,10096801_rev,19219962,19219964_rev,19219963_rev,19219961_rev
collapsed_65875897_12517967_12517975,10096802_rev,10096841
collapsed_65955158_72814647_2284059,5644113_rev,5643427,22412525
collapsed_65955172_65955171_65955171,22412538,22412540,22412533_rev,22412536
collapsed_65962456_57249612_65962454,22417161,22417160_rev
collapsed_65962452_65962451_65962453,20163677_rev,22417158
collapsed_65962453_65962451_65962454,20163677_rev,22417158,22417159
collapsed_65962454_65962451_57249612,20163677_rev,22417158,22417159,22417161,22417160_rev
collapsed_2326367_2326345_2326392,5691946,5691963_rev
collapsed_2326392_2326405_2326345,5691980_rev,5691946,5691963_rev
collapsed_2326120_2326590_2325945,5692190,5691653_rev
collapsed_2326345_2326405_70629657,5691980_rev,5691946,5691963_rev,5691917_rev,6241054
collapsed_65973731_2326405_70327401,5692001,23405846_rev
collapsed_65976611_61953570_15614810,11669101,11669102_rev,11669103,11669090,11669089_rev,11669096
collapsed_65976636_65976637_39156582,22420321,5646089_rev
collapsed_65976635_65976637_65976634,11669139,11669138_rev
collapsed_65976633_65976634_39156578,22420322_rev,5644963_rev
collapsed_65976620_65976621_65976619,14293014_rev,14293015
collapsed_65973815_2360683_47392841,22419623_rev,22419624
collapsed_65973817_47392841_47392842,22419625_rev,22419626
collapsed_65973809_2359241_65973807,5726636_rev,22419642
collapsed_65973807_2359241_2358807,5726636_rev,22419642,5726330_rev
collapsed_66011819_55734549_66011822,19810169,16257803,10089106_rev,16257802,10070285_rev
collapsed_66011847_66011850_66011845,19909370_rev,5697853
collapsed_66011828_66011829_66011827,22428483,22428484_rev
collapsed_66011837_66011838_66011836,22428486_rev,22428487
collapsed_66011843_66011841_66011845,22428499_rev,22428500
collapsed_66011820_66011823_66011821,22428552,22428600_rev
collapsed_66011842_66011841_66011844,22428559_rev,22428560
collapsed_66011855_66011853_66011857,22428574,22428576_rev
collapsed_66011856_66011854_66011858,22428575_rev,22428577
collapsed_66011824_66011825_66011823,22428578_rev,22428579
collapsed_66011868_66011867_66011871,22428581,22428582_rev
collapsed_66011821_66011822_66011823,22428599_rev,22428552,22428600_rev
collapsed_66074690_2286196_2286248,5646645_rev,5646672
collapsed_66108992_2341134_66108993,19927691_rev,19927692
collapsed_66108995_2342123_66108993,22435570,22435571_rev
collapsed_66108996_66108991_2341807,5708423_rev,5708506
collapsed_66241690_2328700_2328368,5694345_rev,5694224
collapsed_66268183_2317053_52637717,19239827,19239826_rev
collapsed_2318951_2319116_2318811,5683676,5683479_rev
collapsed_52637715_66268182_69162936,17483862_rev,17483859
collapsed_66268184_2317209_66268182,5681498_rev,17483861
collapsed_2318859_66268185_2318811,5683511,5683377_rev
collapsed_66268185_2318811_55335511,5683511,5683377_rev,5683653,5683582_rev,11737542_rev
collapsed_12380230_2321668_2322396,10055599_rev,10055603
collapsed_15602123_66268190_66241709,19842873,11666250_rev
collapsed_66268190_66241709_66241712,19842873,11666250_rev,19842874
collapsed_66241712_66241709_38505420,19842873,11666250_rev,19842874,19842872
collapsed_66241705_2331541_2331655,5697321,5697357
collapsed_66241685_2326834_66241683,11634210,11634211_rev
collapsed_66241710_15602117_2337467,11666241,11666242_rev,5703635_rev
collapsed_66241679_2325611_2325580,5691077_rev,5691036,11897134_rev,11897137,11897135_rev
collapsed_66241682_2325667_2325611,5691137_rev,5691112
collapsed_66241693_2329799_2329691,5695438,5695404_rev
collapsed_66241698_2330849_66241697,5696526,22457463
collapsed_66241695_2330531_66241704,5696371_rev,5696429,5696541,5696476_rev,5696870
collapsed_66241703_2331363_2331104,5697053,5696857_rev,5696840_rev
collapsed_66241704_2331357_2330531,5697045,5696371_rev,5696429,5696541,5696476_rev,5696870
collapsed_66241708_2332055_2332383,5697958_rev,5698091
collapsed_66241709_15602109_38505420,11666247_rev,11666249,19842873,11666250_rev,19842874,19842872
collapsed_66241697_2330849_2330617,5696526,22457463,5696343,22457464_rev
collapsed_66342497_66342496_66342498,22478017,22478020_rev
collapsed_66342173_66342177_66394376,22477752,22484117
collapsed_66320522_15538556_16141465,11653196_rev,11749302_rev
collapsed_66342405_66342182_66342185,22477745,22477852_rev
collapsed_66320516_2300221_66320517,5662126_rev,5662189
collapsed_66343998_41622911_66343999,5679319_rev,13308595
collapsed_66343999_12497887_41622911,10087430,5679319_rev,13308595
collapsed_66394378_66394374_66394379,22484203,22484208_rev
collapsed_66394374_66394379_66394375,22484203,22484208_rev,22484206
collapsed_66383855_46256040_46256037,16761105,16761098_rev
collapsed_66383852_46255970_2287170,20208953_rev,20208952
collapsed_66383854_46256020_46256013,16761099_rev,16761102
collapsed_66383859_46256068_66383858,16761291_rev,16761292
collapsed_66383858_66383857_46256068,16761362,16761291_rev,16761292
collapsed_66383857_46256068_15634032,16761362,16761291_rev,16761292,16761363
collapsed_66452618_2324590_66452619,5689960_rev,5690009_rev
collapsed_2323647_57753012_2323619,5688920,5688921
collapsed_66402651_2315773_66402652,5679967_rev,22487298
collapsed_66397734_66397735_2292703,22486626,22486625_rev
collapsed_66397735_2292703_2292811,22486626,22486625_rev,5653672
collapsed_66402653_12516416_66402652,11835548,11835547_rev,11835545_rev
collapsed_66402658_15602031_54205116,19239766_rev,19240079_rev,19240165,19240163,19240166
collapsed_66402669_2320875_66402668,5685702_rev,21681163,21681164
collapsed_66402673_18725685_13017944,13244194,10095646_rev
collapsed_66402674_12516496_47150493,10095481_rev,17030255
collapsed_66402682_66402684_66402681,22487296,22487297_rev
collapsed_66402684_66402681_38505419,22487296,22487297_rev,10096098_rev
collapsed_66402668_2320875_2320631,5685702_rev,21681163,21681164,5685428_rev,5685213_rev,11580881,11580882
collapsed_66402637_2308999_2308071,5672197,5671763_rev
collapsed_66402639_66402638_2309248,5672154_rev,5672478_rev
collapsed_2309248_66402638_2309724,5672154_rev,5672478_rev,5673019_rev
collapsed_2319082_66402667_2319723,5683626_rev,5684394_rev
collapsed_66402683_66402681_2336281,22487293_rev,11580899,5702938_rev,11580897
collapsed_66402647_2314139_66402648,5678618,10095743
collapsed_66402650_2315648_2314878,5679788,5679679_rev
collapsed_66402644_62913098_66402645,21687085_rev,21687088_rev
collapsed_66402623_15634848_15634858,10098150,10098152_rev,11680054_rev,10098153
collapsed_66402625_60844717_60844723,21321150_rev,21321147
collapsed_66465432_53487881_66465431,18950616_rev,18950615
collapsed_66465433_53487891_53487889,18950453_rev,18950471_rev
collapsed_66465434_53487904_66465435,18950490,18950618
collapsed_66513670_2308286_13098505,22513382,22513383_rev
collapsed_66543888_2323444_2323148,5688681_rev,5688519
collapsed_66543894_66543895_2342462,5709704_rev,5709348_rev,5709496
collapsed_66591697_12497900_2316499,10087433,10084804_rev,10084805,5680458
collapsed_66643367_2312287_66643366,5675958_rev,21647120
collapsed_66627647_66627648_2299134,22521287,5660646_rev
collapsed_66662548_44884728_62480785,16630118_rev,16630119
collapsed_66662547_13685876_56519082,10409184,5661336_rev
collapsed_66662557_2305990_66662558,5669651_rev,22524524
collapsed_67112398_67112397_67112404,22561311,22561312_rev
collapsed_67112408_2342176_2342512,5708895_rev,5709293_rev
collapsed_67326124_2340874_12575757,22654798_rev,22654799
collapsed_67389008_67389007_2290471,22658368,5651186
collapsed_67354681_67354678_67354680,16252568_rev,22657978_rev
collapsed_68213765_15732642_68213766,11637072,11732422_rev
collapsed_68213764_41278823_68213762,22661839_rev,22661841_rev
collapsed_68213762_2292616_41278823,22661840_rev,22661839_rev,22661841_rev
collapsed_2272642_2272575_2272828,5632430_rev,5632621
collapsed_2274082_2274050_2274090,5633921_rev,5633932
collapsed_2273242_2273775_2272881,5633602,5633469_rev,5633050_rev
collapsed_2273971_2274517_2274006,5634350,5633837_rev
collapsed_2282053_2281981_2282074,5642108_rev,5642166,5642181
collapsed_2279368_45845361_18742340,16699642_rev,5640671,5640056_rev,5639726,13247810,5639345
collapsed_2282311_2282373_2282293,5642492,5642431_rev
collapsed_2282433_2282406_2282442,5642552_rev,5642559
collapsed_2282902_2284114_2282816,5644314_rev,5642968_rev,5643073_rev
collapsed_2276497_2276454_2276523,5636383_rev,5636408
collapsed_2281068_2281119_2281625,5641181_rev,5641714
collapsed_2278403_2278751_2278054,5638697_rev,5638337
collapsed_2278081_2277735_2278407,5637989_rev,5638342
collapsed_2275174_2275316_2274987,5635184_rev,5635044
collapsed_2276122_2276092_2276154,5636022_rev,5636050
collapsed_2274071_2274119_2275234,5633956,5635106_rev
collapsed_2275151_2275137_2275179,5635018,17259517_rev,5635030
collapsed_2276272_2276244_2276371,5636158_rev,5636170,5636266
collapsed_2288039_2288461_2288086,5649032,5648621_rev
collapsed_2290807_2290819_2290707,5651560,5651545_rev
collapsed_2292060_2292242_2291891,5653080,5652885_rev
collapsed_2292063_2292261_2290876,5653103,5652889_rev
collapsed_2294074_2294210_2294110,5655141_rev,5655040
collapsed_2291404_2291588_2291182,5652387_rev,5652185
collapsed_2289979_2289960_2289887,5650653_rev,5650668_rev
collapsed_2291857_2292104_69904237,5652933_rev,5652667
collapsed_2289135_2289030_2289193,5649751_rev,5649809
collapsed_2288692_2288686_2288699,5649291,5649300
collapsed_2287098_2287408_2287084,5647978_rev,5647977,5647584
collapsed_2290248_2290124_2290261,5650838_rev,5650943,5650952
collapsed_2284797_2284838_2284743,5645136,5645088
collapsed_2285531_2285472_2285894,5645882_rev,5646278
collapsed_2287360_2287323_2287402,5647852_rev,5647896
collapsed_2287365_2286901_2287381,5647859,5647877
collapsed_2286078_2285952_2286122,5646477_rev,5646526
collapsed_2288300_2288277_2288321,5648844_rev,5648871,5648861_rev
collapsed_2286815_2286670_2287768,5647282_rev,5648292
collapsed_2301392_2301141_2301531,5663290,5663433
collapsed_2301141_2301531_2301364,5663290,5663433,5663256,5663122_rev
collapsed_2302487_2302449_2302515,5664534_rev,5664570
collapsed_2300178_2300189_2300141,5661901,5661885_rev
collapsed_2297218_2296876_2297787,5658479,5659110_rev
collapsed_2300713_2300792_2300453,5662616,5662529_rev
collapsed_2294447_2294480_2294238,5655441,5655305_rev,5655405
collapsed_2293764_2292528_2292600,5654669,5654338_rev,5654670
collapsed_2293299_2293266_2293330,5654181,5654211_rev
collapsed_2311847_2311459_2312258,5675455,5675925
collapsed_2309380_2308864_2309597,5672642_rev,5672886
collapsed_2310737_2310115_2311451,5674205_rev,5675012
collapsed_2309969_2310036_2310293,5673394_rev,5673699
collapsed_2305906_2306430_2305481,5669184,5668579_rev
collapsed_2306762_2307163_2306712,5670025,5669559_rev
collapsed_2309925_2309744_2310077,5673252,5673453_rev
collapsed_2305987_2306030_2305617,5668714_rev,5668668
collapsed_2307002_2306677_2306883,5669847,5669848_rev
collapsed_2301220_2301285_2301128,5663171_rev,5663095
collapsed_2307972_2307559_2307945,5670961_rev,5670962
collapsed_2305859_2304206_2305705,5667929_rev,5668529,5668530_rev
collapsed_2321514_2321569_2322188,5686481,5686008_rev,5686422_rev,5686847,5686507_rev,5687227
collapsed_2320828_2320607_2320913,5685641,5685741_rev
collapsed_2318556_2319348_2318408,5683944_rev,5683013
collapsed_2316402_2316108_2316286,5680627,5680628_rev
collapsed_2318484_2318200_2318633,5682934,5683096
collapsed_2315961_2316559_2315936,5680803_rev,5680151
collapsed_2318296_2318265_2318345,5682715_rev,5682776
collapsed_2313609_2314604_2313583,5678647,5677505_rev
collapsed_2310293_2310036_2310352,5673394_rev,5673699,5673772
collapsed_2314534_2314991_2314381,5679074_rev,5678562_rev
collapsed_2315836_2316069_2315793,5680262_rev,5680017
collapsed_2313928_2313483_2313858,5677449,5677872_rev,5677873
collapsed_2312020_2311933_2312032,5675591,5675656_rev,5675665_rev
collapsed_2309136_2310164_2309046,5673552,5672350_rev
collapsed_2329048_2329363_2329027,5695037_rev,5694726
collapsed_2329983_2331004_2329727,5696680_rev,5695613
collapsed_2327456_2327191_2327386,5693093_rev,5693094
collapsed_2326750_2326986_2326563,5692598,5692354_rev
collapsed_2326986_2326563_2327332,5692598,5692354_rev,5692961
collapsed_2326588_2326476_2326606,5692187,5692210
collapsed_2329004_2328910_2329260,5694674,5694929_rev
collapsed_2329027_2328910_2329363,5694700,5695037_rev,5694726
collapsed_2327046_2326811_2327261,5692667_rev,5692895
collapsed_2328048_2328270_2327547,5693928_rev,5693297,5693696_rev
collapsed_2326698_2327191_2326876,5692808,5692483
collapsed_2329436_2329370_2329519,5695109_rev,5695154,5695123_rev,5695179
collapsed_2328428_2328719_2328265,5694371_rev,5694073
collapsed_2327104_2326877_2329560,5692724_rev,5695216
collapsed_2328261_2327992_2328270,5693741,5693917_rev,5693962_rev
collapsed_2326761_2326701_2326936,5692367,5692535_rev
collapsed_2326354_2326822_2326176,5692422,5691844_rev,5691926
collapsed_2326318_2326107_2326366,5691741_rev,5691808,5691883,5691945
collapsed_2328349_2328285_2328361,5694006_rev,5694019
collapsed_2321908_2321901_2322077,5686893_rev,5687095,5687005_rev
collapsed_2324059_2324215_2323834,5689537,5689370_rev
collapsed_2322137_2322621_2322109,5687670_rev,5687718_rev,5687171_rev
collapsed_2322799_2323007_2322768,5688169,5688092_rev,5687932_rev
collapsed_2322148_2322317_2322121,5687384,5687181_rev
collapsed_2323867_2323764_2324034,5689159_rev,5689342
collapsed_2323821_2323877_2323752,5689169,5689111
collapsed_2323749_2325120_2323037,5690532_rev,5689401,5689750_rev,5689236,5688807,5689036_rev
collapsed_2322705_2322660_2322768,5687826_rev,5687893
collapsed_2323458_2323676_70350164,5688954,5688699_rev
collapsed_2324445_2324355_2324531,5689767,5689852_rev
collapsed_2322768_2322660_2323007,5687826_rev,5687893,5688169,5688092_rev,5687932_rev
collapsed_2323670_2323741_2323827,5689028_rev,5689118
collapsed_2322110_2321717_2322007,5687141_rev,5687142_rev
collapsed_2323815_2323765_2323839,5689106_rev,5689131
collapsed_68219700_2305898_2306152,16636811,5668853_rev
collapsed_68219697_2296692_7671084,14375175_rev,14375176
collapsed_68219696_2296725_2296840,5657987,5658056_rev
collapsed_68219705_51522225_51522223,18426996_rev,18426995_rev
collapsed_68219707_2319080_2319022,5683623,5683597_rev
collapsed_68219706_51522253_51522256,18426997_rev,18426343
collapsed_68314948_68314949_68314947,22678983,22678985_rev
collapsed_68314942_68314935_68314941,22678992,22678989
collapsed_68314941_68314935_68314937,22678992,22678989,22678988
collapsed_68314944_68314949_68314938,22678981,22678980_rev
collapsed_2294215_15634019_2294036,11679671,5655147_rev
collapsed_68397116_2280123_2280165,22690794,22690793_rev
collapsed_68397118_2280263_2280208,22690797_rev,22690798
collapsed_68397117_2280165_2280208,22690796,22690795_rev
collapsed_68397026_68397027_2339595,22690788,5706104
collapsed_68471278_2344632_70605488,22708709,22708708_rev
collapsed_68561690_68561689_68561691,22723847,22723846_rev
collapsed_68561181_68561182_68561180,22723674,22723676_rev
collapsed_68571050_2276340_2276209,5636230,5636128_rev
collapsed_68571049_2276033_2276092,5635935_rev,5635984
collapsed_68571048_2275885_2275824,5635777,5635733_rev
collapsed_68689513_68689514_68689511,5666577,5666487_rev
collapsed_68689517_68689516_14900019,22738642_rev,22735873
collapsed_68732583_54205816_69940658,19241844_rev,23325581_rev
collapsed_69061924_2321698_2321487,22982445_rev,22982446
collapsed_69123802_69123800_69123800,22996348_rev,22996349
collapsed_69123789_69123790_69123790,22996373_rev,22996374
collapsed_69123794_69123795_2277735,22996378,5637659
collapsed_69123825_2287601_46255970,5648140_rev,16761024,5648386_rev
collapsed_13165789_13165790_2317015,6289570,6289569_rev,6289571,6289568_rev
collapsed_69162929_69162930_2316411,23002572_rev,5680770,5680820_rev,5680730,5680882_rev,5680928_rev,5680669
collapsed_69162940_69162939_2338411,5704311,5704716_rev
collapsed_69162938_69162939_2337775,23002629_rev,23002630
collapsed_41527009_69177203_69177193,11749332_rev,15689530_rev
collapsed_69177231_16141552_69177232,11749365,23002864_rev
collapsed_69177193_69177203_69177191,11749332_rev,15689530_rev,23002890_rev
collapsed_16141553_16262009_16141554,5698434_rev,11749339
collapsed_69176932_69176931_69176933,23002782,23002786_rev
collapsed_16141484_16141482_2326598,11749202_rev,11749379
collapsed_69177107_69177099_69177125,23002792_rev,23002793
collapsed_69177091_69177099_69177084,23002795,23003103_rev
collapsed_66543893_41527007_16141538,15689529_rev,11749247_rev
collapsed_16141530_2329870_16141528,11749244,11749248_rev
collapsed_69177184_69177181_69177185,11749259_rev,23003267_rev
collapsed_16141560_2333082_69177230,11749340,11749341_rev
collapsed_16141523_69177162_16141524,23002802,11749210_rev
collapsed_16262011_69177200_16141547,11779230_rev,11779231
collapsed_69177250_69177251_69177251,23002806_rev,23003112
collapsed_69176979_69176980_69176981,23002824_rev,23003132
collapsed_69177057_69177047_69177062,23002834_rev,23002955
collapsed_69177035_69177037_69177032,23002835,23002969
collapsed_69177037_69177032_69177044,23002835,23002969,23002836
collapsed_69177063_16141493_69177067,23002838,23002950_rev
collapsed_69177086_69177094_69176924,23003127_rev,23003282_rev
collapsed_69176929_69176928_69176930,23002851,23002852_rev
collapsed_69177201_69177200_16141549,23003218,23003232_rev
collapsed_69177182_69177181_69177175,23002892,23003106_rev
collapsed_69177154_69177133_69177167,23002918_rev,23003104
collapsed_69177140_69177131_2328642,23002920,11749241
collapsed_69177139_69177117_69177175,23002924_rev,23003105
collapsed_69177075_69177076_69177073,23002941_rev,23002943
collapsed_69177070_69177068_69177067,23002946_rev,23002947
collapsed_69177064_69177065_69177062,23002949,23002951_rev
collapsed_69177053_69177055_69177052,23003085_rev,23003087
collapsed_69177042_69177043_69177034,23002962_rev,23002967
collapsed_69177030_69177034_69177029,23002971_rev,23002972
collapsed_69177022_69177025_69177006,23002978,23002985_rev
collapsed_69177002_69177001_69176985,23002990_rev,23003241_rev
collapsed_69176987_69176990_69176989,23003006,23003007
collapsed_69176984_69176986_69176981,23003009_rev,23003013
collapsed_69176958_69176968_69176956,23003037_rev,23003049
collapsed_69176945_69176950_69176943,23003059_rev,23003062
collapsed_69176923_69176924_69176922,23003138_rev,23003219
collapsed_69176916_69176914_69176918,23003077_rev,23003072
collapsed_69177119_69177099_69177129,23003099_rev,23003160_rev
collapsed_69177123_69177130_69177112,23003111_rev,23003163
collapsed_69177129_69177131_69177099,23003156_rev,23003099_rev,23003160_rev
collapsed_69177207_69177208_69177208,23003239_rev,23003240
collapsed_69177145_69177147_69177141,23003262_rev,23003263
collapsed_69177146_69177152_69177142,23003264,23003265_rev
collapsed_69177186_69177183_69177185,23003268_rev,23003269
collapsed_69177187_69177191_69177183,23003270_rev,23003271
collapsed_69177180_69177174_69177189,23003273_rev,23003274
collapsed_69177149_69177168_69177143,23003279_rev,23003280
collapsed_69253099_45162361_69253100,11734473,11734470_rev,11734474,11734468,11734467_rev,11734469,23007739
collapsed_69253100_45162361_69253101,11734473,11734470_rev,11734474,11734468,11734467_rev,11734469,23007739,23007740
collapsed_69253101_45162361_69253102,11734473,11734470_rev,11734474,11734468,11734467_rev,11734469,23007739,23007740,23007746
collapsed_7699955_69253105_69253102,23007743,23007745_rev
collapsed_69253105_69253102_56722526,23007743,23007745_rev,20230983,20230977_rev,20230984
collapsed_69253109_57786508_69253108,20231068,11734590_rev,11734589_rev,23007747_rev
collapsed_69253108_57786508_69253107,20231068,11734590_rev,11734589_rev,23007747_rev,23007748_rev
collapsed_69253107_57786508_69253106,20231068,11734590_rev,11734589_rev,23007747_rev,23007748_rev,23007755_rev
collapsed_35090467_69253106_69253104,23007749,23007752_rev
collapsed_69253103_69253104_57850878,23007751,20232397_rev,5670761,5670797
collapsed_69334904_51204339_69334905,18433183,18433182_rev,13254209,23014953
collapsed_69922169_69922168_69922166,18410420,19571420_rev
collapsed_69940655_2279912_69940654,23325568_rev,23325612
collapsed_69940657_69940658_69940656,23325622_rev,23325623
collapsed_69940777_2280627_69940778,23325671,23325672
collapsed_69941067_69941068_2346447,5713569,5713564_rev
collapsed_69941069_2346626_69941068,5714120,5714119,5714075_rev,5713660_rev
collapsed_69951636_69951645_69951635,23328411_rev,23328404_rev
collapsed_69982625_65740951_69982623,22326711,11627154
collapsed_69982627_69982624_69982626,23334290_rev,23334294_rev
collapsed_70200553_70200549_38538044,14985570_rev,14985571
collapsed_70200610_70200612_2301191,5663341,5663201
collapsed_70200604_2300916_70200602,5662853,5662852_rev
collapsed_70200613_70200614_70200611,5663680,5663561
collapsed_70200591_70200593_70200584,23383300_rev,23383301
collapsed_70200586_70200583_70200592,23383302_rev,23383303
collapsed_70238255_70238254_46335616,23390030,11633653,11633697_rev
collapsed_70238256_70238254_70238258,23390037_rev,23390038
collapsed_66300751_66300748_66300752,22464500_rev,22464502_rev
collapsed_66300752_66300748_66300753,22464500_rev,22464502_rev,22464504_rev
collapsed_66300753_66300748_66300755,22464500_rev,22464502_rev,22464504_rev,22464506_rev
collapsed_70293934_43754855_65091436,23391804_rev,11814969,23391805_rev
collapsed_70308156_2307602_2307628,17013247_rev,23397125,23397126
collapsed_70350176_2345680_70350175,23414254_rev,23414255
collapsed_70350162_2323577_70350160,23414263_rev,23414264_rev
collapsed_70350160_2323577_70350159,23414263_rev,23414264_rev,23414262_rev
collapsed_70350173_2339643_2339498,23414267,23414256_rev
collapsed_2337430_15339517_2337421,5703825,5703587_rev
collapsed_70350171_47461360_2335457,17206459_rev,5701368
collapsed_2335457_2334933_47461360,5701193,5701338_rev,17206459_rev,5701368
collapsed_70350168_70350167_70350166,23414269_rev,23414258
collapsed_70350166_2323714_70350167,23414270,23414269_rev,23414258
collapsed_70350157_2322890_70350156,23414272_rev,23414266
collapsed_70350156_2322991_2322890,23414273,23414272_rev,23414266
collapsed_2322915_55977297_55977306,5688056_rev,5688299
collapsed_2321981_66543887_2322177,5686977_rev,5687211
collapsed_2320978_2320559_2321095,5685816_rev,5685959
collapsed_2320900_2321095_2320876,5685958,5685770,5685731
collapsed_2320400_2320872_2320360,5685697,5685168_rev
collapsed_70350150_2320574_55977246,5685358,5684991_rev
collapsed_70350152_2320853_2321079,5685904_rev,5685940
collapsed_70423694_55977257_55977254,23426330,23426331_rev
collapsed_70423687_35820252_70423681,23426332,23426333_rev
collapsed_70423684_70423686_70423683,23426334,23426343_rev
collapsed_70423680_57786598_70423679,23426335_rev,23426339
collapsed_70423678_57786590_70423676,23426336,23426340_rev
collapsed_70423673_57786576_70423674,23426337_rev,23426341
collapsed_70423675_57786575_70423677,23426338,23426342_rev
collapsed_70423676_57786583_57786590,20231020_rev,23426336,23426340_rev
collapsed_70423679_57786588_57786598,16702955,23426335_rev,23426339
collapsed_57786582_57786583_70423674,20231019,16702958_rev
collapsed_45879933_70423677_57786588,16702959,16702962_rev
collapsed_2316252_35058349_70479898,14292906,14292887,5681045
collapsed_70479901_70479905_70479891,23429420,5681075_rev
collapsed_70479905_70479891_70479914,23429420,5681075_rev,23429421
collapsed_70479914_70479891_70479929,23429420,5681075_rev,23429421,20230902
collapsed_70479898_35058349_70479879,14292906,14292887,5681045,23429527_rev
collapsed_2317644_12408793_2317606,5682083,5681968_rev
collapsed_12408793_2317606_2318788,5682083,5681968_rev,5683290
collapsed_46452586_62461903_70479882,21638925_rev,23429315
collapsed_70480092_70480106_70479933,5681977,23429403_rev
collapsed_18845636_70480106_70479961,5681976_rev,13272221
collapsed_70479929_70479891_70479933,23429420,5681075_rev,23429421,20230902,23429404
collapsed_70479891_70479933_70479882,23429420,5681075_rev,23429421,20230902,23429404,23429320_rev
collapsed_2318049_2318016_2318117,5682435_rev,5682513
collapsed_70480115_70480116_70480097,23429326,23429327_rev
collapsed_70480097_70480116_70480075,23429326,23429327_rev,23429328_rev
collapsed_70480075_70480116_70480060,23429326,23429327_rev,23429328_rev,23429347_rev
collapsed_70479961_70480106_2317717,5681976_rev,13272221,5682050_rev
collapsed_70479871_70479869_2316036,23429340_rev,5680225
collapsed_70479946_70479930_70479974,10089135_rev,23429438
collapsed_70480133_2318482_2318839,21047401_rev,5683350
collapsed_70480060_70480116_70480052,23429326,23429327_rev,23429328_rev,23429347_rev,23429453_rev
collapsed_44927609_57786619_57786625,20230867,20230880_rev
collapsed_70480077_70480098_70821036,23429381,23429391_rev
collapsed_70480098_70821036_70480110,23429381,23429391_rev,23429390
collapsed_70480110_70480116_70821036,23429389,23429381,23429391_rev,23429390
collapsed_70480014_70480021_70480010,23429392,23429406_rev
collapsed_70480021_70480010_70480036,23429392,23429406_rev,23429393
collapsed_70480036_70480010_70821035,23429392,23429406_rev,23429393,23429394
collapsed_70479887_2316601_70479947,23429402_rev,23429429
collapsed_70479933_70480106_70479882,5681977,23429403_rev,23429420,5681075_rev,23429421,20230902,23429404,23429320_rev
collapsed_70480010_70821035_70496553,23429392,23429406_rev,23429393,23429394,23429408_rev
collapsed_70479947_70479979_2316601,23429428,23429402_rev,23429429
collapsed_70479979_2316601_70496553,23429428,23429402_rev,23429429,23429382
collapsed_70479974_70479930_70496552,10089135_rev,23429438,23429547
collapsed_70480041_70480052_70480032,23429448,23429449_rev
collapsed_70480052_70480032_70480116,23429448,23429449_rev,23429326,23429327_rev,23429328_rev,23429347_rev,23429453_rev
collapsed_70480032_70480116_70480019,23429448,23429449_rev,23429326,23429327_rev,23429328_rev,23429347_rev,23429453_rev,23429450_rev
collapsed_70480019_70480116_70480012,23429448,23429449_rev,23429326,23429327_rev,23429328_rev,23429347_rev,23429453_rev,23429450_rev,23429451_rev
collapsed_70480012_70480116_70480009,23429448,23429449_rev,23429326,23429327_rev,23429328_rev,23429347_rev,23429453_rev,23429450_rev,23429451_rev,23429452_rev
collapsed_70480009_70480116_70496552,23429448,23429449_rev,23429326,23429327_rev,23429328_rev,23429347_rev,23429453_rev,23429450_rev,23429451_rev,23429452_rev,23429546_rev
collapsed_70479892_70479903_70479885,23429484,23429485_rev
collapsed_70479903_70479885_70479906,23429484,23429485_rev,23429529
collapsed_70479884_70479879_70479885,23429486_rev,23429526
collapsed_70479940_70480095_70479932,23429488,23429516_rev
collapsed_70479866_70479864_2315414,23429500,5679708
collapsed_70479943_70479931_70479962,23429502_rev,23429508
collapsed_70479962_70479931_70496552,23429502_rev,23429508,23429548
collapsed_70479932_70480095_70479922,23429488,23429516_rev,23429534_rev
collapsed_70479999_70479985_70496553,23429517,23429507_rev
collapsed_70479985_70496553_70479971,23429517,23429507_rev,23429518
collapsed_70479971_70496553_70480105,23429517,23429507_rev,23429518,23429542
collapsed_70479881_70479882_70479894,23429521_rev,23429545
collapsed_70479906_70479885_70479917,23429484,23429485_rev,23429529,23429530
collapsed_70479917_70479885_70479922,23429484,23429485_rev,23429529,23429530,23429533
collapsed_70479922_70479885_70480095,23429484,23429485_rev,23429529,23429530,23429533,23429488,23429516_rev,23429534_rev
collapsed_70480105_70480112_70496553,23429540,23429517,23429507_rev,23429518,23429542
collapsed_70496551_70496552_70496553,23429549_rev,23429535
collapsed_70605488_2344632_2345716,22708709,22708708_rev,5712749_rev
collapsed_70605487_18844051_2339427,23414268,23414257_rev
collapsed_56671062_70680976_70680979,19918895_rev,15149815
collapsed_70680985_70680989_70680986,23453983_rev,23454004
collapsed_70680993_70680992_70680994,11627031_rev,11627032
collapsed_70680963_70680964_70680962,5694687,5694628_rev
collapsed_70680952_70680951_70680953,23453994_rev,23453995
collapsed_70680984_70680976_70680982,23453996_rev,23454005
collapsed_70680973_70680974_70680972,23454002,23454003_rev
collapsed_70680983_70680980_70680989,23454010,23454011_rev
collapsed_68737305_68737304_68737302,22747156_rev,22747159
collapsed_68737302_68737304_68737304,22747156_rev,22747159,22747161_rev
collapsed_70690362_70690361_2354352,5721661,5721727_rev
collapsed_70690402_70690403_70690401,17199033,19239861_rev
collapsed_70690396_70690397_70690395,19239859_rev,19239856
collapsed_54205358_70690393_70690393,19239904,19239854_rev
collapsed_70690377_70690378_70690378,17010969,17010965
collapsed_70690376_2359739_2359807,6291531,6289881_rev,6289882,5727152,5727127,5727111_rev
collapsed_70690951_70690952_70690950,6289819,6291977_rev
collapsed_70690950_70690952_70690949,6289819,6291977_rev,6289818_rev
collapsed_70690958_70690959_2355630,5723480_rev,5723266
collapsed_70690964_70690963_70690965,18804810_rev,18804811
collapsed_70690963_70690965_70690962,18804810_rev,18804811,6242743
collapsed_70690962_70690965_70690960,18804810_rev,18804811,6242743,6242744
collapsed_70690968_2539354_70690965,6256052,5725580_rev
collapsed_70738385_2301722_2300419,15515746,15515745_rev
collapsed_70749777_69951644_69951646,23460227_rev,23460228
collapsed_70749776_69951643_69951644,23460229_rev,23460230
collapsed_45696276_55734532_45696277,16685509,16685510_rev
collapsed_45696277_55734532_45696280,16685509,16685510_rev,16685511_rev
collapsed_45696280_55734532_44927618,16685509,16685510_rev,16685511_rev,13254226_rev,16685512
collapsed_70821035_70821036_70496553,23461293,23429392,23429406_rev,23429393,23429394,23429408_rev
collapsed_70821036_70496553_70480116,23461293,23429392,23429406_rev,23429393,23429394,23429408_rev,23429389,23429381,23429391_rev,23429390
collapsed_70848050_45621371_70848049,23469599_rev,23469600
collapsed_70848230_70848232_70848229,23469611,23469621_rev
collapsed_23067547_70848231_70848228,23469633,16212630_rev
collapsed_70848231_70848228_70848233,23469633,16212630_rev,23469636
collapsed_70848234_70848232_70848233,23469637_rev,23469638
collapsed_2335178_2335925_2335130,5701865,5701056_rev
collapsed_2338547_2338671_2338156,5704943_rev,5704979,5705014,5704870_rev
collapsed_2336861_16449553_15339512,6289757,11627041_rev
collapsed_2335218_2335247_2335146,5701137_rev,5701103
collapsed_2338422_2338516_2338140,5704831_rev,5704726_rev
collapsed_2337272_2338167_2337300,5704428,5703429
collapsed_2336452_2336502_2336420,5702528_rev,5702471
collapsed_2331402_2331357_2331470,5697096_rev,5697163,6306325_rev
collapsed_2336519_2336223_2337019,5702551,5703107_rev,5702600
collapsed_2332949_2332895_2331622,5698673_rev,5698344_rev,5698672_rev
collapsed_2332976_2332779_2333435,5698703_rev,5699194
collapsed_2332162_2332110_2332215,5697863,5697923_rev
collapsed_2333779_2333741_2333804,5699554_rev,5699578
collapsed_2331104_2331517_2330704,5697211_rev,5696790_rev
collapsed_2330463_2330379_56083083,5696135,5696189,5696253_rev
collapsed_2333104_2332988_2333117,5698836,5698959_rev
collapsed_2332815_2332661_15339396,5698545_rev,5698594_rev,11627073
collapsed_2332488_2332412_35118137,5698196,14297721,6256202_rev
collapsed_2347983_2347953_2347325,5715231_rev,5714903_rev,5715230
collapsed_2345383_2345213_2345623,5712393_rev,5712661
collapsed_2338749_15602134_47150519,5705443,11666269_rev,5705442_rev,17030236
collapsed_2352526_2352943_2352339,5720115_rev,5720377,5719979_rev
collapsed_2348537_2348433_2348623,5715834_rev,5715919
collapsed_2351615_2351914_2351505,5719383,5719091_rev
collapsed_2328631_2328658_2328560,6305005_rev,6305003
collapsed_2328667_2328658_2328730,6305006,6305009
collapsed_2359409_2359672_2359184,6304865_rev,6304864,6304607_rev
collapsed_2360239_2360279_2360049,6304273,6304271_rev
collapsed_2359184_2359155_2359672,6304863,6304865_rev,6304864,6304607_rev
collapsed_2358999_2359155_2358722,6304862_rev,6304604,6304861
collapsed_2332677_2332154_2332751,6305107_rev,6305110_rev
collapsed_2334641_2334209_2334479,6305146,6305152_rev,6305153
collapsed_2325213_2325099_2325572,6304925,6304933_rev,6304932_rev
collapsed_2306819_2306611_2307336,6289499,6289502_rev,6291498,15515519,11535484_rev,15515520
collapsed_2303180_2303268_2303137,6270133,5665384
collapsed_7714069_2328910_16141509,6300096_rev,11749112
collapsed_2323897_2323302_2324218,6256505_rev,6306359_rev,5689540_rev
collapsed_2273503_2273546_2273466,5633379,5633332_rev
collapsed_2276259_2276623_2275879,5636513,5636155_rev
collapsed_2272895_2272881_2272949,5632697_rev,5632754,5632743_rev
collapsed_2305642_2305769_2305476,6304066_rev,5668286
collapsed_2330923_2331179_2330849,5696854,5696613
collapsed_2321510_2321571_12868447,5686485_rev,10248389_rev,10248390
collapsed_2315919_2315863_2315915,5680103,5680112
collapsed_2316119_2316258_2315895,5680469,5680321,5680130_rev,5680180
collapsed_2314312_2314362_2314214,5678369_rev,5678315
collapsed_2314388_2314095_2314449,5678405_rev,5678465
collapsed_2323951_2323903_2324004,5689258_rev,5689268_rev,5689311
collapsed_2322757_2323051_2322539,5688227_rev,5687883
collapsed_2308161_2308529_2308352,5671481_rev,5671624,5671428
collapsed_2308014_2308429_41188766,5671518,5671009
collapsed_2321411_2321115_2321610,5686306_rev,5686527
collapsed_2291734_2290930_2291401,5652529,5652044,5651713,5652528_rev
collapsed_2334246_2334116_18725705,5700059_rev,5700011,5699938,11581192,11580896_rev
collapsed_2288573_16172746_2289036,5649166,11629991_rev,5649644
collapsed_2303621_2303414_2303850,5665905,5666160
collapsed_2303438_2303416_2303466,5665690,5665722_rev
collapsed_2297661_2298187_2297996,5659122_rev,5659534,5659323
collapsed_2300458_2300382_2300520,5662228_rev,5662297
collapsed_2291545_2291602_2291491,5652399,5652335_rev
collapsed_2300712_35412670_70200603,14326569,5662709_rev
collapsed_2289768_2289383_2290282,5650436_rev,5650973
collapsed_2290190_2290167_57498481,5650877,20183747
collapsed_7717340_7717341_7717333,6301929,6301938_rev
collapsed_2299489_2299046_2299627,9984299,9984297_rev,5661224
collapsed_12416649_2281269_2281565,10068749_rev,5641345,5641647_rev,10068748
collapsed_2337786_12516554_19082830,10095568_rev,13281834_rev,13281841_rev
collapsed_2296327_12516264_2296217,10095933,5657391_rev,5657466
collapsed_2318965_2319824_57753008,5684519,20220954_rev,20220955
collapsed_2333262_62361275_2333001,5699285_rev,5699005
collapsed_70848224_2280771_46752426,23469607,16979670,23469606
collapsed_12914346_12914345_15425033,10063703,11633681_rev,19232817,19232819,19232818_rev,19232820
collapsed_2321901_2321786_2322731,10248391_rev,10248392,5686884,6304890,6304889_rev,6304891,5686948_rev,6304894
collapsed_2276174_2276535_2275802,5636425_rev,5636071
collapsed_13095281_2294494_2293952,5655671_rev,5655672_rev
collapsed_13177770_13177769_2282779,5642853_rev,5642926
collapsed_2287803_2287257_60820581,6270123,6270125,6270126
collapsed_13098604_2355663_23067536,6304849,13691159_rev
collapsed_2355663_23067536_2355349,6304849,13691159_rev,6304848
collapsed_2303810_2303777_72122950,10408303_rev,10408304,5666169
collapsed_2323728_2324016_2323301,5689323_rev,5689017
collapsed_2326940_2327171_2326591,5692793_rev,5692541
collapsed_2317725_2317757_2318174,18434849_rev,18434850,18434881_rev
collapsed_2287247_2287089_2287158,6270115,6270118
collapsed_2321117_2321283_2321098,5686091,5686167_rev,5685987
collapsed_15339765_15339763_15339808,11627633_rev,11927248
collapsed_15348872_15348874_2310110,11530312,11530309_rev
collapsed_15348874_2310110_2310558,11530312,11530309_rev,11530313
collapsed_2332751_2332154_2332786,6305107_rev,6305110_rev,6305112_rev
collapsed_2328590_2329353_2328292,5695025,5694404_rev,5694233
collapsed_2324629_2324942_2324353,5690330,5689966
collapsed_15418014_15418010_15418016,11632519,11632518_rev,11632517_rev
collapsed_2328457_2328432_2328494,5694107_rev,5694142
collapsed_2315389_2314953_2316257,5679520_rev,5680468
collapsed_2316129_2316046_2316176,5680333_rev,5680383
collapsed_2334907_15540847_2334934,11653901,5700799_rev
collapsed_2276049_15565090_2276007,5635933_rev,5635934_rev
collapsed_2361916_2361812_54168875,5729287_rev,5729236,19233255
collapsed_2274821_2274922_2274669,5634773,5634615,5634571_rev,5634660,5634522_rev
collapsed_15732688_12602945_33157200,10140839_rev,5682024_rev,5683301
collapsed_2324186_2324476_2324001,5689797,5689343_rev,5689510
collapsed_2325265_4741008_2326322,6268501,5691887_rev
collapsed_14900008_13685876_13685875,11526439_rev,11526440
collapsed_2333067_2332591_15339440,19923507_rev,5699926_rev
collapsed_16235444_2318820_39157635,11769061_rev,14310575_rev,11815531,14310574,14310729_rev,6273562
collapsed_16240795_2301079_46801058,11771025,11771024_rev
collapsed_16240750_16240737_16240727,11770932_rev,11770934
collapsed_16256214_2359280_2359003,11778025_rev,17259544,17259543_rev
collapsed_16347650_16347643_16240793,11801968,11801953_rev
collapsed_2323291_2323640_2322939,11835554,11835553_rev,5688440_rev,5688500
collapsed_16425544_16425545_2318931,5684343_rev,5684140_rev
collapsed_2273824_2273872_2274470,5633670,5633700_rev,5634310,5634016
collapsed_18725704_12516535_18725698,13244177_rev,13244181_rev
collapsed_18596850_2305990_41616182,10067216,5668599
collapsed_19055104_2304792_65180743,5667028_rev,5667278,14958586,21948239_rev,5666763,5666567_rev,14958594_rev
collapsed_18818386_18808597_72071270,13269199,13269194_rev,13269200_rev,13269193,13269192
collapsed_2289950_21750965_2289819,5650776,5650627_rev
collapsed_15425105_15142860_46335616,11583761,15105951_rev,15105952
collapsed_2306761_2306746_2306366,5669558_rev,5669341_rev,5669557
collapsed_2311419_52686604_56722580,5674979_rev,19923750
collapsed_33157197_2316236_33157198,5681688_rev,5681915
collapsed_35058383_35058369_15606544,14292915,11667360_rev,10089172
collapsed_2274410_2274523_2273888,5634359,5634248_rev
collapsed_2324545_2324781_2324320,5690143,5689871_rev
collapsed_2295390_2295088_15634038,5656420_rev,11679582
collapsed_16347644_15745490_16347645,11801999_rev,11835569,11802000_rev,11801997_rev,11801998
collapsed_39158525_2287494_2287092,5648001_rev,5647945_rev
collapsed_39160292_2287150_39160291,15068465,15068466_rev
collapsed_39097532_15614888_2289819,11669281,5650490
collapsed_15614888_2289819_15614893,11669281,5650490,11669293_rev
collapsed_38536230_38536231_38536231,14985373_rev,14985369_rev
collapsed_15602020_2309171_15602019,11666112_rev,14666271_rev,14666275
collapsed_12878570_14945210_39123898,10254160,15067169,10254161
collapsed_2327938_2327829_41860844,5693594,5693591_rev,21621374,21621375
collapsed_2330239_2330331_2330195,5695993,5695904_rev
collapsed_2338526_2339050_2337692,5705445_rev,5704843
collapsed_2315822_2315842_15602028,5680023_rev,5679954,5680002_rev
collapsed_2312893_2312907_2312855,5676684,5676665_rev
collapsed_41188484_2300486_41188483,15515789_rev,15514933_rev
collapsed_41188715_2305993_41188720,15515061_rev,15515563
collapsed_41188693_35936561_41188690,15515066_rev,15515168
collapsed_2308661_57004474_2308412,5672121,5671760_rev
collapsed_41226437_2352604_70690953,15539502_rev,15539503
collapsed_2312103_2312396_2311678,5676085,5675744_rev
collapsed_2305072_41188665_2305115,15515069_rev,5667668
collapsed_2314503_2314426_2314545,15514967,15515196_rev,15514970_rev,15515195_rev,15514718
collapsed_41188720_2305993_2306123,15515061_rev,15515563,15515564
collapsed_41188528_2301980_2302135,15514921_rev,15514922
collapsed_42600921_2314277_2313456,15795782,15795781_rev
collapsed_2312873_2312596_2313033,5676639,5676828
collapsed_41189094_2315524_2315949,15514703,15514702_rev
collapsed_2315949_2315524_2316045,15514703,15514702_rev,20230920_rev,20230921
collapsed_2315229_2315179_2315290,5679346_rev,5679412
collapsed_2313086_35197691_2313033,5676956,5676884
collapsed_38382155_41227121_54287247,15539598,14955586,19254261
collapsed_15596846_15596842_15596842,11664272,11664273_rev,11664380,11664379_rev
collapsed_2321241_43913140_2321094,5686319_rev,5686119
collapsed_2323313_2323277_2324128,5688525,5689454,5688891
collapsed_2322807_43923066_2322160,16233135_rev,5687943
collapsed_2352317_2352350_2353050,5719782,5719743,5719617_rev,13490557_rev,13490558
collapsed_2274835_2274815_2274888,5634684_rev,5634732
collapsed_16235463_2321827_2321890,11769161_rev,11769162
collapsed_40304532_40304531_72688451,15233310_rev,24013380_rev
collapsed_2312399_2312311_2312434,5676086_rev,5676124
collapsed_2327321_2327234_2327434,5692951_rev,5693069
collapsed_2315155_13098531_2315205,5679264_rev,5679320
collapsed_2325394_2325569_55925543,5690887_rev,5691027,5690923_rev,19842863_rev
collapsed_2320250_12526974_2320309,10100658,5685072_rev
collapsed_2274786_2274815_2274732,5634656,5634624_rev
collapsed_2321993_2322188_2322064,5687228,5686981,5687077_rev,5686993
collapsed_2322096_2322152_2321572,5687184_rev,5687119
collapsed_2319141_2319008_2319213,5683705_rev,5683777
collapsed_2329959_2330394_2329557,5696059,5695587_rev
collapsed_2315132_2315106_2315162,5679236_rev,5679273
collapsed_2328567_2329370_2328361,5695045,5694216_rev
collapsed_2327486_2327040_2328432,5693129_rev,5693901_rev,5694076
collapsed_2332158_2331877_2332222,5697680_rev,5697857,5697928
collapsed_2325335_2324726_2325667,5690500,5690755_rev,5691136_rev
collapsed_2324527_2324877_2324004,5690108_rev,5690254,5689472_rev,5689848
collapsed_2322977_2323026_2322871,5688197,5688127_rev
collapsed_2317341_2317373_2317309,5681666_rev,5681637
collapsed_40009331_2290813_2290739,15153462,15153463_rev
collapsed_43913065_45130503_43913066,16231698,5681648_rev
collapsed_2309197_2309169_2309226,5672420_rev,5672455
collapsed_2272828_38542802_2272833,5632622_rev,5632630
collapsed_2288408_2288440_48231575,5649011_rev,17259572
collapsed_18836106_54168651_18836109,21094437,16761142,11669072_rev,13271169,16761143_rev,13271170,13271171,21094438,13271155,11669071_rev
collapsed_2274732_2274815_2274667,5634656,5634624_rev,5634568_rev
collapsed_45815880_2287977_2287385,16698686_rev,16698687
collapsed_46328976_46328974_46328979,5653112,5653400_rev
collapsed_46335592_46335593_46335593,16774185,16774187,20230958_rev,20230959_rev,16774186
collapsed_46756352_46756353_46756353,16980695,16980694
collapsed_2309623_2309597_2310125,5673004_rev,5673509
collapsed_2306572_2306815_2306275,5669615,5669349_rev
collapsed_2285367_60117915_2285556,5645711,5645909_rev
collapsed_2306609_2306429_14900031,5669385,11526424_rev
collapsed_47078814_47078811_46717934,16970464,16970463_rev,16970467_rev
collapsed_47392848_47392852_47392845,17198993_rev,17198974
collapsed_15614941_15614940_2298278,5660098_rev,17199446,17199445_rev
collapsed_2303634_2303975_2302826,17206472_rev,17206473,5665920_rev
collapsed_47165497_2299452_2298799,19240784,19240783_rev,17033603_rev
collapsed_2303871_41188605_2303793,15515092,14419072_rev
collapsed_41188595_41188606_2303867,15515696,15515692_rev
collapsed_2315880_2315842_2315915,5680064,5680100_rev
collapsed_35936558_2304129_35937102,5666530_rev,5666747_rev
collapsed_2327417_2326637_2327573,5693043,5693218_rev
collapsed_2327962_2327636_2328339,5693614,5693997_rev
collapsed_2327979_2327526_2328205,5693312_rev,5693629,5693864
collapsed_15348881_15348883_2310424,11628372_rev,11628373_rev,5673883
collapsed_2310518_2310483_2310765,5673953,5674236_rev
collapsed_2310827_2310765_62678856,5674293,21660150_rev
collapsed_2295754_2295792_2295681,5656873,5656830_rev
collapsed_2353339_2353150_15339837,5720764_rev,11627147
collapsed_2329385_2328534_2329759,21364075_rev,5695396
collapsed_2327742_2327692_2327789,5693408_rev,5693447
collapsed_2328687_2328266_2328602,5694150_rev,5694331,5694287_rev,5694332_rev
collapsed_2328216_2328266_2328166,5693894_rev,5693923,5693871_rev
collapsed_2301849_2301802_2301955,5663830,5664007_rev,5664008
collapsed_2301585_2301520_2301626,5663498,5663860_rev
collapsed_2297590_2296725_2297629,5658889,5658898_rev,5658928
collapsed_2295410_2295971_39160300,5657083_rev,5656512
collapsed_2301955_2301802_43870906,5663830,5664007_rev,5664008,16230601_rev
collapsed_51204339_51598640_51204336,18433184,18383402_rev,18433181,18383401_rev,18383387_rev
collapsed_2308465_2308329_52597978,5671398_rev,5671563_rev,18733881_rev,5671814
collapsed_65054123_2315999_65054121,21932398_rev,21067019_rev,21932400
collapsed_2316045_2315524_2315999,15514703,15514702_rev,20230920_rev,20230921,20230927_rev,20230928
collapsed_53112142_2340896_2340657,18864999_rev,18865000
collapsed_53856275_53856280_53856277,19196190_rev,19196846
collapsed_53975217_2292456_53975220,19210085_rev,19215954,5653489
collapsed_54168759_2305234_2305342,19232767_rev,19232768
collapsed_54168760_2305505_2305342,19232772,19232771_rev
collapsed_12517946_54063129_12517947,10096822,10096823
collapsed_16235365_55064765_2309970,19507630_rev,11769134
collapsed_54741686_54741687_2303540,5665637,5665810_rev
collapsed_55418983_2302648_2302323,19590231_rev,19590232
collapsed_56722495_2304578_2304228,5667034_rev,10408307
collapsed_14947510_56728024_56728015,19925543_rev,19925549
collapsed_56720210_56720208_47613254,19923470,13244193_rev
collapsed_56720215_2324174_2324086,19923480_rev,19923481,5689482,5689428_rev
collapsed_56728020_2304149_2303599,19925591_rev,19925592
collapsed_2302161_56722470_2302062,5664182_rev,5664181
collapsed_56722463_46801069_46801073,5663812,11652974_rev
collapsed_57004449_56519083_57004452,19954933_rev,19955137
collapsed_57004447_52788379_56519083,19954939_rev,19954940
collapsed_41615767_41835988_41615768,5673588,15515347_rev
collapsed_2305477_2305454_56722504,5668076,5668075_rev
collapsed_2304792_65180743_2304996,5667028_rev,5667278,14958586,21948239_rev,5666763,5666567_rev,14958594_rev,21641640,21641641_rev
collapsed_2324877_2324004_2325512,5690108_rev,5690254,5689472_rev,5689848,5690966
collapsed_2308677_2308375_62921195,5671781,5672543_rev
collapsed_12575709_2305675_12575708,5668325,5668084_rev
collapsed_57436361_57436360_15565091,11658938_rev,11658937
collapsed_45728131_72122923_44206038,5651044,16271072,5651086
collapsed_2316578_57401596_2316921,20175174_rev,5680817_rev,5681185
collapsed_2323662_2323760_2323877,5689049,5689168_rev
collapsed_2289298_2289207_2289491,5649922,5650124_rev
collapsed_2279283_39158511_2279219,15068144,5639255_rev
collapsed_57436739_57436736_66011845,13254070_rev,20177077_rev
collapsed_41188906_57498610_2310159,15515159_rev,15515160
collapsed_57753005_57753006_57753004,20220950_rev,20220951
collapsed_2327204_2327105_2327303,5692827_rev,5692934
collapsed_2321769_2321737_2321786,5686717_rev,5686741
collapsed_2282616_2282533_2282664,5642735_rev,5642788
collapsed_2274093_57854287_2274067,5634067_rev,5633935
collapsed_2279397_2279108_34885070,5639370_rev,11669106_rev
collapsed_2282307_2282227_2282582,5642428,5642700
collapsed_2273283_2273279_2273337,5633100,5633158_rev
collapsed_2273337_2273377_2273279,5633202_rev,5633100,5633158_rev
collapsed_2273197_2273236_2273183,5633043_rev,5633013
collapsed_2273126_2273093_57436356,5632944,5632968,5632992_rev,5632980
collapsed_2273155_2273183_2273137,5632999_rev,5632973
collapsed_2273786_2274252_2273742,5634087_rev,5633612_rev
collapsed_2327512_2327554_12516490,5693198_rev,10095643
collapsed_16240683_2281494_2280840,5641570_rev,6307496,6307495_rev
collapsed_2273377_2273279_2273403,5633202_rev,5633100,5633158_rev,5633228_rev
collapsed_2273466_2273546_2273403,5633379,5633332_rev,5633292
collapsed_2272949_2272881_2273010,5632697_rev,5632754,5632743_rev,5632816
collapsed_13165790_13165791_2317015,5681329,6289570,6289569_rev,6289571,6289568_rev
collapsed_2292532_2292978_2291532,19240715_rev,19240716,15514176,5653389
collapsed_2272856_2273001_2273104,5632756,5632807_rev,5632500_rev,5632563,5632654_rev,5632920,5632752_rev,5632693_rev
collapsed_2306257_2306290_2306237,5668990_rev,5669018,5668985_rev
collapsed_2273010_2272881_2273093,5632697_rev,5632754,5632743_rev,5632816,5632912,5632893_rev
collapsed_2311470_43832565_56722575,16226711,16252998_rev
collapsed_2310929_2311016_2310893,5674510,5674414_rev
collapsed_2312390_2312495_2312332,5676197_rev,5676079
collapsed_2310861_2310816_2310893,5674313_rev,5674327,5674334,5674376
collapsed_2311602_2311496_2311643,5675130,5675169_rev,5675214_rev
collapsed_2311565_56631377_2311548,5675203_rev,19918190,5675136_rev
collapsed_2311511_2311548_2311456,5675121,5675052_rev
collapsed_2311548_56631377_2311456,5675203_rev,19918190,5675136_rev,5675121,5675052_rev
collapsed_2315613_45162427_12497887,5680211,5680005_rev,10087431_rev,5679747
collapsed_2331191_2330688_2331323,5696864_rev,5696516,5696647_rev,5697013_rev
collapsed_2311972_2311942_2312001,5675605_rev,5675634
collapsed_2312730_2312756_2312673,5676507,6304200_rev
collapsed_72037945_59921071_72037948,21076095_rev,23983343,23983345_rev
collapsed_2313425_72122964_2313385,5677364,5677276_rev,5677287_rev
collapsed_2324634_2324555_2324967,5689973_rev,5690355
collapsed_2348677_2348637_2348749,16079566_rev,16079567,5716058_rev
collapsed_2318482_2319394_2318839,21047402_rev,21047401_rev,5683350
collapsed_2302690_2302722_2302016,5664821,5664025,5664776_rev
collapsed_2303401_41188593_37724506,15515174_rev,14820024
collapsed_59861072_59861070_59861073,21067178,21067180,21067184_rev
collapsed_59862345_54063165_15634025,21067503_rev,14715268,21067504_rev,14715266,14715265_rev
collapsed_16240686_59862336_62714572,11771222,11771221_rev
collapsed_2310087_2309308_2310207,5673466,5673137,5673602
collapsed_2290507_2290472_2290562,5651224_rev,5651289
collapsed_2328486_2328444_2328561,5694137,5694118_rev,5694173_rev,5694184_rev,5694210
collapsed_2326026_2327062_2325588,5692683_rev,5692177_rev,5691143,5691533
collapsed_2281686_2281757_2281623,5641855_rev,5641778
collapsed_2306918_2306892_2306973,5669741,5669809
collapsed_2275054_2275024_2275077,5634911_rev,5634933
collapsed_2308992_2308947_2309236,5672187_rev,5672464
collapsed_2315663_2315658_2315734,5679808_rev,5679902
collapsed_72664491_72664490_42873662,15067244,15067243_rev
collapsed_60820580_60820578_60820581,5649026_rev,5649221,5649276
collapsed_2300032_2300108_2300166,5661795,5661875
collapsed_2315539_2315584_2315461,5679727_rev,5679676
collapsed_2335767_2337529_2335721,5703789,5703526_rev,5701644_rev
collapsed_2311856_2311824_2311884,5675465_rev,5675501
collapsed_2319837_2320252_2319654,5685013_rev,5684533_rev
collapsed_2276186_2276231_2276067,5636129,5636083_rev
collapsed_2309777_2309967_2309371,5673307_rev,5673083
collapsed_58386640_58386637_58386639,20316456,20316447_rev,20316443_rev
collapsed_54183413_54183412_12516364,19236215_rev,10095870
collapsed_2329266_62695272_2329346,5694936,5695017_rev
collapsed_16240801_16240803_16240802,11778311_rev,11778312,11778309_rev,11778310
collapsed_16240784_60844735_16240785,11778315_rev,11778316,11771066
collapsed_2306763_2306589_2306768,5669560_rev,5669566
collapsed_16240791_16240789_16240793,11778317_rev,11778318,11778319_rev,11778320
collapsed_2283923_2284446_2284384,5644181_rev,5644679,5644605_rev,5644469
collapsed_46452585_48787242_62461903,17471532_rev,21638924
collapsed_61874136_46334619_39399638,16774137_rev,21350678,21350679
collapsed_62134473_56722523_2308210,21403497_rev,21403498
collapsed_62361273_62361274_15540833,21620937_rev,5699687,5699560_rev,11653992_rev
collapsed_2322160_43923066_2322103,16233135_rev,5687943,5687161,5687193_rev
collapsed_62808508_62808507_2337529,21677363,21677362_rev
collapsed_2321707_2321688_2321737,5686642_rev,5686674
collapsed_62829003_56541361_2320876,21681178,21681177_rev
collapsed_2295400_2295347_2295435,5656429,5656469_rev
collapsed_63005941_63005940_2286292,5646251,5646712_rev
collapsed_63473320_2323196_2324012,5688395,5689318_rev
collapsed_63473330_2331390_63473331,10003743_rev,10003744
collapsed_2319654_2320252_13098544,5685013_rev,5684533_rev,5684308_rev
collapsed_2327307_2327227_2327394,5692937_rev,5693019
collapsed_2313061_2313178_2312920,5676996_rev,5676860
collapsed_2327968_2327431_2328628,5693620_rev,5694267,5693964_rev
collapsed_64729147_64729156_64729145,21905552,21905555_rev,21905558
collapsed_64807944_2306747_2305715,5669545_rev,5669358_rev,21914804,21914805
collapsed_64907097_64907099_64907094,21925304,21925305_rev
collapsed_64907087_64907089_64907085,21925311,21925313_rev
collapsed_65180743_65180741_2304996,21948246,5667028_rev,5667278,14958586,21948239_rev,5666763,5666567_rev,14958594_rev,21641640,21641641_rev
collapsed_64700824_64700828_64700822,21902236_rev,21902233
collapsed_65740955_2360482_2360887,6304275,6304596,6304269_rev,5728261,6304595,6304277_rev
collapsed_66011859_66011854_66011865,22428565_rev,22428566
collapsed_66011822_66011825_66011823,5696349_rev,22428599_rev,22428552,22428600_rev
collapsed_66300755_40009368_40009368,22464496_rev,15153495_rev,22464497_rev
collapsed_2323875_2323626_2324015,5689167,5689322_rev
collapsed_67354678_66011860_66011861,16252557_rev,16252569,21903561_rev
collapsed_2296446_16372981_46233631,5657411,5657616,5657296_rev,5657617_rev
collapsed_2302826_2302689_2303975,5664818,5664957_rev,17206472_rev,17206473,5665920_rev
collapsed_2306357_2306248_2306443,5669102,5669199_rev
collapsed_2308193_2308262_2307864,5671309,5671221_rev
collapsed_2312930_2312901_2313024,5676707,5676813_rev
collapsed_2324330_2323193_2324798,5689198,5689664,5690159_rev
collapsed_68219701_2308135_2307971,19392709,19392708_rev
collapsed_68314949_68314938_68314951,22678981,22678980_rev,22678982
collapsed_68689514_68689511_68689516,5666577,5666487_rev,22738640
collapsed_69097289_2321663_16141444,22995843_rev,22995844
collapsed_69982626_69982624_69982624,23334293_rev,23334290_rev,23334294_rev
collapsed_70238258_39157622_70238254,23390032_rev,23390037_rev,23390038
collapsed_70365139_2316016_2314850,23420794_rev,23420795
collapsed_70423690_70423686_35820252,16702966,14384793_rev,14429704,19232822_rev,11866970_rev,19232821_rev,19235571
collapsed_70479879_70479885_70479885,23429486_rev,23429526,23429487
collapsed_70680959_70680956_47150488,17030284_rev,17030320
collapsed_70690371_13104928_70690372,6304857,6304858_rev
collapsed_2310207_2310296_15545251,5673703,11654662
collapsed_15606314_15606313_36731183,11667433,14653273_rev
collapsed_46328984_46328968_58620450,5652735_rev,5653905_rev,5653353,20376187_rev
collapsed_53975232_52874021_53975237,19210089,19210092
collapsed_2274067_2273958_2274387,5633876_rev,5633848_rev,5633901_rev,5633818_rev,5634226_rev
collapsed_62828946_2316258_2316554,5680626_rev,5680797
