OD_ID,Route_ID,method,origin_node,origin_sa1,origin_sa2,destination_node,destination_sa1,destination_sa2,nodes,links
1,1,link_elimination,168,20804119539,208041195,191,21104127036,211041270,"168,89545,89547,89542,53828,53830,44264,14059,146,14103,14061,74139,14084,14073,14074,14056,73965,93573,11437,11438,16,45815,28586,12551,12549,93657,177,91432,61197,59522,32777,75501,58168,62776,14168,14170,44263,32881,32880,32882,32879,58825,191","4709635,679981455,680217656,680217655,160317973,160317975,677766539,677766545,679983603,160317983,1318313159,1318313160,1156522208,1198516864,203036580,65351952,30637745,784211518,30637743,160317971,160317976,160317977,571057869,784211521,1156522206,680258118,1202473739,25448505,389450365,1175822986,784546494,756049997,784201458,1175822648,25450937,1288213446,25448664,714471992,715814942,780617520,25448509,714471993,1175823845,25448644,25448474,784210240,28317058,784210239,784224590,771823950,784224589,377820485,782748047,316165687,1299708273,755045929,1306856057,701021394,784224588,1306856058,23551977,701021389,780449541,1299708268,217505288,217505484,760597427,1306856059,316165686,791859002,792011209,1306856060,792011210,24399483,1306856061,677813828,792014387,782086840,782086841,782086842,555951439,761770664,24399482,782086839,782086843,782086844,1306856062,713104585,761314608,794427823,347401674,1201408541,217505487,792199881,401889026,1306856064,202399321,792199880,1306856063,713103195,377826204,713102064,401889022,1183795186,656904653,784329160,215380073,792198744,215384253,784039450,232424809,784039451,784280745,784329158,25453357,760638634,784280746,792146389,792146390,992099099,992099100,65245680,767370445,65245722,767370444,199170202,8047416,1215998509,1215998508"
1,2,link_elimination,168,20804119539,208041195,191,21104127036,211041270,"168,89545,89547,89542,53828,53830,44264,14059,146,145,14084,14073,14074,14056,73965,93573,11437,11438,16,45815,28586,12551,12549,93657,177,91432,61197,59522,32777,75501,58168,62776,14168,14170,44263,32881,32880,32882,32879,58825,191","4709635,679981455,680217656,680217655,160317973,160317975,677766539,677766545,679983603,160317983,1318313159,1318313160,1156522208,1198516864,203036580,65351952,30637745,784211518,30637743,160317971,160317976,160317977,571057869,784211521,1156522206,680258118,1202473739,25448505,4709572,389450367,714580243,1175823313,680258119,1175823043,780617520,25448509,714471993,1175823845,25448644,25448474,784210240,28317058,784210239,784224590,771823950,784224589,377820485,782748047,316165687,1299708273,755045929,1306856057,701021394,784224588,1306856058,23551977,701021389,780449541,1299708268,217505288,217505484,760597427,1306856059,316165686,791859002,792011209,1306856060,792011210,24399483,1306856061,677813828,792014387,782086840,782086841,782086842,555951439,761770664,24399482,782086839,782086843,782086844,1306856062,713104585,761314608,794427823,347401674,1201408541,217505487,792199881,401889026,1306856064,202399321,792199880,1306856063,713103195,377826204,713102064,401889022,1183795186,656904653,784329160,215380073,792198744,215384253,784039450,232424809,784039451,784280745,784329158,25453357,760638634,784280746,792146389,792146390,992099099,992099100,65245680,767370445,65245722,767370444,199170202,8047416,1215998509,1215998508"
1,3,link_elimination,168,20804119539,208041195,191,21104127036,211041270,"168,89545,89547,89542,53828,53830,44264,14059,146,145,14084,14073,14074,14056,73965,93573,11437,11439,11438,16,45815,28586,12551,12549,93657,177,91432,61197,59522,32777,75501,58168,62776,14168,14170,44263,32881,32880,32882,32879,58825,191","4709635,679981455,680217656,680217655,160317973,160317975,677766539,677766545,679983603,160317983,1318313159,1318313160,1156522208,1198516864,203036580,65351952,30637745,784211518,30637743,160317971,160317976,160317977,571057869,784211521,1156522206,680258118,1202473739,25448505,4709572,389450367,714580243,1175823313,680258119,1175823043,780617520,25448509,714471993,1175823845,25448644,25448474,784210240,28317058,784210239,784224590,771823950,784224589,377820485,782748047,316165687,1299708273,755045929,1306856057,701021394,784224588,1306856058,23551981,1299708267,701021389,780449541,1299708268,217505288,217505484,760597427,1306856059,316165686,791859002,792011209,1306856060,792011210,24399483,1306856061,677813828,792014387,782086840,782086841,782086842,555951439,761770664,24399482,782086839,782086843,782086844,1306856062,713104585,761314608,794427823,347401674,1201408541,217505487,792199881,401889026,1306856064,202399321,792199880,1306856063,713103195,377826204,713102064,401889022,1183795186,656904653,784329160,215380073,792198744,215384253,784039450,232424809,784039451,784280745,784329158,25453357,760638634,784280746,792146389,792146390,992099099,992099100,65245680,767370445,65245722,767370444,199170202,8047416,1215998509,1215998508"
1,4,link_elimination,168,20804119539,208041195,191,21104127036,211041270,"168,89545,89547,89542,53828,53830,44264,14059,146,145,14084,14073,14074,14056,73965,93573,11437,11438,16,45815,28586,12551,12549,93657,177,22593,24421,24424,45817,71340,115740,25537,32880,32882,32879,58825,191","4709635,679981455,680217656,680217655,160317973,160317975,677766539,677766545,679983603,160317983,1318313159,1318313160,1156522208,1198516864,203036580,65351952,30637745,784211518,30637743,160317971,160317976,160317977,571057869,784211521,1156522206,680258118,1202473739,25448505,4709572,389450367,714580243,1175823313,680258119,1175823043,780617520,25448509,714471993,1175823845,25448644,25448474,784210240,28317058,784210239,784224590,771823950,784224589,377820485,782748047,316165687,1299708273,755045929,1306856057,701021394,784224588,1306856058,23551977,701021389,780449541,1299708268,217505288,217505484,760597427,1306856059,316165686,791859002,792011209,1306856060,792011210,24399483,1306856061,677813828,792014387,782086840,782086841,782086842,555951439,761770664,24399482,782086839,782086843,782086844,1306856062,1268873737,1268873739,38939875,1268873733,794427824,1268873735,1268873734,1268873736,1268873738,1268873740,4709673,1268873741,992097228,1268873732,992097229,28615272,28615290,761304481,792233139,992098068,761304482,293931482,1164029586,792209418,991853385,1164029585,991853386,767370446,234091228,982377042,65245722,767370444,199170202,8047416,1215998509,1215998508"
1,5,link_elimination,168,20804119539,208041195,191,21104127036,211041270,"168,89545,89547,89542,53828,53830,44264,14059,146,145,14084,14073,14074,14056,73965,93573,11437,11438,16,45815,28586,12551,12549,93657,177,22593,24421,24424,45817,71340,115740,25537,32880,32879,58825,191","4709635,679981455,680217656,680217655,160317973,160317975,677766539,677766545,679983603,160317983,1318313159,1318313160,1156522208,1198516864,203036580,65351952,30637745,784211518,30637743,160317971,160317976,160317977,571057869,784211521,1156522206,680258118,1202473739,25448505,4709572,389450367,714580243,1175823313,680258119,1175823043,780617520,25448509,714471993,1175823845,25448644,25448474,784210240,28317058,784210239,784224590,771823950,784224589,377820485,782748047,316165687,1299708273,755045929,1306856057,701021394,784224588,1306856058,23551977,701021389,780449541,1299708268,217505288,217505484,760597427,1306856059,316165686,791859002,792011209,1306856060,792011210,24399483,1306856061,677813828,792014387,782086840,782086841,782086842,555951439,761770664,24399482,782086839,782086843,782086844,1306856062,1268873737,1268873739,38939875,1268873733,794427824,1268873735,1268873734,1268873736,1268873738,1268873740,4709673,1268873741,992097228,1268873732,992097229,28615272,28615290,761304481,792233139,992098068,761304482,293931482,1164029586,792209418,991853385,1164029585,991853386,767370446,234091228,982377042,39276797,199170202,8047416,1215998509,1215998508"
1,6,penalty,168,20804119539,208041195,191,21104127036,211041270,"168,89545,89547,89542,53828,53830,44264,14059,146,14103,14061,74139,14084,14073,14074,14056,73965,93573,11437,11438,16,45815,28586,12551,12549,93657,177,91432,61197,59522,32777,75501,58168,62776,14168,14170,44263,32881,32880,32882,32879,58825,191","4709635,679981455,680217656,680217655,160317973,160317975,677766539,677766545,679983603,160317983,1318313159,1318313160,1156522208,1198516864,203036580,65351952,30637745,784211518,30637743,160317971,160317976,160317977,571057869,784211521,1156522206,680258118,1202473739,25448505,389450365,1175822986,784546494,756049997,784201458,1175822648,25450937,1288213446,25448664,714471992,715814942,780617520,25448509,714471993,1175823845,25448644,25448474,784210240,28317058,784210239,784224590,771823950,784224589,377820485,782748047,316165687,1299708273,755045929,1306856057,701021394,784224588,1306856058,23551977,701021389,780449541,1299708268,217505288,217505484,760597427,1306856059,316165686,791859002,792011209,1306856060,792011210,24399483,1306856061,677813828,792014387,782086840,782086841,782086842,555951439,761770664,24399482,782086839,782086843,782086844,1306856062,713104585,761314608,794427823,347401674,1201408541,217505487,792199881,401889026,1306856064,202399321,792199880,1306856063,713103195,377826204,713102064,401889022,1183795186,656904653,784329160,215380073,792198744,215384253,784039450,232424809,784039451,784280745,784329158,25453357,760638634,784280746,792146389,792146390,992099099,992099100,65245680,767370445,65245722,767370444,199170202,8047416,1215998509,1215998508"
1,7,penalty,168,20804119539,208041195,191,21104127036,211041270,"168,89545,89543,20777,221,27662,27664,28009,28007,28005,28006,226,27985,40260,27990,51823,5719,47086,54318,56634,56633,4638,39015,56285,3752,3751,23419,12447,50415,61096,94928,31556,57228,31555,56731,11448,11445,39543,39544,11446,115784,22592,22593,24421,24424,45817,71340,115740,25537,32880,32882,32879,58825,191","4709635,679981455,680217653,30637741,713114567,1053809358,1156522209,1256458593,30637739,30637736,30637701,1156522210,714479767,714479766,30637737,1156522211,1038608716,1038608717,1038608715,30637670,1156516641,4720830,30637603,907223686,30637699,85552016,46342800,1255864786,25757419,152757638,907223685,145642417,145642422,145642418,1197607579,145642421,1197607580,907223689,1268873701,1268873702,1180575575,907223690,1268873697,1268873698,1268873699,1268873700,178975529,1268873696,1159538672,1268873693,1268873694,1268873695,178455906,178733957,9502160,794284570,794376608,207151769,794385583,216022509,132196550,1297655830,1315255699,384811818,782715600,384811975,185704436,754953217,701021392,23552003,23552001,24399615,48627992,1181899914,23552002,792015546,24399485,293937134,992097226,378089548,58949944,798268269,992097227,28355468,992097229,28615272,28615290,761304481,792233139,992098068,761304482,293931482,1164029586,792209418,991853385,1164029585,991853386,767370446,234091228,982377042,65245722,767370444,199170202,8047416,1215998509,1215998508"
1,8,penalty,168,20804119539,208041195,191,21104127036,211041270,"168,89545,89547,89542,53828,53830,44264,14059,146,14103,14061,74139,14084,14073,14074,14056,23462,23461,61096,94928,31556,57228,31555,56731,11448,11445,39543,39544,11446,115784,22592,22593,24421,24424,45817,71340,115740,25537,32880,32882,32879,58825,191","4709635,679981455,680217656,680217655,160317973,160317975,677766539,677766545,679983603,160317983,1318313159,1318313160,1156522208,1198516864,203036580,65351952,30637745,784211518,30637743,160317971,160317976,160317977,571057869,784211521,1156522206,680258118,1202473739,25448505,389450365,1175822986,784546494,756049997,784201458,1175822648,25450937,1288213446,25448664,714471992,715814942,780617520,25448509,714471993,1175823845,25448644,25448474,784210240,193321153,784210238,28458863,1315046457,1315255699,384811818,782715600,384811975,185704436,754953217,701021392,23552003,23552001,24399615,48627992,1181899914,23552002,792015546,24399485,293937134,992097226,378089548,58949944,798268269,992097227,28355468,992097229,28615272,28615290,761304481,792233139,992098068,761304482,293931482,1164029586,792209418,991853385,1164029585,991853386,767370446,234091228,982377042,65245722,767370444,199170202,8047416,1215998509,1215998508"
1,9,penalty,168,20804119539,208041195,191,21104127036,211041270,"168,89545,89547,89542,53828,53830,52075,52074,53837,45447,28032,1176,28039,24620,64,187,41144,19020,14145,42893,28595,28602,60098,60100,60099,9309,9307,18699,18701,18723,18724,59522,24424,45817,71340,115740,25537,32880,32882,32879,58825,191","4709635,679981455,680217656,680217655,160317973,160317975,677766539,677766545,679983603,160317983,1318313159,1318313160,1156522208,1198516864,203036580,160317990,151853060,1001293754,160330371,1282674528,30639246,1156522204,1276692318,75614885,1276692313,1276692315,1276692320,30639255,1276692319,1256458591,1256458592,761286905,30639243,1092241186,1156522205,1214430003,30639268,786973366,30639239,786973367,28317064,28317081,1214430002,1155680845,1280420152,30639242,1156522202,1266366059,578254726,168809682,1163772555,30639272,4712630,1163772556,215671644,1092808908,1092808907,68853893,1268873660,1268873658,1268873661,53789529,713121784,1131517946,1268873659,480570998,1092802786,480570997,1274748973,203035915,1274748972,1274748971,1274748967,1274748968,1268873662,1268873663,1274748966,1274748974,1274748975,1274748977,714061400,1274748978,22915009,1126616527,1274748976,27749304,567604983,168809679,27749371,434714985,215138703,792199882,1126615543,168809664,1126615539,1299703356,1228766600,4707920,1299703354,1299703355,400184199,992098069,1216170816,761304481,792233139,992098068,761304482,293931482,1164029586,792209418,991853385,1164029585,991853386,767370446,234091228,982377042,65245722,767370444,199170202,8047416,1215998509,1215998508"
1,10,penalty,168,20804119539,208041195,191,21104127036,211041270,"168,89547,89542,53828,53830,44264,96212,57897,41120,14106,14107,83059,56179,56187,56178,51723,51724,51725,54523,54522,12858,12857,195372,195373,22225,96484,50415,12447,23419,3751,47157,39283,39003,21042,153218,10626,52093,52114,58378,58379,50933,96246,22663,22662,156301,43562,51421,95523,58821,45817,71340,115740,25537,32880,32882,32879,58825,191","679981457,1000387270,680217655,160317973,160317975,677766539,677766545,679983603,160317983,1318313159,1318313160,1156522208,1198516864,203036580,65351952,30637745,784211518,30637743,160317971,160317976,160317977,1287923253,25376684,791666103,791666105,791666104,782543887,25451529,193307915,1180574617,25451528,144938129,178482110,1310466756,574565278,178482113,193318292,178457825,144938117,1309810694,1310769269,165270563,165270558,24490062,1310916608,1310916609,746791266,794289180,1373898359,193321816,794289182,1294883109,794385585,794385583,207151769,794284570,794376608,761112063,103239451,48382924,1268873692,1288236159,47471579,1288236157,1155139807,23074037,1155139808,37319591,1288236154,37887561,152634842,37887562,115626992,1288236156,1313143623,1313143625,1287977993,198141499,202941518,991843028,1348856219,792032247,1348856220,28356161,139339313,792032249,1172180248,1313140558,1313140557,1313140559,141705564,1163796851,1287659567,199168879,1163796849,785912896,1163796850,316164996,792233138,316164995,785912897,1133658920,761304482,293931482,1164029586,792209418,991853385,1164029585,991853386,767370446,234091228,982377042,65245722,767370444,199170202,8047416,1215998509,1215998508"
1,11,random,168,20804119539,208041195,191,21104127036,211041270,"168,89545,89547,89542,53828,53830,44264,14059,146,145,14084,14073,14074,14056,73965,93573,11437,11439,11438,16,45815,28586,12551,12549,93657,177,91432,61197,59522,32777,75501,58168,15,71340,115740,25537,32880,32882,32879,58825,191","4709635,679981455,680217656,680217655,160317973,160317975,677766539,677766545,679983603,160317983,1318313159,1318313160,1156522208,1198516864,203036580,65351952,30637745,784211518,30637743,160317971,160317976,160317977,571057869,784211521,1156522206,680258118,1202473739,25448505,4709572,389450367,714580243,1175823313,680258119,1175823043,780617520,25448509,714471993,1175823845,25448644,25448474,784210240,28317058,784210239,784224590,771823950,784224589,377820485,782748047,316165687,1299708273,755045929,1306856057,701021394,784224588,1306856058,23551981,1299708267,701021389,780449541,1299708268,217505288,217505484,760597427,1306856059,316165686,791859002,792011209,1306856060,792011210,24399483,1306856061,677813828,792014387,782086840,782086841,782086842,555951439,761770664,24399482,782086839,782086843,782086844,1306856062,713104585,761314608,794427823,347401674,1201408541,217505487,792199881,401889026,1306856064,202399321,792199880,1306856063,713103195,377826204,713102064,4080223,761350206,992098457,992098458,991853385,1164029585,991853386,767370446,234091228,982377042,65245722,767370444,199170202,8047416,1215998509,1215998508"
1,12,random,168,20804119539,208041195,191,21104127036,211041270,"168,89547,89542,53828,53830,44264,96212,57897,14111,41121,41120,14106,14107,83059,56179,56187,56178,51723,51724,54523,54522,12858,12857,195373,22225,96484,12446,12447,23419,3751,47157,39283,39003,28043,28042,11445,39543,39544,11446,115784,22592,22593,24421,24424,45817,71340,115740,25537,32880,32882,32879,58825,191","679981457,1000387270,680217655,160317973,160317975,677766539,677766545,679983603,160317983,1318313159,1318313160,1156522208,1198516864,203036580,65351952,30637745,784211518,30637743,160317971,160317976,160317977,1287923253,25376684,791666103,791666105,193307438,791664165,53788379,782543887,25451529,193307915,1180574617,25451528,144938129,178482110,1310466756,574565278,178482113,193318292,178457825,144938117,1309810693,165270563,165270558,24490062,1310916612,1373898358,746791266,794289180,1373898359,193321816,794289182,1294883109,794385584,24144908,207151769,794284570,794376608,761112063,103239451,48382924,1268873692,1288236159,808457699,808457701,839776285,1178562909,1178562908,1178562910,152937014,1268873686,1268873688,1268873690,1286788550,1268873691,30639411,199171254,23552001,24399615,48627992,1181899914,23552002,792015546,24399485,293937134,992097226,378089548,58949944,798268269,992097227,28355468,992097229,28615272,28615290,761304481,792233139,992098068,761304482,293931482,1164029586,792209418,991853385,1164029585,991853386,767370446,234091228,982377042,65245722,767370444,199170202,8047416,1215998509,1215998508"
1,13,random,168,20804119539,208041195,191,21104127036,211041270,"168,89547,89542,53828,53830,44264,96212,57897,41120,14106,14107,83059,56179,56187,56178,51723,51724,51725,54523,54522,12858,12857,195372,195373,22225,96484,12446,3752,56285,39283,39003,28043,181388,32765,32777,75501,58168,62776,14168,14169,14148,14170,44263,32881,32880,32882,32879,58825,191","679981457,1000387270,680217655,160317973,160317975,677766539,677766545,679983603,160317983,1318313159,1318313160,1156522208,1198516864,203036580,65351952,30637745,784211518,30637743,160317971,160317976,160317977,1287923253,25376684,791666103,791666105,791666104,782543887,25451529,193307915,1180574617,25451528,144938129,178482110,1310466756,574565278,178482113,193318292,178457825,144938117,1309810694,1310769269,165270563,165270558,24490062,1310916608,1310916609,746791266,794289180,1373898359,193321816,794289182,1294883109,794385584,178455902,1159538669,178455906,178733957,1159538671,48382924,1268873692,1288236159,808457699,808457701,839776285,1178562909,1178562908,1178562910,152937014,1268873686,1268873688,1268873690,1286788550,1268873691,1268873683,1268873684,1268873685,1268873679,1268873680,1268873681,1268873682,234278494,410262938,234278495,1268873678,1268873677,1292988247,1292988248,38941517,713103195,377826204,713102064,401889022,1183795186,656904653,784329160,215380073,792198744,215384253,784039450,232424809,784039451,784280745,784329158,25453354,785860498,39276968,760638634,784280746,792146389,792146390,992099099,992099100,65245680,767370445,65245722,767370444,199170202,8047416,1215998509,1215998508"
1,14,random,168,20804119539,208041195,191,21104127036,211041270,"168,89545,89547,89542,53828,53830,44264,14059,14103,14061,14086,32286,14074,14056,73965,58,93573,11437,11438,11439,24076,22713,59735,22714,159525,40761,40760,40757,11445,39543,39544,11446,115784,22592,22593,24421,24424,45817,71340,115740,25537,32880,32882,32879,58825,191","4709635,679981455,680217656,680217655,160317973,160317975,677766539,677766545,679983603,160317983,1318313159,1318313160,1156522208,1198516864,203036580,65351952,30637745,784211518,30637743,160317971,160317976,160317977,571057869,784211521,1156522206,680258118,1202473739,25451491,784546494,756049997,784201458,1175822648,25448507,25448508,780617519,784205766,37890980,25448474,784210240,28317058,784210239,784224590,330451928,755045930,377820485,782748047,316165687,1299708273,755045929,1306856057,701021394,784224588,1306856058,23551977,1299708267,701021388,1299708269,782748050,782748051,1224921309,202940524,474139845,1020417625,199171253,1355275832,1356814509,51969120,1355275831,51969118,23552001,24399615,48627992,1181899914,23552002,792015546,24399485,293937134,992097226,378089548,58949944,798268269,992097227,28355468,992097229,28615272,28615290,761304481,792233139,992098068,761304482,293931482,1164029586,792209418,991853385,1164029585,991853386,767370446,234091228,982377042,65245722,767370444,199170202,8047416,1215998509,1215998508"
1,15,random,168,20804119539,208041195,191,21104127036,211041270,"168,89545,89547,89542,53828,53830,44264,82929,95236,14057,146,14059,14103,14061,14086,14095,14073,14074,14056,73965,93573,11437,11439,24076,22713,22714,159525,40758,159514,40760,40757,11445,39543,39544,11446,115784,22592,22593,24421,150149,45817,71340,115740,25537,32880,32882,32879,58825,191","4709635,679981455,680217656,680217655,160317973,160317975,677766539,677766545,679983603,160317983,1318313159,1318313160,1156522208,1198516864,203036580,65351952,30637745,784211518,30637743,160317971,160317976,160317977,571057863,1287923252,761277637,784210234,761277638,784210235,784201459,680258117,25448505,25451491,784546494,756049997,784201458,1175822648,25448507,25448508,780617519,334471787,1175868287,25448665,1288213450,25451174,1288213449,25448644,25448474,784210240,28317058,784210239,784224590,771823950,784224589,377820485,782748047,316165687,1299708273,755045929,1306856057,701021394,784224588,1306856058,23551981,701021388,1299708269,782748050,782748051,1224921309,28356841,199171253,1355275832,1181938564,1181899915,1355283055,1355275831,51969118,23552001,24399615,48627992,1181899914,23552002,792015546,24399485,293937134,992097226,378089548,58949944,798268269,992097227,28355468,992097229,38939873,1126617414,1126617423,1268873731,147509667,83594922,792232468,1164029587,761304482,293931482,1164029586,792209418,991853385,1164029585,991853386,767370446,234091228,982377042,65245722,767370444,199170202,8047416,1215998509,1215998508"
2,1,link_elimination,168,20804119539,208041195,718,21205132002,212051320,"168,89545,89543,20777,221,27662,27664,28009,28007,28005,28006,133,93571,13817,13814,13820,40252,13824,13825,49126,49129,14566,12141,12128,155651,51737,51741,54834,56700,39850,94851,91480,6089,6090,39613,39604,39609,9785,59775,44283,59779,12279,36831,12278,705,36829,704,45807,149262,738,718","4709635,679981455,680217653,30637741,713114567,1053809358,1156522209,1256458593,30637739,30637736,30637701,1156522210,714479767,714479766,30637737,1156522211,1038608716,1038608717,1038608715,30637670,698813320,4703987,786454157,1156518458,786456385,1106520413,780483586,1106520415,786454154,1106520410,1106520405,1106520409,780867277,203036581,1106520402,1106520401,25313907,116792900,116796508,294012449,25701543,780482658,169092879,1277727978,1169737513,1277726643,1277726646,25701524,1277726642,1277726650,1169737173,1169737174,1277726640,1214250748,11334823,11334849,1214250749,1277726648,225096746,787485570,756357737,1278406971,198132973,211260232,782395453,781525357,49678860,781525358,713493692,1105398544,791668582,1105398545,1189963744,15475366,166317781,574623969,48718676,48718673,203048346,22961642,1261386957,203048342,1261386962,1310769901,203048350,1164612964,83144510,1164586912,1164586913,1164586914,45542221,83144507,1125821134,,"
2,2,link_elimination,168,20804119539,208041195,718,21205132002,212051320,"168,89545,89543,20777,221,27662,27664,28009,28007,28005,28006,133,93571,13817,13814,13820,40252,13824,13825,49126,49129,14566,12141,12140,83264,133245,55096,95692,133241,51737,51741,54834,56700,39850,94851,91480,6089,6090,39613,39604,39609,9785,59775,44283,59779,12279,36831,12278,705,36829,704,45807,149262,738,718","4709635,679981455,680217653,30637741,713114567,1053809358,1156522209,1256458593,30637739,30637736,30637701,1156522210,714479767,714479766,30637737,1156522211,1038608716,1038608717,1038608715,30637670,698813320,4703987,786454157,1156518458,786456385,1106520413,780483586,1106520415,786454154,1106520410,1106520405,1106520409,780867277,203036581,1106520402,1106520401,25313907,116792900,116796508,294012449,25701543,23796194,578608296,1068083805,169092880,1068083790,1068083791,1059000053,1068083792,1068083793,1055078337,1068083802,1278406965,797136581,144987839,1278406967,1068083804,1278406966,1278406968,1278406969,144987847,1278406970,756357737,1278406971,198132973,211260232,782395453,781525357,49678860,781525358,713493692,1105398544,791668582,1105398545,1189963744,15475366,166317781,574623969,48718676,48718673,203048346,22961642,1261386957,203048342,1261386962,1310769901,203048350,1164612964,83144510,1164586912,1164586913,1164586914,45542221,83144507,1125821134,,"
2,3,link_elimination,168,20804119539,208041195,718,21205132002,212051320,"168,89545,89543,20777,221,27662,27664,28009,28007,28005,28006,133,93571,13817,13814,13820,40252,13824,13825,49126,49129,14566,12141,12140,83264,133245,55096,95692,133241,51737,51741,1524,1523,94851,91480,6089,6090,39613,39604,39609,9785,59775,44283,59779,12279,36831,12278,705,36829,704,45807,149262,738,718","4709635,679981455,680217653,30637741,713114567,1053809358,1156522209,1256458593,30637739,30637736,30637701,1156522210,714479767,714479766,30637737,1156522211,1038608716,1038608717,1038608715,30637670,698813320,4703987,786454157,1156518458,786456385,1106520413,780483586,1106520415,786454154,1106520410,1106520405,1106520409,780867277,203036581,1106520402,1106520401,25313907,116792900,116796508,294012449,25701543,23796194,578608296,1068083805,169092880,1068083790,1068083791,1059000053,1068083792,1068083793,1055078337,1068083802,1278406965,797136581,144987839,1278406967,1068083804,1278406966,1278406968,1278406969,144987847,1278406970,756357737,1278406971,144987851,5323142,1105398542,1105398543,713493692,1105398544,791668582,1105398545,1189963744,15475366,166317781,574623969,48718676,48718673,203048346,22961642,1261386957,203048342,1261386962,1310769901,203048350,1164612964,83144510,1164586912,1164586913,1164586914,45542221,83144507,1125821134,,"
2,4,link_elimination,168,20804119539,208041195,718,21205132002,212051320,"168,89545,89543,20777,221,27662,27664,28009,28007,28005,28006,133,93571,13817,13814,13820,40252,13824,13825,49126,49129,14566,12141,12140,83264,133245,55096,95692,133241,51737,51741,1524,1523,94851,91480,6089,6090,39613,39604,39609,9785,59775,44283,59779,12279,36831,12278,705,704,45807,149262,738,718","4709635,679981455,680217653,30637741,713114567,1053809358,1156522209,1256458593,30637739,30637736,30637701,1156522210,714479767,714479766,30637737,1156522211,1038608716,1038608717,1038608715,30637670,698813320,4703987,786454157,1156518458,786456385,1106520413,780483586,1106520415,786454154,1106520410,1106520405,1106520409,780867277,203036581,1106520402,1106520401,25313907,116792900,116796508,294012449,25701543,23796194,578608296,1068083805,169092880,1068083790,1068083791,1059000053,1068083792,1068083793,1055078337,1068083802,1278406965,797136581,144987839,1278406967,1068083804,1278406966,1278406968,1278406969,144987847,1278406970,756357737,1278406971,144987851,5323142,1105398542,1105398543,713493692,1105398544,791668582,1105398545,1189963744,15475366,166317781,574623969,48718676,48718673,203048346,22961642,1261386957,203048342,1261386962,1310769901,203048350,1164612964,83144510,1164586912,1164586913,4868459,83144507,1125821134,,"
2,5,link_elimination,168,20804119539,208041195,718,21205132002,212051320,"168,89545,89543,20777,221,27662,27664,28009,28007,28005,28006,133,93571,13817,13814,13820,40252,13824,13825,49126,49129,14566,12141,12140,83264,133245,55096,95692,133241,51737,51741,1524,1523,94851,91480,6089,6090,39613,39604,39609,9785,59775,59779,12279,36831,12278,705,36829,704,45807,149262,738,718","4709635,679981455,680217653,30637741,713114567,1053809358,1156522209,1256458593,30637739,30637736,30637701,1156522210,714479767,714479766,30637737,1156522211,1038608716,1038608717,1038608715,30637670,698813320,4703987,786454157,1156518458,786456385,1106520413,780483586,1106520415,786454154,1106520410,1106520405,1106520409,780867277,203036581,1106520402,1106520401,25313907,116792900,116796508,294012449,25701543,23796194,578608296,1068083805,169092880,1068083790,1068083791,1059000053,1068083792,1068083793,1055078337,1068083802,1278406965,797136581,144987839,1278406967,1068083804,1278406966,1278406968,1278406969,144987847,1278406970,756357737,1278406971,144987851,5323142,1105398542,1105398543,713493692,1105398544,791668582,1105398545,1189963744,15475366,166317781,574623969,48718676,48718673,203048346,22961642,1261386957,203048342,1302678718,203048350,1164612964,83144510,1164586912,1164586913,1164586914,45542221,83144507,1125821134,,"
2,6,penalty,168,20804119539,208041195,718,21205132002,212051320,"168,89545,89543,20777,221,27662,27664,28009,28007,28005,28006,133,93571,13817,13814,13820,40252,13824,13825,49126,49129,14566,12141,12128,155651,51737,51741,54834,56700,39850,94851,91480,6089,6090,39613,39604,39609,9785,59775,44283,59779,12279,36831,12278,705,36829,704,45807,149262,738,718","4709635,679981455,680217653,30637741,713114567,1053809358,1156522209,1256458593,30637739,30637736,30637701,1156522210,714479767,714479766,30637737,1156522211,1038608716,1038608717,1038608715,30637670,698813320,4703987,786454157,1156518458,786456385,1106520413,780483586,1106520415,786454154,1106520410,1106520405,1106520409,780867277,203036581,1106520402,1106520401,25313907,116792900,116796508,294012449,25701543,780482658,169092879,1277727978,1169737513,1277726643,1277726646,25701524,1277726642,1277726650,1169737173,1169737174,1277726640,1214250748,11334823,11334849,1214250749,1277726648,225096746,787485570,756357737,1278406971,198132973,211260232,782395453,781525357,49678860,781525358,713493692,1105398544,791668582,1105398545,1189963744,15475366,166317781,574623969,48718676,48718673,203048346,22961642,1261386957,203048342,1261386962,1310769901,203048350,1164612964,83144510,1164586912,1164586913,1164586914,45542221,83144507,1125821134,,"
2,7,penalty,168,20804119539,208041195,718,21205132002,212051320,"168,89544,45392,37797,24636,37814,37813,43514,37815,93571,59928,75795,40251,40250,13813,13812,13821,49129,14566,12141,12140,83264,133245,55096,95692,14599,58374,58375,7991,7992,51728,51734,54834,56700,39850,94851,91480,6089,39612,39613,39603,39,39604,39609,39610,6091,95207,56401,40012,149262,738,718","679981467,1053809356,75500750,1053809357,75500752,680223379,784588434,1106520424,784588435,116797559,576096467,1106520422,576096458,786456387,1106520419,116674839,1106520420,1106520416,786456386,754967205,386598051,787842701,51128572,907223687,25312265,1106520406,1106520407,1106520403,780482659,1106520404,294012449,25701543,23796194,578608296,1068083805,169092880,1068083790,1068083791,1059000053,1068083792,1068083793,787406844,294012453,198134599,1087635880,1105398540,198134598,1278406958,1105398541,1278406959,1278406960,1278406961,1278406954,782399755,1278406957,1278406955,1278406956,144987843,211260231,211260232,782395453,781525357,49678860,781525358,713493692,1105398544,791668582,1105398545,1189963744,166317780,198136308,48718681,574623972,167571335,4472416,198136309,48718676,48718673,203048346,203048351,50127314,1202426991,784123275,15475550,784123276,1105398551,1105398554,1105398552,,,"
2,8,penalty,168,20804119539,208041195,718,21205132002,212051320,"168,89545,89543,89544,45392,37797,24636,37814,37813,43514,37815,93571,59928,75795,40251,40250,13813,13812,13821,49129,14566,12141,12140,83264,133245,55096,95692,14599,58374,58375,7991,7992,51728,51734,54834,56700,39850,94851,91480,6089,39612,39613,39603,39,39604,39609,39610,6091,95207,56401,40012,149262,738,718","4709635,679981455,680217653,679981453,1053809356,75500750,1053809357,75500752,680223379,784588434,1106520424,784588435,116797559,576096467,1106520422,576096458,786456387,1106520419,116674839,1106520420,1106520416,786456386,754967205,386598051,787842701,51128572,907223687,25312265,1106520406,1106520407,1106520403,780482659,1106520404,294012449,25701543,23796194,578608296,1068083805,169092880,1068083790,1068083791,1059000053,1068083792,1068083793,787406844,294012453,198134599,1087635880,1105398540,198134598,1278406958,1105398541,1278406959,1278406960,1278406961,1278406954,782399755,1278406957,1278406955,1278406956,144987843,211260231,211260232,782395453,781525357,49678860,781525358,713493692,1105398544,791668582,1105398545,1189963744,166317780,198136308,48718681,574623972,167571335,4472416,198136309,48718676,48718673,203048346,203048351,50127314,1202426991,784123275,15475550,784123276,1105398551,1105398554,1105398552,,,"
2,9,penalty,168,20804119539,208041195,718,21205132002,212051320,"168,89545,89543,20777,20778,27661,27663,28010,28009,28007,28005,28006,226,27985,40260,89573,100570,44764,40252,13824,49126,54830,54831,94753,83264,133245,55096,95692,14599,58374,58375,7991,7992,51728,51734,54834,56700,39850,94851,91480,6089,39612,5000,39610,6091,95207,56401,40012,149262,738,718","4709635,679981455,680217653,30637741,713114567,1053809358,1156522209,1256458593,28133538,713120679,713131679,713131680,30637687,1038608716,1038608717,1038608715,30637670,1156516641,4720830,30637603,907223686,371849616,680228037,348537628,1187977577,1187986870,28133517,1170485479,1156518770,859156139,51128585,70364618,1106520401,202951719,294012447,166317775,780483584,204242017,1068083796,787370102,1068083805,169092880,1068083790,1068083791,1059000053,1068083792,1068083793,787406844,294012453,198134599,1087635880,1105398540,198134598,1278406958,1105398541,1278406959,1278406960,1278406961,1278406954,782399755,1278406957,1278406955,1278406956,144987843,211260231,211260232,782395453,781525357,49678860,781525358,713493692,1105398544,791668582,1105398545,1189963744,166317780,198136308,203048340,203048345,48718674,1105398547,1105398546,48718679,50127314,1202426991,784123275,15475550,784123276,1105398551,1105398554,1105398552,,,"
2,10,penalty,168,20804119539,208041195,718,21205132002,212051320,"168,89545,89543,20777,221,27662,27661,27663,28010,28009,28007,28005,28006,226,27985,40260,89573,100570,44764,40252,13824,49126,54830,54831,94753,83264,133245,55096,95692,14599,58374,58375,7991,7992,51728,51734,54834,56700,39850,94851,91480,6089,39612,5000,39610,6091,95207,56401,40012,149262,738,718","4709635,679981455,680217653,30637741,713114567,1053809358,1156522209,1256458593,30637739,30637736,30637701,1156522210,30125249,713131679,713131680,30637687,1038608716,1038608717,1038608715,30637670,1156516641,4720830,30637603,907223686,371849616,680228037,348537628,1187977577,1187986870,28133517,1170485479,1156518770,859156139,51128585,70364618,1106520401,202951719,294012447,166317775,780483584,204242017,1068083796,787370102,1068083805,169092880,1068083790,1068083791,1059000053,1068083792,1068083793,787406844,294012453,198134599,1087635880,1105398540,198134598,1278406958,1105398541,1278406959,1278406960,1278406961,1278406954,782399755,1278406957,1278406955,1278406956,144987843,211260231,211260232,782395453,781525357,49678860,781525358,713493692,1105398544,791668582,1105398545,1189963744,166317780,198136308,203048340,203048345,48718674,1105398547,1105398546,48718679,50127314,1202426991,784123275,15475550,784123276,1105398551,1105398554,1105398552,,,"
2,11,random,168,20804119539,208041195,718,21205132002,212051320,"168,89544,89543,20777,221,27662,27664,27663,28010,28008,28007,28005,28006,133,93571,13817,13818,13812,13821,13820,40252,13824,13825,49126,49129,14566,12141,12140,83264,133245,83265,14573,14581,14599,58374,58375,7991,7992,51728,51734,54832,56700,39850,94851,91480,6089,6090,39613,39612,5000,39610,39609,9785,59775,59779,12279,36831,12278,705,36829,704,45807,149262,738,718","679981467,679981453,30637741,713114567,1053809358,1156522209,1256458593,30637739,30637736,30637701,1156522210,714479767,30125252,713131680,680228043,30637679,1038608715,30637670,698813320,4703987,786454157,1156518458,786456385,1106520413,780483586,1106520415,25313901,786454159,1106520411,1106520406,1106520407,25313904,780867277,203036581,1106520402,1106520401,25313907,116792900,116796508,294012449,25701543,23796194,578608296,1068083805,1055078343,578608298,320785484,1068083798,1068083799,1068083801,169092881,294012453,198134599,1087635880,1105398540,198134598,1278406958,1105398541,1278406959,1278406960,1278406961,1278406954,782399755,1278406957,1278406955,1278406956,144987843,180708618,211260230,782395453,781525357,49678860,781525358,713493692,1105398544,791668582,1105398545,1189963744,15475366,166317781,48718681,203048340,203048345,48718674,1105398547,1105398546,48718679,203048351,22961642,1261386957,203048342,1302678718,203048350,1164612964,83144510,1164586912,1164586913,1164586914,45542221,83144507,1125821134,,"
2,12,random,168,20804119539,208041195,718,21205132002,212051320,"168,89545,89543,20777,221,27662,27664,27663,28010,28009,28007,28008,28005,28006,226,134,4939,43558,43559,49116,49128,49124,14666,94772,55558,54830,54831,94753,83264,133245,83265,14573,55096,95692,133241,51737,51741,54834,1524,1523,94851,91480,6089,6090,39603,39,39604,39609,9785,59775,59779,12279,36831,12278,705,36829,704,45807,149262,738,718","4709635,679981455,680217653,30637741,713114567,1053809358,1156522209,1256458593,30637739,30637736,30637701,1156522210,714479767,30125252,713131680,30637687,1038608716,1038608717,30637679,30637686,30637670,1156516641,144938113,1156516642,4703991,68868072,1368220677,61071987,787351903,909511240,116796509,909511241,780867275,1068083747,204242016,166317775,780483584,204242017,1068083796,787370102,1068083805,1055078343,578608298,320785484,1068083798,787406846,1059000053,1068083792,1068083793,1055078337,1068083802,1278406965,797136581,144987839,1278406967,1068083804,1278406966,1278406968,1278406969,144987847,1278406970,756357737,1278406971,198132973,166317782,5323142,1105398542,1105398543,713493692,1105398544,791668582,1105398545,1189963744,15475366,48718672,167571335,4472416,198136309,48718676,48718673,203048346,22961642,1261386957,203048342,1302678718,203048350,1164612964,83144510,1164586912,1164586913,1164586914,45542221,83144507,1125821134,,"
2,13,random,168,20804119539,208041195,718,21205132002,212051320,"168,89544,89543,20777,221,27662,27664,28009,28010,28008,28005,28006,133,93571,13817,13814,13812,13821,49129,14566,12141,12140,83264,133245,55096,95692,133241,51737,51741,54834,56700,39850,94851,91480,6089,6090,39613,39612,5000,39610,6091,6096,49605,95207,56401,40012,149262,738,718","679981467,679981453,30637741,713114567,1053809358,1156522209,1256458593,30637739,30637736,30637701,1156522210,714479767,714479766,30637737,1156522211,30637687,680228043,30637686,30637670,698813320,4703987,786454157,1156518458,786456385,1106520413,780483586,1106520415,786454154,1106520410,25312266,1106520406,1106520407,1106520403,780482659,1106520404,294012449,25701543,23796194,578608296,1068083805,169092880,1068083790,1068083791,1059000053,1068083792,1068083793,1055078337,1068083802,1278406965,797136581,144987839,1278406967,1068083804,1278406966,1278406968,1278406969,144987847,1278406970,756357737,1278406971,198132973,211260232,782395453,781525357,49678860,781525358,713493692,1105398544,791668582,1105398545,1189963744,15475366,166317781,48718681,203048340,203048345,48718674,1105398547,1105398546,48718679,50127314,1202426991,198137433,784123277,784123278,1105398550,1105398551,1105398554,1105398552,,,"
2,14,random,168,20804119539,208041195,718,21205132002,212051320,"168,89545,89543,20777,221,27662,27664,28009,28007,28005,28006,133,93571,59928,75795,40251,13818,13812,13813,44763,14566,49129,12128,155651,46919,180127,695,4995,4996,5000,39610,39609,9785,59775,44283,59779,12279,36831,12278,705,36829,704,45807,149262,738,718","4709635,679981455,680217653,30637741,713114567,1053809358,1156522209,1256458593,30637739,30637736,30637701,1156522210,714479767,714479766,30637737,1156522211,1038608716,1038608717,1038608715,30637670,698813320,4703987,786454157,1156518458,786456385,754967205,386598051,787842701,25757336,1106520414,786454159,1106520411,25312265,70364616,787368659,1303410921,1106520408,294012449,780482660,25757326,780867276,780483585,1169737513,1277726643,1277726646,25701524,1277726642,1277726650,95892952,1169737514,1277726647,1277726644,1277726645,168809676,1277727034,1277727035,25757442,23796120,25757447,1261358305,95892955,1277727032,1277727033,1168155227,1261358296,1214930267,11335157,1210200791,1261358294,1261358298,66793040,11588095,203048347,48718679,203048351,22961642,1261386957,203048342,1261386962,1310769901,203048350,1164612964,83144510,1164586912,1164586913,1164586914,45542221,83144507,1125821134,,"
2,15,random,168,20804119539,208041195,718,21205132002,212051320,"168,89544,45392,37797,24636,37814,37813,43514,37815,133,93571,59928,75795,40251,40250,100570,89573,44764,40252,13824,13825,49126,54830,14566,12141,12140,83264,133245,55096,95692,133241,51737,51741,54834,56700,39850,94851,91480,6089,39612,5000,39610,6091,6096,6095,49605,95207,56401,40012,149262,738,718","679981467,1053809356,75500750,1053809357,75500752,680223379,784588434,1106520424,784588435,116797559,576096467,1106520422,576096458,786456387,1106520419,116674839,1106520420,1106520416,1055078338,786456385,754967205,386598051,787842701,51128572,787842694,1187986894,1187986895,1187986896,1187986897,1187986898,1286788552,859156138,28133517,1170485479,1156518770,680228038,1187986891,51128585,70364618,1106520401,25313907,116792900,294012447,294012458,25701543,23796194,578608296,1068083805,169092880,1068083790,1068083791,1059000053,1068083792,1068083793,1055078337,1068083802,1278406965,797136581,144987839,1278406967,1068083804,1278406966,1278406968,1278406969,144987847,1278406970,756357737,1278406971,198132973,211260232,782395453,781525357,49678860,781525358,713493692,1105398544,791668582,1105398545,1189963744,166317780,198136308,203048340,203048345,48718674,1105398547,1105398546,48718679,50127314,1202426991,198137433,784123277,15475601,1105398549,1105398550,1105398551,1105398554,1105398552,,,"
3,1,link_elimination,191,20703116404,207031164,718,21205132002,212051320,"191,58825,32879,32882,32880,25537,115740,71340,45817,150149,12558,24466,71724,22664,13894,13873,96251,22662,22663,96246,50933,58378,58379,51268,10680,50406,50410,58363,58362,42283,93743,83359,83360,53,32284,53847,13547,78963,49388,367,27298,27306,1522,1521,83263,58365,44708,379,59743,72590,72591,27284,72593,72592,78488,76297,14607,14606,95642,51729,51734,54832,56700,54834,51741,1524,1523,94851,91480,6089,6090,39613,39604,39609,9785,59775,44283,59779,12279,36831,12278,705,36829,704,45807,149262,738,718","8047416,1215998509,1215998508,199170202,767370444,65245722,767370446,234091228,982377042,991853386,991853385,1164029585,761304482,293931482,1164029586,792209418,147509667,83594922,792232468,1164029587,147509666,136035385,199170626,1190745979,1126617434,792058098,293936917,792058597,199170623,299950707,316521521,792034145,293952487,293952488,798020777,792034146,792032660,1348856218,28356161,1348856219,792032247,1348856220,991843028,72985824,1331881257,72985789,474142795,1331881522,73137787,1329826943,198141499,139339227,792023747,792023748,1294917707,152752727,1294917708,139339341,787616261,1294917705,1294917706,787616262,1294917704,787616263,711800834,746998954,746998955,787616259,1294917703,787616265,1294917701,152753067,1310382778,787616264,1294917702,198119325,747407298,784737755,1155680844,760406772,760411554,579366448,579366447,784738291,1001290309,326342957,37890938,168809686,37890939,579364142,579364141,485231021,761351016,168809687,568371889,761351015,1347948832,568371888,5322143,578604691,578604694,578604697,791813638,791813639,480534363,1287935073,203031632,779652593,1287935072,310454025,779652591,756042681,1175869863,1287935084,310454026,751697263,480534362,401740889,401740887,814499723,401740891,989281718,25701838,784133540,1105398526,198132974,782398097,1105398525,782398098,180708618,211260230,211260232,198132973,144987851,5323142,1105398542,1105398543,713493692,1105398544,791668582,1105398545,1189963744,15475366,166317781,574623969,48718676,48718673,203048346,22961642,1261386957,203048342,1261386962,1310769901,203048350,1164612964,83144510,1164586912,1164586913,1164586914,45542221,83144507,1125821134,,"
3,2,link_elimination,191,20703116404,207031164,718,21205132002,212051320,"191,58825,32879,32882,32880,25537,115740,71340,45817,150149,12558,24466,71724,22664,13894,13873,96251,22663,96246,50933,58379,51268,10680,50406,50410,58363,58362,42283,93743,83359,83360,53,32284,53847,13547,78963,49388,367,27298,27306,1522,1521,83263,58365,44708,379,59743,72590,72591,27284,72593,72592,78488,76297,14607,14606,95642,51729,51734,54832,56700,54834,51741,1524,1523,94851,91480,6089,6090,39613,39604,39609,9785,59775,44283,59779,12279,36831,12278,705,36829,704,45807,149262,738,718","8047416,1215998509,1215998508,199170202,767370444,65245722,767370446,234091228,982377042,991853386,991853385,1164029585,761304482,293931482,1164029586,792209418,147509667,83594922,792232468,1164029587,147509666,136035385,199170626,1190745979,1126617434,792058098,293936917,792058597,199170623,299950707,316521521,792034145,293952487,293952488,798020777,792034146,1348856217,1348856219,792032247,1348856220,991843028,202941518,139339227,792023747,792023748,1294917707,152752727,1294917708,139339341,787616261,1294917705,1294917706,787616262,1294917704,787616263,711800834,746998954,746998955,787616259,1294917703,787616265,1294917701,152753067,1310382778,787616264,1294917702,198119325,747407298,784737755,1155680844,760406772,760411554,579366448,579366447,784738291,1001290309,326342957,37890938,168809686,37890939,579364142,579364141,485231021,761351016,168809687,568371889,761351015,1347948832,568371888,5322143,578604691,578604694,578604697,791813638,791813639,480534363,1287935073,203031632,779652593,1287935072,310454025,779652591,756042681,1175869863,1287935084,310454026,751697263,480534362,401740889,401740887,814499723,401740891,989281718,25701838,784133540,1105398526,198132974,782398097,1105398525,782398098,180708618,211260230,211260232,198132973,144987851,5323142,1105398542,1105398543,713493692,1105398544,791668582,1105398545,1189963744,15475366,166317781,574623969,48718676,48718673,203048346,22961642,1261386957,203048342,1261386962,1310769901,203048350,1164612964,83144510,1164586912,1164586913,1164586914,45542221,83144507,1125821134,,"
3,3,link_elimination,191,20703116404,207031164,718,21205132002,212051320,"191,58825,32879,32882,32880,25537,115740,71340,45817,150149,12558,24466,71724,22664,13894,13873,96251,22663,96246,50933,58379,51268,10680,50406,50410,58363,58362,42283,83359,83360,53,420,78963,49388,367,27298,27306,47150,58365,44708,379,59743,72590,27285,72592,78488,76297,58367,1526,153,5080,51732,54832,56700,54834,51741,1524,1523,94851,91480,6089,6090,39613,39604,39609,9785,59775,44283,59779,12279,36831,12278,705,36829,704,45807,149262,738,718","8047416,1215998509,1215998508,199170202,767370444,65245722,767370446,234091228,982377042,991853386,991853385,1164029585,761304482,293931482,1164029586,792209418,147509667,83594922,792232468,1164029587,147509666,136035385,199170626,1190745979,1126617434,792058098,293936917,792058597,199170623,299950707,316521521,792034145,293952487,293952488,798020777,792034146,1348856217,1348856219,792032247,1348856220,991843028,202941518,139339227,792023747,792023748,1294917707,152752727,1294917708,139339341,787616261,1294917705,1294917706,787616262,1294917704,787616263,711800834,746998954,746998955,787616259,1294917703,787616265,1294917701,152753067,1310382778,787616264,1294917702,198119325,747407298,784737755,1155680844,760411553,579366448,579366447,784738291,1001290309,4535982,37890936,37890937,485231022,485231021,761351016,168809687,568371889,761351015,1347948832,101331056,791815159,1347948831,198124179,578604697,791813638,791813639,480534363,1287935073,203031632,779652593,1287935072,1175869864,1215664166,798418709,779652590,1287935085,751697263,480534362,401740889,401740887,814499723,401740891,989281717,166317783,784133539,866881109,1105398522,782395451,1105398518,1105398524,782395450,782395449,1105398528,1105398529,754330313,211260230,211260232,198132973,144987851,5323142,1105398542,1105398543,713493692,1105398544,791668582,1105398545,1189963744,15475366,166317781,574623969,48718676,48718673,203048346,22961642,1261386957,203048342,1261386962,1310769901,203048350,1164612964,83144510,1164586912,1164586913,1164586914,45542221,83144507,1125821134,,"
3,4,link_elimination,191,20703116404,207031164,718,21205132002,212051320,"191,58825,32879,32882,32880,25537,115740,71340,45817,150149,12558,24466,71724,22664,13894,13873,96251,22663,96246,50933,58379,51268,10680,50406,50410,58363,58362,42283,83359,83360,53,420,78963,49388,367,27298,27306,47150,58365,44708,379,59743,72590,27285,72592,78488,76297,58367,1526,153,5080,51732,54832,56700,1523,94851,91480,6089,6090,39613,39604,39609,9785,59775,44283,59779,12279,36831,12278,705,36829,704,45807,149262,738,718","8047416,1215998509,1215998508,199170202,767370444,65245722,767370446,234091228,982377042,991853386,991853385,1164029585,761304482,293931482,1164029586,792209418,147509667,83594922,792232468,1164029587,147509666,136035385,199170626,1190745979,1126617434,792058098,293936917,792058597,199170623,299950707,316521521,792034145,293952487,293952488,798020777,792034146,1348856217,1348856219,792032247,1348856220,991843028,202941518,139339227,792023747,792023748,1294917707,152752727,1294917708,139339341,787616261,1294917705,1294917706,787616262,1294917704,787616263,711800834,746998954,746998955,787616259,1294917703,787616265,1294917701,152753067,1310382778,787616264,1294917702,198119325,747407298,784737755,1155680844,760411553,579366448,579366447,784738291,1001290309,4535982,37890936,37890937,485231022,485231021,761351016,168809687,568371889,761351015,1347948832,101331056,791815159,1347948831,198124179,578604697,791813638,791813639,480534363,1287935073,203031632,779652593,1287935072,1175869864,1215664166,798418709,779652590,1287935085,751697263,480534362,401740889,401740887,814499723,401740891,989281717,166317783,784133539,866881109,1105398522,782395451,1105398518,1105398524,782395450,782395449,1105398528,1105398529,754330313,211260230,180708619,782395452,1105398542,1105398543,713493692,1105398544,791668582,1105398545,1189963744,15475366,166317781,574623969,48718676,48718673,203048346,22961642,1261386957,203048342,1261386962,1310769901,203048350,1164612964,83144510,1164586912,1164586913,1164586914,45542221,83144507,1125821134,,"
3,5,link_elimination,191,20703116404,207031164,718,21205132002,212051320,"191,58825,32879,32882,32880,25537,115740,71340,45817,150149,12558,24466,71724,22664,13894,13873,96251,22663,96246,50933,58379,51268,10680,50406,50410,58363,58362,42283,83359,83360,53,420,78963,49388,367,27298,27306,47150,58365,44708,379,59743,72590,27285,72592,78488,76297,58367,1526,153,5080,51732,54832,56700,1523,94851,91480,6089,6090,39613,39604,39609,9785,59775,44283,59779,12279,36831,12278,705,704,45807,149262,738,718","8047416,1215998509,1215998508,199170202,767370444,65245722,767370446,234091228,982377042,991853386,991853385,1164029585,761304482,293931482,1164029586,792209418,147509667,83594922,792232468,1164029587,147509666,136035385,199170626,1190745979,1126617434,792058098,293936917,792058597,199170623,299950707,316521521,792034145,293952487,293952488,798020777,792034146,1348856217,1348856219,792032247,1348856220,991843028,202941518,139339227,792023747,792023748,1294917707,152752727,1294917708,139339341,787616261,1294917705,1294917706,787616262,1294917704,787616263,711800834,746998954,746998955,787616259,1294917703,787616265,1294917701,152753067,1310382778,787616264,1294917702,198119325,747407298,784737755,1155680844,760411553,579366448,579366447,784738291,1001290309,4535982,37890936,37890937,485231022,485231021,761351016,168809687,568371889,761351015,1347948832,101331056,791815159,1347948831,198124179,578604697,791813638,791813639,480534363,1287935073,203031632,779652593,1287935072,1175869864,1215664166,798418709,779652590,1287935085,751697263,480534362,401740889,401740887,814499723,401740891,989281717,166317783,784133539,866881109,1105398522,782395451,1105398518,1105398524,782395450,782395449,1105398528,1105398529,754330313,211260230,180708619,782395452,1105398542,1105398543,713493692,1105398544,791668582,1105398545,1189963744,15475366,166317781,574623969,48718676,48718673,203048346,22961642,1261386957,203048342,1261386962,1310769901,203048350,1164612964,83144510,1164586912,1164586913,4868459,83144507,1125821134,,"
3,6,penalty,191,20703116404,207031164,718,21205132002,212051320,"191,58825,32879,32882,32880,25537,115740,71340,45817,150149,12558,24466,71724,22664,13894,13873,96251,22662,22663,96246,50933,58378,58379,51268,10680,50406,50410,58363,58362,42283,93743,83359,83360,53,32284,53847,13547,78963,49388,367,27298,27306,1522,1521,83263,58365,44708,379,59743,72590,72591,27284,72593,72592,78488,76297,14607,14606,95642,51729,51734,54832,56700,54834,51741,1524,1523,94851,91480,6089,6090,39613,39604,39609,9785,59775,44283,59779,12279,36831,12278,705,36829,704,45807,149262,738,718","8047416,1215998509,1215998508,199170202,767370444,65245722,767370446,234091228,982377042,991853386,991853385,1164029585,761304482,293931482,1164029586,792209418,147509667,83594922,792232468,1164029587,147509666,136035385,199170626,1190745979,1126617434,792058098,293936917,792058597,199170623,299950707,316521521,792034145,293952487,293952488,798020777,792034146,792032660,1348856218,28356161,1348856219,792032247,1348856220,991843028,72985824,1331881257,72985789,474142795,1331881522,73137787,1329826943,198141499,139339227,792023747,792023748,1294917707,152752727,1294917708,139339341,787616261,1294917705,1294917706,787616262,1294917704,787616263,711800834,746998954,746998955,787616259,1294917703,787616265,1294917701,152753067,1310382778,787616264,1294917702,198119325,747407298,784737755,1155680844,760406772,760411554,579366448,579366447,784738291,1001290309,326342957,37890938,168809686,37890939,579364142,579364141,485231021,761351016,168809687,568371889,761351015,1347948832,568371888,5322143,578604691,578604694,578604697,791813638,791813639,480534363,1287935073,203031632,779652593,1287935072,310454025,779652591,756042681,1175869863,1287935084,310454026,751697263,480534362,401740889,401740887,814499723,401740891,989281718,25701838,784133540,1105398526,198132974,782398097,1105398525,782398098,180708618,211260230,211260232,198132973,144987851,5323142,1105398542,1105398543,713493692,1105398544,791668582,1105398545,1189963744,15475366,166317781,574623969,48718676,48718673,203048346,22961642,1261386957,203048342,1261386962,1310769901,203048350,1164612964,83144510,1164586912,1164586913,1164586914,45542221,83144507,1125821134,,"
3,7,penalty,191,20703116404,207031164,718,21205132002,212051320,"191,71340,45817,24424,24421,22593,177,93657,12549,12550,12551,28586,45815,16,11438,11437,93573,73965,14056,14074,14073,14084,145,146,14059,44264,53830,53828,89542,89547,89545,89543,20777,221,27662,27664,28009,28007,28005,28006,133,93571,13817,13814,13820,40252,13824,13825,49126,49129,14566,12141,12128,155651,46919,180127,695,4995,776,9785,39609,39610,6091,95207,56401,40012,149262,738,718","293931483,4712632,68853945,1164032065,761304482,293931482,1164029586,792209418,761304481,792233139,992098068,28615272,28615290,992097229,1268873737,1268873739,38939875,1268873733,794427824,1268873735,1268873734,1268873736,1268873738,1268873740,4709673,1268873741,992097228,1268873732,24399482,782086839,782086843,782086844,1306856062,761770664,24399439,24399440,782086840,782086841,782086842,24399483,1306856061,677813828,792014387,217505288,217505484,760597427,1306856059,316165686,791859002,792011209,1306856060,792011210,701021389,780449541,1299708268,23551977,377820485,782748047,316165687,1299708273,755045929,1306856057,701021394,784224588,1306856058,771823950,784224589,28317058,784210239,784224590,25448474,784210240,25448644,780617520,25448509,714471993,1175823845,389450367,714580243,1175823313,680258119,1175823043,4709572,25448505,571057869,784211521,1156522206,680258118,1202473739,65351952,30637745,784211518,30637743,160317971,160317976,160317977,203036580,160317973,160317975,677766539,677766545,679983603,160317983,1318313159,1318313160,1156522208,1198516864,680217655,680217656,680217653,30637741,713114567,1053809358,1156522209,1256458593,30637739,30637736,30637701,1156522210,714479767,714479766,30637737,1156522211,1038608716,1038608717,1038608715,30637670,698813320,4703987,786454157,1156518458,786456385,1106520413,780483586,1106520415,786454154,1106520410,1106520405,1106520409,780867277,203036581,1106520402,1106520401,25313907,116792900,116796508,294012449,25701543,780482658,169092879,1277727978,1169737513,1277726643,1277726646,25701524,1277726642,1277726650,95892952,1169737514,1277726647,1277726644,1277726645,168809676,1277727034,1277727035,25757442,23796120,25757447,1261358305,95892955,1277727032,1277727033,1168155227,1261358296,1214930267,11335157,1210200791,1261358294,1261358298,66793040,203566882,1096435474,23714176,1190725435,1261358281,1164586038,4874619,1261358283,22961642,1261386957,203048351,50127314,1202426991,784123275,15475550,784123276,1105398551,1105398554,1105398552,,,"
3,8,penalty,191,20703116404,207031164,718,21205132002,212051320,"191,58825,32879,32882,32880,32881,44263,14170,14169,14168,62776,58168,75501,32777,59522,61197,91432,177,93657,12549,12550,12551,28586,45815,16,11438,11437,93573,73965,14056,14074,14073,14084,145,146,14059,44264,53830,53828,89542,89547,89545,89543,20777,221,27662,27664,28009,28007,28005,28006,133,93571,13817,13814,13820,40252,13824,13825,49126,49129,14566,12141,12128,155651,46919,180127,695,4995,776,9785,39609,39610,6091,95207,56401,40012,149262,738,718","8047416,1215998509,1215998508,199170202,767370444,65245722,767370445,65245680,760638634,784280746,792146389,792146390,992099099,992099100,39277026,25453354,215384253,784039450,232424809,784039451,784280745,784329158,401889022,1183795186,656904653,784329160,215380073,792198744,377826204,713102064,713103195,401889026,1306856064,202399321,792199880,1306856063,217505490,347401674,1201408541,713104585,761314608,794427823,24399482,782086839,782086843,782086844,1306856062,761770664,24399439,24399440,782086840,782086841,782086842,24399483,1306856061,677813828,792014387,217505288,217505484,760597427,1306856059,316165686,791859002,792011209,1306856060,792011210,701021389,780449541,1299708268,23551977,377820485,782748047,316165687,1299708273,755045929,1306856057,701021394,784224588,1306856058,771823950,784224589,28317058,784210239,784224590,25448474,784210240,25448644,780617520,25448509,714471993,1175823845,389450367,714580243,1175823313,680258119,1175823043,4709572,25448505,571057869,784211521,1156522206,680258118,1202473739,65351952,30637745,784211518,30637743,160317971,160317976,160317977,203036580,160317973,160317975,677766539,677766545,679983603,160317983,1318313159,1318313160,1156522208,1198516864,680217655,680217656,680217653,30637741,713114567,1053809358,1156522209,1256458593,30637739,30637736,30637701,1156522210,714479767,714479766,30637737,1156522211,1038608716,1038608717,1038608715,30637670,698813320,4703987,786454157,1156518458,786456385,1106520413,780483586,1106520415,786454154,1106520410,1106520405,1106520409,780867277,203036581,1106520402,1106520401,25313907,116792900,116796508,294012449,25701543,780482658,169092879,1277727978,1169737513,1277726643,1277726646,25701524,1277726642,1277726650,95892952,1169737514,1277726647,1277726644,1277726645,168809676,1277727034,1277727035,25757442,23796120,25757447,1261358305,95892955,1277727032,1277727033,1168155227,1261358296,1214930267,11335157,1210200791,1261358294,1261358298,66793040,203566882,1096435474,23714176,1190725435,1261358281,1164586038,4874619,1261358283,22961642,1261386957,203048351,50127314,1202426991,784123275,15475550,784123276,1105398551,1105398554,1105398552,,,"
3,9,penalty,191,20703116404,207031164,718,21205132002,212051320,"191,58825,32879,32882,32880,25537,115741,115742,15,58168,75501,32777,59522,61197,91432,177,93657,12549,12550,12551,28586,45815,16,11438,11437,93573,73965,14056,14074,14073,14084,145,146,14059,44264,53830,53828,89542,89547,89545,89543,20777,221,27662,27664,28009,28007,28005,28006,133,93571,13817,13814,13820,40252,13824,13825,49126,49129,14566,12141,12128,155651,46919,180127,695,4995,776,9785,39609,39610,6091,95207,56401,40012,149262,738,718","8047416,1215998509,1215998508,199170202,767370444,65245722,767370446,234091228,982377042,656904668,74500535,656904669,656904670,28885130,1316831925,550206773,74500536,550206774,1272553622,656904665,1272553614,1272553615,28885041,1272553613,4080223,761350206,377826204,713102064,713103195,401889026,1306856064,202399321,792199880,1306856063,217505490,347401674,1201408541,713104585,761314608,794427823,24399482,782086839,782086843,782086844,1306856062,761770664,24399439,24399440,782086840,782086841,782086842,24399483,1306856061,677813828,792014387,217505288,217505484,760597427,1306856059,316165686,791859002,792011209,1306856060,792011210,701021389,780449541,1299708268,23551977,377820485,782748047,316165687,1299708273,755045929,1306856057,701021394,784224588,1306856058,771823950,784224589,28317058,784210239,784224590,25448474,784210240,25448644,780617520,25448509,714471993,1175823845,389450367,714580243,1175823313,680258119,1175823043,4709572,25448505,571057869,784211521,1156522206,680258118,1202473739,65351952,30637745,784211518,30637743,160317971,160317976,160317977,203036580,160317973,160317975,677766539,677766545,679983603,160317983,1318313159,1318313160,1156522208,1198516864,680217655,680217656,680217653,30637741,713114567,1053809358,1156522209,1256458593,30637739,30637736,30637701,1156522210,714479767,714479766,30637737,1156522211,1038608716,1038608717,1038608715,30637670,698813320,4703987,786454157,1156518458,786456385,1106520413,780483586,1106520415,786454154,1106520410,1106520405,1106520409,780867277,203036581,1106520402,1106520401,25313907,116792900,116796508,294012449,25701543,780482658,169092879,1277727978,1169737513,1277726643,1277726646,25701524,1277726642,1277726650,95892952,1169737514,1277726647,1277726644,1277726645,168809676,1277727034,1277727035,25757442,23796120,25757447,1261358305,95892955,1277727032,1277727033,1168155227,1261358296,1214930267,11335157,1210200791,1261358294,1261358298,66793040,203566882,1096435474,23714176,1190725435,1261358281,1164586038,4874619,1261358283,22961642,1261386957,203048351,50127314,1202426991,784123275,15475550,784123276,1105398551,1105398554,1105398552,,,"
3,10,penalty,191,20703116404,207031164,718,21205132002,212051320,"191,58825,32879,32880,25537,115740,71340,15,58168,75501,32777,59522,61197,91432,177,93657,12549,12550,12551,28586,45815,16,11438,11437,93573,73965,14056,14074,14073,14084,145,146,14059,44264,53830,53828,89542,89547,89545,89543,20777,221,27662,27664,28009,28007,28005,28006,133,93571,13817,13814,13820,40252,13824,13825,49126,49129,14566,12141,12128,155651,46919,180127,695,4995,776,9785,39609,39610,6091,95207,56401,40012,149262,738,718","8047416,1215998509,1215998508,199170202,39276797,767370446,234091228,982377042,991853386,991853385,1164029585,992098457,992098458,4080223,761350206,377826204,713102064,713103195,401889026,1306856064,202399321,792199880,1306856063,217505490,347401674,1201408541,713104585,761314608,794427823,24399482,782086839,782086843,782086844,1306856062,761770664,24399439,24399440,782086840,782086841,782086842,24399483,1306856061,677813828,792014387,217505288,217505484,760597427,1306856059,316165686,791859002,792011209,1306856060,792011210,701021389,780449541,1299708268,23551977,377820485,782748047,316165687,1299708273,755045929,1306856057,701021394,784224588,1306856058,771823950,784224589,28317058,784210239,784224590,25448474,784210240,25448644,780617520,25448509,714471993,1175823845,389450367,714580243,1175823313,680258119,1175823043,4709572,25448505,571057869,784211521,1156522206,680258118,1202473739,65351952,30637745,784211518,30637743,160317971,160317976,160317977,203036580,160317973,160317975,677766539,677766545,679983603,160317983,1318313159,1318313160,1156522208,1198516864,680217655,680217656,680217653,30637741,713114567,1053809358,1156522209,1256458593,30637739,30637736,30637701,1156522210,714479767,714479766,30637737,1156522211,1038608716,1038608717,1038608715,30637670,698813320,4703987,786454157,1156518458,786456385,1106520413,780483586,1106520415,786454154,1106520410,1106520405,1106520409,780867277,203036581,1106520402,1106520401,25313907,116792900,116796508,294012449,25701543,780482658,169092879,1277727978,1169737513,1277726643,1277726646,25701524,1277726642,1277726650,95892952,1169737514,1277726647,1277726644,1277726645,168809676,1277727034,1277727035,25757442,23796120,25757447,1261358305,95892955,1277727032,1277727033,1168155227,1261358296,1214930267,11335157,1210200791,1261358294,1261358298,66793040,203566882,1096435474,23714176,1190725435,1261358281,1164586038,4874619,1261358283,22961642,1261386957,203048351,50127314,1202426991,784123275,15475550,784123276,1105398551,1105398554,1105398552,,,"
3,11,random,191,20703116404,207031164,718,21205132002,212051320,"191,58825,32879,32882,32880,25537,115740,71340,45817,150149,24465,95523,51421,156301,22662,96251,22663,96246,50933,58379,51268,10680,50406,50405,50410,58363,58362,42283,93743,42279,83356,32284,53,420,78963,49388,367,27298,27306,47150,58365,44708,379,59743,72590,27285,72592,72593,27288,27291,14607,14606,58367,1526,153,5080,51732,54832,56700,1523,94851,91480,6089,39612,5000,39610,6091,95207,56401,40012,149262,738,718","8047416,1215998509,1215998508,199170202,767370444,65245722,767370446,234091228,982377042,991853386,991853385,1164029585,761304482,293931482,1164029586,792209418,147509667,83594922,792232468,1164029587,157806867,199170624,1268873730,1126618631,199170625,1126618763,1268873729,141705564,1163796851,1287659567,1172180249,139339313,792032249,1172180248,792032660,1348856218,1348856217,1348856219,792032247,1348856220,991843028,202941518,139339227,792023747,792023748,1294917707,152752727,1294917708,139339341,787616261,1294917705,1294917706,787616262,1294917704,787616263,132087628,132087680,746998954,746998955,787616259,1294917703,787616265,1294917701,152753067,1310382778,787616264,1294917702,198119325,747407298,784737755,1155680844,760406772,1001290311,1001290306,579366444,579366446,784737756,326342957,4535982,37890936,37890937,485231022,485231021,761351016,168809687,568371889,761351015,1347948832,101331056,791815159,1347948831,198124179,578604697,791813638,791813639,480534363,1287935073,203031632,779652593,1287935072,1175869864,1215664166,798418709,779652590,1287935085,310454026,779650383,1288197102,29479345,1288197103,429443534,429443532,429443533,1287935078,866881110,1287935077,25701838,198124506,166317783,784133539,866881109,1105398522,782395451,1105398518,1105398524,782395450,782395449,1105398528,1105398529,754330313,211260230,180708619,782395452,1105398542,1105398543,713493692,1105398544,791668582,1105398545,1189963744,166317780,198136308,203048340,203048345,48718674,1105398547,1105398546,48718679,50127314,1202426991,784123275,15475550,784123276,1105398551,1105398554,1105398552,,,"
3,12,random,191,20703116404,207031164,718,21205132002,212051320,"191,71340,45817,58821,95523,51421,156301,22662,96251,22663,96246,50933,58379,51268,10680,50406,50410,58363,58362,42283,93743,42279,83356,32284,53,420,78963,49388,367,5768,27297,27298,27306,1522,1521,83263,44710,44709,55074,72591,27284,72593,27288,27291,14607,14606,58367,1526,153,5080,51732,54832,56700,39850,94851,91480,6089,6090,39603,39613,39612,5000,39610,39609,9785,59775,44283,59779,12279,36831,12278,705,36829,704,45807,149262,738,718","293931483,4712632,68853945,1164032065,761304482,293931482,1164029586,792209418,316164996,792233138,316164995,785912897,1133658920,199168879,1163796849,785912896,1163796850,141705564,1163796851,1287659567,1172180249,139339313,792032249,1172180248,792032660,1348856218,1348856217,1348856219,792032247,1348856220,991843028,202941518,139339227,792023747,792023748,1294917707,152752727,1294917708,139339341,787616261,1294917705,1294917706,787616262,1294917704,787616263,711800834,746998954,746998955,787616259,1294917703,787616265,1294917701,152753067,1310382778,787616264,1294917702,198119325,747407298,784737755,1155680844,760406772,1001290311,1001290306,579366444,579366446,784737756,326342957,4535982,37890936,37890937,485231022,485231021,761351016,168809687,761351172,784554830,1347948834,101331057,792157757,792157756,29479415,1347948832,568371888,5322143,578604691,791812033,70193907,791812031,798418708,1287935074,168809685,1287935075,1215664165,779652591,756042681,1175869863,1287935084,779650383,1288197102,29479345,1288197103,429443534,429443532,429443533,1287935078,866881110,1287935077,25701838,198124506,166317783,784133539,866881109,1105398522,782395451,1105398518,1105398524,782395450,782395449,1105398528,1105398529,754330313,211260230,782395453,781525357,49678860,781525358,713493692,1105398544,791668582,1105398545,1189963744,15475366,48718672,574623972,48718681,203048340,203048345,48718674,1105398547,1105398546,48718679,203048351,22961642,1261386957,203048342,1261386962,1310769901,203048350,1164612964,83144510,1164586912,1164586913,1164586914,45542221,83144507,1125821134,,"
3,13,random,191,20703116404,207031164,718,21205132002,212051320,"191,58825,32879,32882,32880,25537,115740,71340,45817,150149,24465,95523,51421,156301,22662,96251,22663,96246,50933,58379,51268,10680,50406,50410,58363,58362,42283,83359,83360,53,420,78963,13547,42980,5768,27297,1522,27306,47150,58365,44708,379,59743,72590,27285,72592,78488,76297,58367,14606,95642,51729,51734,54834,1524,1523,94851,91480,6089,6090,39613,39604,39609,9785,59775,59779,12279,12278,36831,36829,704,45807,149262,738,718","8047416,1215998509,1215998508,199170202,767370444,65245722,767370446,234091228,982377042,991853386,991853385,1164029585,761304482,293931482,1164029586,792209418,147509667,83594922,792232468,1164029587,157806867,199170624,1268873730,1126618631,199170625,1126618763,1268873729,141705564,1163796851,1287659567,1172180249,139339313,792032249,1172180248,792032660,1348856218,1348856217,1348856219,792032247,1348856220,991843028,202941518,139339227,792023747,792023748,1294917707,152752727,1294917708,139339341,787616261,1294917705,1294917706,787616262,1294917704,787616263,711800834,746998954,746998955,787616259,1294917703,787616265,1294917701,152753067,1310382778,787616264,1294917702,198119325,747407298,784737755,1155680844,760411553,579366448,579366447,784738291,1001290309,4535982,37890936,37890937,485231022,579364141,485231020,485231019,761351170,761351171,784554830,1347948834,101331057,792157757,792157756,1347948835,568371888,101331056,791815159,1347948831,198124179,578604697,791813638,791813639,480534363,1287935073,203031632,779652593,1287935072,1175869864,1215664166,798418709,779652590,1287935085,751697263,480534362,401740889,401740887,814499723,401740891,989281717,198124506,784133540,1105398526,198132974,782398097,1105398525,782398098,211260231,166317782,5323142,1105398542,1105398543,713493692,1105398544,791668582,1105398545,1189963744,15475366,166317781,574623969,48718676,48718673,203048346,22961642,1261386957,203048342,1302678718,203048350,1164612964,23825848,1164586912,45542225,45542221,83144507,1125821134,,"
3,14,random,191,20703116404,207031164,718,21205132002,212051320,"191,58825,32879,32880,25537,115740,71340,45817,150149,24465,95523,51421,156301,22662,96244,51268,58379,58378,52114,10680,50406,50410,58363,58362,42283,83359,83360,53,420,78963,49388,367,27298,27306,47150,58365,44708,379,59743,72590,72591,27284,72593,72592,78488,76297,58367,14606,95642,12268,1526,153,5080,51732,54832,56700,54834,51741,1524,1523,94851,91480,6089,6090,39613,39604,39609,9785,59775,59779,12279,12278,36831,36829,704,45807,149262,738,718","8047416,1215998509,1215998508,199170202,39276797,767370446,234091228,982377042,991853386,991853385,1164029585,761304482,293931482,1164029586,792209418,147509667,83594922,792232468,1164029587,157806867,199170624,1268873730,1126618631,199170625,1126618763,1268873729,141705564,1163796851,1287659567,1172180249,139339313,792032249,1172180248,169313861,792030096,760629973,293952686,792030097,792032248,792024741,991843031,991843032,139339227,792023747,198141499,1287977993,23073915,152735810,23090686,139339341,787616261,1294917705,1294917706,787616262,1294917704,787616263,711800834,746998954,746998955,787616259,1294917703,787616265,1294917701,152753067,1310382778,787616264,1294917702,198119325,747407298,784737755,1155680844,760411553,579366448,579366447,784738291,1001290309,4535982,37890936,37890937,485231022,485231021,761351016,168809687,568371889,761351015,1347948832,101331056,791815159,1347948831,198124179,578604697,791813638,791813639,480534363,1287935073,203031632,779652593,1287935072,310454025,779652591,756042681,1175869863,1287935084,310454026,751697263,480534362,401740889,401740887,814499723,401740891,989281717,198124506,784133540,1105398526,787306315,23825250,787306307,782395451,1105398518,1105398524,782395450,782395449,1105398528,1105398529,754330313,211260230,211260232,198132973,144987851,5323142,1105398542,1105398543,713493692,1105398544,791668582,1105398545,1189963744,15475366,166317781,574623969,48718676,48718673,203048346,22961642,1261386957,203048342,1302678718,203048350,1164612964,23825848,1164586912,45542225,45542221,83144507,1125821134,,"
3,15,random,191,20703116404,207031164,718,21205132002,212051320,"191,58825,32879,32882,32880,25537,115740,71340,15,58168,75501,32777,59522,61197,91432,177,93657,12549,12551,28586,45815,16,11438,11437,93573,58,73965,14056,14074,14073,14084,14072,14075,41115,1321,27288,72593,72592,78488,76297,58367,14606,95642,12268,1526,153,5080,51732,54832,56700,1523,94851,91480,6089,6090,39613,39612,5000,39610,6091,6096,49605,95207,56401,40012,149262,738,718","8047416,1215998509,1215998508,199170202,767370444,65245722,767370446,234091228,982377042,991853386,991853385,1164029585,992098457,992098458,4080223,761350206,377826204,713102064,713103195,401889026,1306856064,202399321,792199880,1306856063,217505490,347401674,1201408541,713104585,761314608,794427823,24399482,782086839,782086843,782086844,1306856062,761770664,555951439,782086840,782086841,782086842,24399483,1306856061,677813828,792014387,217505288,217505484,760597427,1306856059,316165686,791859002,792011209,1306856060,792011210,701021389,780449541,1299708268,23551977,377820485,782748047,316165687,1299708273,755045929,1306856057,701021394,784224588,1306856058,755045930,330451928,28317058,784210239,784224590,25448474,784210240,25448644,780617520,25448509,714471993,1175823845,334471972,25448656,775918887,780617518,1288213451,25448643,1288212220,1288212221,25448446,1083073400,1287969067,53788186,1083073401,4535345,152759145,152759000,485230549,357016933,83250635,485230556,1287926826,1287926822,775946840,70528656,1287947032,1287947031,29479321,1287947033,779650383,1288197102,310454026,751697263,480534362,401740889,401740887,814499723,401740891,989281717,198124506,784133540,1105398526,787306315,23825250,787306307,782395451,1105398518,1105398524,782395450,782395449,1105398528,1105398529,754330313,211260230,180708619,782395452,1105398542,1105398543,713493692,1105398544,791668582,1105398545,1189963744,15475366,166317781,48718681,203048340,203048345,48718674,1105398547,1105398546,48718679,50127314,1202426991,198137433,784123277,784123278,1105398550,1105398551,1105398554,1105398552,,,"
4,1,link_elimination,213,21205132427,212051324,191,21104127036,211041270,"213,77522,214,81639,141290,4882,4883,5080,153,1526,58367,76297,78488,72592,27285,72590,59743,379,44708,58365,47150,27306,27298,367,49388,78963,420,53,83360,83359,93743,42283,58362,58363,50410,50406,10680,52114,58378,190332,13880,13873,13894,22664,71724,24466,24465,150149,45817,71340,115740,25537,32880,32882,32879,58825,191","466906892,1102309069,542177575,1080502680,1080502682,1080502685,1209649895,11160222,12535036,782395450,782395451,1105398518,1105398524,166317783,784133539,866881109,1105398522,989281717,480534362,401740889,401740887,814499723,401740891,751697263,798418709,779652590,1287935085,1175869864,1215664166,1287935072,480534363,1287935073,203031632,779652593,791813638,791813639,578604697,198124179,101331056,791815159,1347948831,1347948832,568371889,761351015,168809687,485231021,761351016,485231022,4535982,37890936,37890937,579366447,784738291,1001290309,579366448,760411554,760406772,747407298,784737755,1155680844,198119325,746998954,746998955,787616259,1294917703,787616265,1294917701,152753067,1310382778,787616264,1294917702,711800834,139339341,787616261,1294917705,1294917706,787616262,1294917704,787616263,23073915,152735810,23090686,1287977993,1294920580,1294920581,1294920582,1294920583,202940745,202940747,1317989789,25335573,987851434,293952488,798020777,293952487,316521521,792034145,199170623,299950707,28615675,157806867,199170624,1268873730,147509667,83594922,792232468,1164029587,761304482,293931482,1164029586,792209418,991853385,1164029585,991853386,767370446,234091228,982377042,65245722,767370444,199170202,8047416,1215998509,1215998508"
4,2,link_elimination,213,21205132427,212051324,191,21104127036,211041270,"213,214,81639,141290,4882,4883,5080,153,1526,58367,76297,78488,72592,27285,72590,59743,379,44708,58365,47150,27306,27298,367,49388,78963,420,53,83360,83359,93743,42283,58362,58363,50410,50406,10680,52114,58378,190332,13880,13873,13894,22664,71724,24466,24465,150149,45817,71340,115740,25537,32880,32882,32879,58825,191","4716132,542177575,1080502680,1080502682,1080502685,1209649895,11160222,12535036,782395450,782395451,1105398518,1105398524,166317783,784133539,866881109,1105398522,989281717,480534362,401740889,401740887,814499723,401740891,751697263,798418709,779652590,1287935085,1175869864,1215664166,1287935072,480534363,1287935073,203031632,779652593,791813638,791813639,578604697,198124179,101331056,791815159,1347948831,1347948832,568371889,761351015,168809687,485231021,761351016,485231022,4535982,37890936,37890937,579366447,784738291,1001290309,579366448,760411554,760406772,747407298,784737755,1155680844,198119325,746998954,746998955,787616259,1294917703,787616265,1294917701,152753067,1310382778,787616264,1294917702,711800834,139339341,787616261,1294917705,1294917706,787616262,1294917704,787616263,23073915,152735810,23090686,1287977993,1294920580,1294920581,1294920582,1294920583,202940745,202940747,1317989789,25335573,987851434,293952488,798020777,293952487,316521521,792034145,199170623,299950707,28615675,157806867,199170624,1268873730,147509667,83594922,792232468,1164029587,761304482,293931482,1164029586,792209418,991853385,1164029585,991853386,767370446,234091228,982377042,65245722,767370444,199170202,8047416,1215998509,1215998508"
4,3,link_elimination,213,21205132427,212051324,191,21104127036,211041270,"213,214,81639,141290,4882,154,153,1526,58367,76297,78488,72592,27285,72590,59743,379,44708,58365,47150,27306,27298,367,49388,78963,420,53,83360,83359,93743,42283,58362,58363,50410,50406,10680,52114,58378,190332,13880,13873,13894,22664,71724,24466,24465,150149,45817,71340,115740,25537,32880,32882,32879,58825,191","4716132,542177575,1080502680,1080502682,1080502685,1209649895,12535027,4709621,782395451,1105398518,1105398524,166317783,784133539,866881109,1105398522,989281717,480534362,401740889,401740887,814499723,401740891,751697263,798418709,779652590,1287935085,1175869864,1215664166,1287935072,480534363,1287935073,203031632,779652593,791813638,791813639,578604697,198124179,101331056,791815159,1347948831,1347948832,568371889,761351015,168809687,485231021,761351016,485231022,4535982,37890936,37890937,579366447,784738291,1001290309,579366448,760411554,760406772,747407298,784737755,1155680844,198119325,746998954,746998955,787616259,1294917703,787616265,1294917701,152753067,1310382778,787616264,1294917702,711800834,139339341,787616261,1294917705,1294917706,787616262,1294917704,787616263,23073915,152735810,23090686,1287977993,1294920580,1294920581,1294920582,1294920583,202940745,202940747,1317989789,25335573,987851434,293952488,798020777,293952487,316521521,792034145,199170623,299950707,28615675,157806867,199170624,1268873730,147509667,83594922,792232468,1164029587,761304482,293931482,1164029586,792209418,991853385,1164029585,991853386,767370446,234091228,982377042,65245722,767370444,199170202,8047416,1215998509,1215998508"
4,4,link_elimination,213,21205132427,212051324,191,21104127036,211041270,"213,214,81639,141290,4882,154,153,1526,58367,76297,78488,72592,27285,72590,59743,379,44708,58365,47150,27306,27298,367,49388,78963,420,53,83360,83359,42283,58362,58363,50410,50406,10680,52114,58378,190332,13880,13873,13894,22664,71724,24466,24465,150149,45817,71340,115740,25537,32880,32882,32879,58825,191","4716132,542177575,1080502680,1080502682,1080502685,1209649895,12535027,4709621,782395451,1105398518,1105398524,166317783,784133539,866881109,1105398522,989281717,480534362,401740889,401740887,814499723,401740891,751697263,798418709,779652590,1287935085,1175869864,1215664166,1287935072,480534363,1287935073,203031632,779652593,791813638,791813639,578604697,198124179,101331056,791815159,1347948831,1347948832,568371889,761351015,168809687,485231021,761351016,485231022,4535982,37890936,37890937,579366447,784738291,1001290309,579366448,760411553,747407298,784737755,1155680844,198119325,746998954,746998955,787616259,1294917703,787616265,1294917701,152753067,1310382778,787616264,1294917702,711800834,139339341,787616261,1294917705,1294917706,787616262,1294917704,787616263,23073915,152735810,23090686,1287977993,1294920580,1294920581,1294920582,1294920583,202940745,202940747,1317989789,25335573,987851434,293952488,798020777,293952487,316521521,792034145,199170623,299950707,28615675,157806867,199170624,1268873730,147509667,83594922,792232468,1164029587,761304482,293931482,1164029586,792209418,991853385,1164029585,991853386,767370446,234091228,982377042,65245722,767370444,199170202,8047416,1215998509,1215998508"
4,5,link_elimination,213,21205132427,212051324,191,21104127036,211041270,"213,214,81639,141290,4882,154,153,1526,58367,76297,78488,72592,27285,72590,59743,379,44708,58365,47150,27306,27298,367,49388,78963,420,53,83360,83359,42283,58362,58363,50410,50406,10680,52114,58378,190332,13880,13873,13894,22664,71724,24466,24465,150149,45817,71340,115740,25537,32880,32879,58825,191","4716132,542177575,1080502680,1080502682,1080502685,1209649895,12535027,4709621,782395451,1105398518,1105398524,166317783,784133539,866881109,1105398522,989281717,480534362,401740889,401740887,814499723,401740891,751697263,798418709,779652590,1287935085,1175869864,1215664166,1287935072,480534363,1287935073,203031632,779652593,791813638,791813639,578604697,198124179,101331056,791815159,1347948831,1347948832,568371889,761351015,168809687,485231021,761351016,485231022,4535982,37890936,37890937,579366447,784738291,1001290309,579366448,760411553,747407298,784737755,1155680844,198119325,746998954,746998955,787616259,1294917703,787616265,1294917701,152753067,1310382778,787616264,1294917702,711800834,139339341,787616261,1294917705,1294917706,787616262,1294917704,787616263,23073915,152735810,23090686,1287977993,1294920580,1294920581,1294920582,1294920583,202940745,202940747,1317989789,25335573,987851434,293952488,798020777,293952487,316521521,792034145,199170623,299950707,28615675,157806867,199170624,1268873730,147509667,83594922,792232468,1164029587,761304482,293931482,1164029586,792209418,991853385,1164029585,991853386,767370446,234091228,982377042,39276797,199170202,8047416,1215998509,1215998508"
4,6,penalty,213,21205132427,212051324,191,21104127036,211041270,"213,77522,214,81639,141290,4882,4883,5080,153,1526,12268,95642,14606,14607,27291,72593,27284,72591,55074,44709,83263,1521,1522,27297,5768,42980,13547,53847,32284,83356,93743,42279,44,42281,5738,5737,11711,54318,56634,56633,4638,39015,56285,39283,39003,28043,181388,32765,32777,75501,58168,62776,14168,14170,44263,32881,32880,32882,32879,58825,191","466906892,1102309069,542177575,1080502680,1080502682,1080502685,1209649895,11160222,12535036,782395450,782395451,1105398518,1105398524,23825250,787306307,787306315,784133540,1105398526,25701838,429443534,429443532,429443533,1287935078,866881110,1287935077,429443535,756042681,1175869863,1287935084,779652591,1215664165,791812031,798418708,1287935074,168809685,1287935075,755265243,578604691,5322143,1347948835,784554830,1347948834,101331057,792157757,792157756,485231019,761351170,761351171,485231020,579364142,37890938,168809686,37890939,579366444,579366446,784737756,1001290310,1001290311,57977189,784737758,57977192,1187970513,579367170,1001290300,14444530,57977149,1180575604,571425698,1180575785,28808166,1180575574,28808167,1001290297,1180575575,907223690,1268873697,1268873698,1268873699,1268873700,178975529,1268873696,1159538672,1268873693,1268873694,1268873695,1159538671,48382924,1268873692,1288236159,808457699,808457701,839776285,1178562909,1178562908,1178562910,152937014,1268873686,1268873688,1268873690,1286788550,1268873691,1268873683,1268873684,1268873685,1268873679,1268873680,1268873681,1268873682,234278494,410262938,234278495,1268873678,1268873677,1292988247,1292988248,38941517,713103195,377826204,713102064,401889022,1183795186,656904653,784329160,215380073,792198744,215384253,784039450,232424809,784039451,784280745,784329158,25453357,760638634,784280746,792146389,792146390,992099099,992099100,65245680,767370445,65245722,767370444,199170202,8047416,1215998509,1215998508"
4,7,penalty,213,21205132427,212051324,191,21104127036,211041270,"213,214,81639,141290,4882,51735,50402,50401,4957,51733,51732,54832,51734,51729,51728,7992,7991,58375,58374,14599,14582,14581,14573,83265,133245,83264,94753,54831,54830,49126,13825,13824,40252,44764,100570,89573,40260,27985,27990,51823,5719,47086,54318,56634,56633,4638,39015,56285,39283,39003,28043,181388,32765,32777,75501,58168,62776,14168,14170,44263,32881,32880,32882,32879,58825,191","4716132,542177575,1080502680,1080502682,1080502685,1209649895,1169285785,1169285786,1370083526,630163827,132043672,1109937562,1109937563,1109937564,1109937565,132043673,144987850,782395448,1105398530,781904634,1105398534,1105398535,144987842,754330313,180708618,782398098,144987838,1278406954,782399755,1278406957,1278406955,1278406956,1105398540,198134598,1278406958,1105398541,1278406959,1278406960,1278406961,1087635880,198134599,294012453,25701774,25701677,1068083799,1068083801,578608298,320785484,1068083798,1055078343,1068083805,787370102,780483584,204242017,1068083796,166317775,294012447,116792900,25313907,1106520401,51128585,70364618,859156139,28133517,1170485479,1156518770,371849616,680228037,348537628,1187977577,1187986870,907223686,30637639,46342800,1255864786,25757419,152757638,907223685,145642417,145642422,145642418,1197607579,145642421,1197607580,907223689,1268873701,1268873702,1180575575,907223690,1268873697,1268873698,1268873699,1268873700,178975529,1268873696,1159538672,1268873693,1268873694,1268873695,1159538671,48382924,1268873692,1288236159,808457699,808457701,839776285,1178562909,1178562908,1178562910,152937014,1268873686,1268873688,1268873690,1286788550,1268873691,1268873683,1268873684,1268873685,1268873679,1268873680,1268873681,1268873682,234278494,410262938,234278495,1268873678,1268873677,1292988247,1292988248,38941517,713103195,377826204,713102064,401889022,1183795186,656904653,784329160,215380073,792198744,215384253,784039450,232424809,784039451,784280745,784329158,25453357,760638634,784280746,792146389,792146390,992099099,992099100,65245680,767370445,65245722,767370444,199170202,8047416,1215998509,1215998508"
4,8,penalty,213,21205132427,212051324,191,21104127036,211041270,"213,77522,214,81639,141290,4882,51735,50402,50401,4957,51733,51732,54832,51734,51729,51728,7992,7991,58375,58374,14599,14582,14581,14573,83265,133245,83264,94753,54831,54830,49126,13825,13824,40252,44764,100570,89573,40260,27985,27990,51823,5719,47086,54318,56634,56633,4638,39015,56285,39283,39003,28043,181388,32765,32777,75501,58168,62776,14168,14170,44263,32881,32880,32882,32879,58825,191","466906892,1102309069,542177575,1080502680,1080502682,1080502685,1209649895,1169285785,1169285786,1370083526,630163827,132043672,1109937562,1109937563,1109937564,1109937565,132043673,144987850,782395448,1105398530,781904634,1105398534,1105398535,144987842,754330313,180708618,782398098,144987838,1278406954,782399755,1278406957,1278406955,1278406956,1105398540,198134598,1278406958,1105398541,1278406959,1278406960,1278406961,1087635880,198134599,294012453,25701774,25701677,1068083799,1068083801,578608298,320785484,1068083798,1055078343,1068083805,787370102,780483584,204242017,1068083796,166317775,294012447,116792900,25313907,1106520401,51128585,70364618,859156139,28133517,1170485479,1156518770,371849616,680228037,348537628,1187977577,1187986870,907223686,30637639,46342800,1255864786,25757419,152757638,907223685,145642417,145642422,145642418,1197607579,145642421,1197607580,907223689,1268873701,1268873702,1180575575,907223690,1268873697,1268873698,1268873699,1268873700,178975529,1268873696,1159538672,1268873693,1268873694,1268873695,1159538671,48382924,1268873692,1288236159,808457699,808457701,839776285,1178562909,1178562908,1178562910,152937014,1268873686,1268873688,1268873690,1286788550,1268873691,1268873683,1268873684,1268873685,1268873679,1268873680,1268873681,1268873682,234278494,410262938,234278495,1268873678,1268873677,1292988247,1292988248,38941517,713103195,377826204,713102064,401889022,1183795186,656904653,784329160,215380073,792198744,215384253,784039450,232424809,784039451,784280745,784329158,25453357,760638634,784280746,792146389,792146390,992099099,992099100,65245680,767370445,65245722,767370444,199170202,8047416,1215998509,1215998508"
4,9,penalty,213,21205132427,212051324,191,21104127036,211041270,"213,77522,214,81639,141290,4882,4883,5080,153,1526,58367,14606,14607,27291,72593,27284,72591,55074,44709,83263,1521,1522,27297,5768,42980,13547,53847,32284,83356,93743,42279,44,42281,5738,5737,11711,54318,56634,56633,4638,39015,56285,39283,39003,28043,181388,32765,32777,75501,58168,62776,14168,14170,44263,32881,32880,32882,32879,58825,191","466906892,1102309069,542177575,1080502680,1080502682,1080502685,1209649895,11160222,12535036,782395450,782395451,1105398518,1105398524,166317783,784133539,866881109,1105398522,198124506,25701838,429443534,429443532,429443533,1287935078,866881110,1287935077,429443535,756042681,1175869863,1287935084,779652591,1215664165,791812031,798418708,1287935074,168809685,1287935075,755265243,578604691,5322143,1347948835,784554830,1347948834,101331057,792157757,792157756,485231019,761351170,761351171,485231020,579364142,37890938,168809686,37890939,579366444,579366446,784737756,1001290310,1001290311,57977189,784737758,57977192,1187970513,579367170,1001290300,14444530,57977149,1180575604,571425698,1180575785,28808166,1180575574,28808167,1001290297,1180575575,907223690,1268873697,1268873698,1268873699,1268873700,178975529,1268873696,1159538672,1268873693,1268873694,1268873695,1159538671,48382924,1268873692,1288236159,808457699,808457701,839776285,1178562909,1178562908,1178562910,152937014,1268873686,1268873688,1268873690,1286788550,1268873691,1268873683,1268873684,1268873685,1268873679,1268873680,1268873681,1268873682,234278494,410262938,234278495,1268873678,1268873677,1292988247,1292988248,38941517,713103195,377826204,713102064,401889022,1183795186,656904653,784329160,215380073,792198744,215384253,784039450,232424809,784039451,784280745,784329158,25453357,760638634,784280746,792146389,792146390,992099099,992099100,65245680,767370445,65245722,767370444,199170202,8047416,1215998509,1215998508"
4,10,random,213,21205132427,212051324,191,21104127036,211041270,"213,77522,214,81639,141290,4882,154,4883,5080,153,1526,58367,14606,14607,27291,27288,72593,27284,27285,72590,59743,72588,1318,333,44386,14081,14086,14095,14073,14074,14056,73965,93573,58,124845,95240,57229,31553,31554,56732,22718,22716,22717,57902,59735,22713,22714,159525,40758,40759,90931,91433,142663,79374,16,45815,11446,115784,22592,12558,150149,45817,71340,115740,25537,32880,32882,32879,58825,191","466906892,1102309069,542177575,1080502680,1080502682,1080502685,1209649895,12535027,1370084475,12535036,782395450,782395451,1105398518,1105398524,166317783,784133539,866881109,1105398522,198124506,25701838,429443534,429443532,429443533,1287935078,866881110,1287935077,29479345,1288197103,779650383,1288197102,756042681,1175869863,1287935084,29478632,1175869864,1215664166,1287935072,787842696,1288197096,4535340,5094921,70528894,775912909,1287947028,310454024,1287947029,1287926820,4535344,70532456,5094920,485230546,485230547,485230559,485230563,531181161,1287926824,10591634,25448443,53788169,1287969066,334471786,25448661,775918886,784205767,1288213447,334471787,1175868287,25448665,1288213450,25451174,1288213449,25448644,25448474,784210240,28317058,784210239,784224590,771823950,784224589,755045930,4575233,1020446984,1020446985,784224591,754954076,34236454,384811976,384811819,782715601,194090889,28356866,193322271,1020417624,202940524,28356841,199171253,1355275832,1181938564,51969119,1355283053,713107599,1355283058,1299697743,1355283050,4080939,489222053,217505288,217505484,760597427,1306856059,316165686,791859002,792011209,1306856060,792011210,83594915,792011211,792011212,792015547,159030984,1164027022,24399485,293937134,992097226,378089548,58949944,798268269,992097227,24399486,792058596,147509666,136035385,199170626,1190745979,1126617434,792058098,147509667,83594922,792232468,1164029587,761304482,293931482,1164029586,792209418,991853385,1164029585,991853386,767370446,234091228,982377042,65245722,767370444,199170202,8047416,1215998509,1215998508"
4,11,random,213,21205132427,212051324,191,21104127036,211041270,"213,77522,214,81639,141290,4882,4883,154,153,1526,58367,14606,14607,27291,72593,72592,27285,27284,72591,55074,44709,83263,58365,47150,27306,1522,27297,5768,367,49388,78963,420,419,53847,32284,83356,93743,83359,42283,58362,58363,50410,50406,10680,51268,96244,22662,96251,13873,13894,22664,71724,24466,24465,150149,45817,71340,191","466906892,1102309069,542177575,1080502680,1080502682,1080502685,1209649895,11160222,1370084475,4709621,782395451,1105398518,1105398524,166317783,784133539,866881109,1105398522,198124506,25701838,429443534,429443532,429443533,1287935078,866881110,1287935077,429443535,310454026,798418709,779652590,1287935085,29478632,779652591,1215664165,791812031,798418708,1287935074,168809685,1287935075,755265243,578604694,198124179,101331056,791815159,1347948831,568371888,1347948835,784554830,1347948834,101331057,792157757,792157756,761351172,168809687,485231021,761351016,485231022,4749479,326342755,37890938,168809686,37890939,579366444,579366446,784737756,1001290310,760411554,760411553,747407298,784737755,1155680844,198119325,746998954,746998955,787616259,1294917703,787616265,1294917701,152753067,1310382778,787616264,1294917702,711800834,139339341,787616261,1294917705,1294917706,787616262,1294917704,787616263,792023748,1294917707,152752727,1294917708,792024741,991843031,991843032,169313861,792030096,760629973,293952686,792030097,792032248,792032660,1348856218,792034146,293952488,798020777,293952487,316521521,792034145,199170623,299950707,28615675,157806867,199170624,1268873730,147509667,83594922,792232468,1164029587,761304482,293931482,1164029586,792209418,293931483,4712632,68853945,1164032065"
4,12,random,213,21205132427,212051324,191,21104127036,211041270,"213,77522,214,81639,141290,4882,4883,5080,51732,51733,54832,51734,51729,95642,14606,14607,27291,72593,72592,27285,72588,59743,379,44708,58365,47150,1521,1522,27297,5768,42980,13547,53847,32284,53,83360,83359,93743,42283,58362,58363,50410,50406,10680,52114,58378,190332,13880,13879,13894,22664,71724,24466,24465,95523,58821,45817,71340,191","466906892,1102309069,542177575,1080502680,1080502682,1080502685,1209649895,11160222,12535036,782395449,1105398528,1105398529,144987842,166317777,180708618,782398098,198132974,782398097,1105398525,784133540,1105398526,25701838,429443534,429443532,429443533,1287935078,866881110,1287935077,429443535,310454026,798418709,779652590,1287935085,779652592,1288197097,787842696,1288197096,480534363,1287935073,203031632,779652593,791813638,791813639,578604697,198124179,578608626,5322143,1347948835,784554830,1347948834,101331057,792157757,792157756,485231019,761351170,761351171,485231020,579364142,37890938,168809686,37890939,326342957,579366447,784738291,1001290309,579366448,760411554,760406772,747407298,784737755,1155680844,198119325,746998954,746998955,787616259,1294917703,787616265,1294917701,152753067,1310382778,787616264,1294917702,711800834,139339341,787616261,1294917705,1294917706,787616262,1294917704,787616263,23073915,152735810,23090686,1287977993,1294920580,1294920581,1294920582,1294920583,202940745,202940747,1317989789,25358604,25358667,293952485,25358610,987851433,987851431,293952487,316521521,792034145,199170623,299950707,28615675,1126618631,199170625,1126618763,1268873729,199168879,1163796849,785912896,1163796850,316164996,792233138,316164995,785912897,1133658920,761304482,293931482,1164029586,792209418,293931483,4712632,68853945,1164032065"
4,13,random,213,21205132427,212051324,191,21104127036,211041270,"213,77522,214,81639,141290,4882,51735,50402,50401,4957,51733,54832,51734,51729,95642,14606,14607,27291,72593,27284,72591,72590,59743,379,44708,58365,47150,27306,27298,367,49388,78963,13547,53847,32284,53,83360,83359,93743,42283,58362,58363,50410,50406,10680,52114,58378,50933,96244,22662,156301,43562,51421,95523,58821,45817,71340,115740,25537,32880,32882,32879,58825,191","466906892,1102309069,542177575,1080502680,1080502682,1080502685,1209649895,1169285785,1169285786,1370083526,630163827,132043672,1109937562,1109937563,1109937564,1109937565,132043673,144987850,782395448,1105398530,781904634,1105398534,1105398535,166317777,180708618,782398098,198132974,782398097,1105398525,784133540,1105398526,25701838,429443534,429443532,429443533,1287935078,866881110,1287935077,429443535,756042681,1175869863,1287935084,779652591,310454025,1287935072,480534363,1287935073,203031632,779652593,791813638,791813639,578604697,198124179,101331056,791815159,1347948831,1347948832,568371889,761351015,168809687,485231021,761351016,579364141,579364142,37890938,168809686,37890939,326342957,579366447,784738291,1001290309,579366448,760411554,760406772,747407298,784737755,1155680844,198119325,746998954,746998955,787616259,1294917703,787616265,1294917701,152753067,1310382778,787616264,1294917702,711800834,139339341,787616261,1294917705,1294917706,787616262,1294917704,787616263,23073915,152735810,23090686,1287977993,72985824,1331881257,72985789,474142795,1331881522,73137787,1329826943,957440913,136462513,25335088,991843030,991843029,169313861,792030096,760629973,293952686,792030097,792032248,139339313,792032249,1172180248,1313140558,1313140557,1313140559,141705564,1163796851,1287659567,199168879,1163796849,785912896,1163796850,316164996,792233138,316164995,785912897,1133658920,761304482,293931482,1164029586,792209418,991853385,1164029585,991853386,767370446,234091228,982377042,65245722,767370444,199170202,8047416,1215998509,1215998508"
4,14,random,213,21205132427,212051324,191,21104127036,211041270,"213,214,81639,141290,4882,4883,154,153,1526,58367,14606,14607,27291,72593,72592,27285,27284,55928,1318,333,44386,14081,14086,14095,14073,14074,14056,73965,93573,11437,11438,16,45815,28586,12551,12549,93657,177,91432,61197,59522,32777,75501,58168,62776,14168,14170,44263,32881,32880,32882,32879,58825,191","4716132,542177575,1080502680,1080502682,1080502685,1209649895,11160222,1370084475,4709621,782395451,1105398518,1105398524,166317783,784133539,866881109,1105398522,198124506,25701838,429443534,429443532,429443533,1287935078,866881110,1287935077,429443535,310454026,798418709,779652590,1287935085,29478632,401740892,1175870010,1288197099,766271924,29479336,401740883,1340266612,1287926820,4535344,70532456,5094920,485230546,485230547,485230559,485230563,531181161,1287926824,10591634,25448443,53788169,1287969066,334471786,25448661,775918886,784205767,1288213447,334471787,1175868287,25448665,1288213450,25451174,1288213449,25448644,25448474,784210240,28317058,784210239,784224590,771823950,784224589,377820485,782748047,316165687,1299708273,755045929,1306856057,701021394,784224588,1306856058,23551977,701021389,780449541,1299708268,217505288,217505484,760597427,1306856059,316165686,791859002,792011209,1306856060,792011210,24399483,1306856061,677813828,792014387,782086840,782086841,782086842,555951439,761770664,24399482,782086839,782086843,782086844,1306856062,713104585,761314608,794427823,347401674,1201408541,217505487,792199881,401889026,1306856064,202399321,792199880,1306856063,713103195,377826204,713102064,401889022,1183795186,656904653,784329160,215380073,792198744,215384253,784039450,232424809,784039451,784280745,784329158,25453357,760638634,784280746,792146389,792146390,992099099,992099100,65245680,767370445,65245722,767370444,199170202,8047416,1215998509,1215998508"
5,1,link_elimination,213,21205132427,212051324,718,21205132002,212051320,"213,77522,214,81639,141290,4882,51735,50402,204,203,44720,11787,39611,39,39603,39613,39604,39609,9785,59775,44283,59779,12279,36831,12278,705,36829,704,45807,149262,738,718","466906892,1102309069,542177575,1080502680,1080502682,1080502685,1209649895,1169285785,1169285786,1370083526,630163827,1109937560,4716052,144987848,1190725428,155204408,1209649896,155204407,1202456566,386599209,1166300072,1199314203,1199314205,1199314204,1167895576,1199314201,1167895575,1202456559,1199314202,203037918,1209647862,1209647861,1199314206,48718680,167571335,574623972,574623969,48718676,48718673,203048346,22961642,1261386957,203048342,1261386962,1310769901,203048350,1164612964,83144510,1164586912,1164586913,1164586914,45542221,83144507,1125821134,,"
5,2,link_elimination,213,21205132427,212051324,718,21205132002,212051320,"213,77522,214,81639,141290,4882,51735,50402,204,203,44720,11787,39611,39,39604,39609,9785,59775,44283,59779,12279,36831,12278,705,36829,704,45807,149262,738,718","466906892,1102309069,542177575,1080502680,1080502682,1080502685,1209649895,1169285785,1169285786,1370083526,630163827,1109937560,4716052,144987848,1190725428,155204408,1209649896,155204407,1202456566,386599209,1166300072,1199314203,1199314205,1199314204,1167895576,1199314201,1167895575,1202456559,1199314202,203037918,1209647862,1209647861,1199314206,48718680,4472416,198136309,48718676,48718673,203048346,22961642,1261386957,203048342,1261386962,1310769901,203048350,1164612964,83144510,1164586912,1164586913,1164586914,45542221,83144507,1125821134,,"
5,3,link_elimination,213,21205132427,212051324,718,21205132002,212051320,"213,77522,214,81639,141290,4882,51735,50402,204,203,44720,11787,39611,39,39604,39609,9785,59775,44283,59779,12279,36831,12278,705,704,45807,149262,738,718","466906892,1102309069,542177575,1080502680,1080502682,1080502685,1209649895,1169285785,1169285786,1370083526,630163827,1109937560,4716052,144987848,1190725428,155204408,1209649896,155204407,1202456566,386599209,1166300072,1199314203,1199314205,1199314204,1167895576,1199314201,1167895575,1202456559,1199314202,203037918,1209647862,1209647861,1199314206,48718680,4472416,198136309,48718676,48718673,203048346,22961642,1261386957,203048342,1261386962,1310769901,203048350,1164612964,83144510,1164586912,1164586913,4868459,83144507,1125821134,,"
5,4,link_elimination,213,21205132427,212051324,718,21205132002,212051320,"213,77522,214,81639,141290,4882,51735,50402,204,203,44720,11787,39611,39,39604,39609,9785,59775,59779,12279,36831,12278,705,36829,704,45807,149262,738,718","466906892,1102309069,542177575,1080502680,1080502682,1080502685,1209649895,1169285785,1169285786,1370083526,630163827,1109937560,4716052,144987848,1190725428,155204408,1209649896,155204407,1202456566,386599209,1166300072,1199314203,1199314205,1199314204,1167895576,1199314201,1167895575,1202456559,1199314202,203037918,1209647862,1209647861,1199314206,48718680,4472416,198136309,48718676,48718673,203048346,22961642,1261386957,203048342,1302678718,203048350,1164612964,83144510,1164586912,1164586913,1164586914,45542221,83144507,1125821134,,"
5,5,link_elimination,213,21205132427,212051324,718,21205132002,212051320,"213,77522,214,81639,141290,4882,51735,50402,204,203,44720,11787,39611,39,39604,39609,9785,59775,59779,12279,36831,12278,705,704,45807,149262,738,718","466906892,1102309069,542177575,1080502680,1080502682,1080502685,1209649895,1169285785,1169285786,1370083526,630163827,1109937560,4716052,144987848,1190725428,155204408,1209649896,155204407,1202456566,386599209,1166300072,1199314203,1199314205,1199314204,1167895576,1199314201,1167895575,1202456559,1199314202,203037918,1209647862,1209647861,1199314206,48718680,4472416,198136309,48718676,48718673,203048346,22961642,1261386957,203048342,1302678718,203048350,1164612964,83144510,1164586912,1164586913,4868459,83144507,1125821134,,"
5,6,penalty,213,21205132427,212051324,718,21205132002,212051320,"213,77522,214,81639,141290,4882,51735,50402,204,203,44720,11787,39611,39,39603,39613,39604,39609,9785,59775,44283,59779,12279,36831,12278,705,36829,704,45807,149262,738,718","466906892,1102309069,542177575,1080502680,1080502682,1080502685,1209649895,1169285785,1169285786,1370083526,630163827,1109937560,4716052,144987848,1190725428,155204408,1209649896,155204407,1202456566,386599209,1166300072,1199314203,1199314205,1199314204,1167895576,1199314201,1167895575,1202456559,1199314202,203037918,1209647862,1209647861,1199314206,48718680,167571335,574623972,574623969,48718676,48718673,203048346,22961642,1261386957,203048342,1261386962,1310769901,203048350,1164612964,83144510,1164586912,1164586913,1164586914,45542221,83144507,1125821134,,"
5,7,penalty,213,21205132427,212051324,718,21205132002,212051320,"213,77522,214,81639,141290,4882,4883,4955,39617,14669,44721,39850,56700,54834,51741,1524,1523,94851,91480,6089,6090,39613,39612,5000,39610,6091,95207,56401,40012,149262,738,718","466906892,1102309069,542177575,1080502680,1080502682,1080502685,1209649895,11160222,11335533,144987846,781904631,1105398537,1105398538,782398099,70193977,1105398531,1105398539,782395453,211260232,198132973,144987851,5323142,1105398542,1105398543,713493692,1105398544,791668582,1105398545,1189963744,15475366,166317781,48718681,203048340,203048345,48718674,1105398547,1105398546,48718679,50127314,1202426991,784123275,15475550,784123276,1105398551,1105398554,1105398552,,,"
5,8,penalty,213,21205132427,212051324,718,21205132002,212051320,"213,77522,214,81639,141290,4882,51735,50401,4957,51733,54832,56700,54834,51741,1524,1523,94851,91480,6089,6090,39613,39612,5000,39610,6091,95207,56401,40012,149262,738,718","466906892,1102309069,542177575,1080502680,1080502682,1080502685,1209649895,1169285785,1169285786,1370083526,144987845,1109937562,1109937563,1109937564,1109937565,132043673,144987850,782395448,1105398530,781904634,1105398534,1105398535,166317777,211260230,211260232,198132973,144987851,5323142,1105398542,1105398543,713493692,1105398544,791668582,1105398545,1189963744,15475366,166317781,48718681,203048340,203048345,48718674,1105398547,1105398546,48718679,50127314,1202426991,784123275,15475550,784123276,1105398551,1105398554,1105398552,,,"
5,9,penalty,213,21205132427,212051324,718,21205132002,212051320,"213,214,81639,141290,4882,51735,50402,204,203,4955,39617,14669,44721,39850,56700,54834,51741,1524,1523,94851,91480,6089,6090,39613,39612,5000,39610,6091,95207,56401,40012,149262,738,718","4716132,542177575,1080502680,1080502682,1080502685,1209649895,1169285785,1169285786,1370083526,630163827,1109937560,4716052,781904633,578603849,1105398536,1105398537,1105398538,782398099,70193977,1105398531,1105398539,782395453,211260232,198132973,144987851,5323142,1105398542,1105398543,713493692,1105398544,791668582,1105398545,1189963744,15475366,166317781,48718681,203048340,203048345,48718674,1105398547,1105398546,48718679,50127314,1202426991,784123275,15475550,784123276,1105398551,1105398554,1105398552,,,"
5,10,penalty,213,21205132427,212051324,718,21205132002,212051320,"213,77522,214,81639,141290,4882,51735,50402,50401,4957,51733,54832,56700,54834,51741,1524,1523,94851,91480,6089,6090,39613,39612,5000,39610,6091,95207,56401,40012,149262,738,718","466906892,1102309069,542177575,1080502680,1080502682,1080502685,1209649895,1169285785,1169285786,1370083526,630163827,132043672,1109937562,1109937563,1109937564,1109937565,132043673,144987850,782395448,1105398530,781904634,1105398534,1105398535,166317777,211260230,211260232,198132973,144987851,5323142,1105398542,1105398543,713493692,1105398544,791668582,1105398545,1189963744,15475366,166317781,48718681,203048340,203048345,48718674,1105398547,1105398546,48718679,50127314,1202426991,784123275,15475550,784123276,1105398551,1105398554,1105398552,,,"
5,11,random,213,21205132427,212051324,718,21205132002,212051320,"213,214,81639,141290,4882,4883,5080,51732,54832,56700,54834,51741,1524,1523,94851,91480,6089,39612,5000,39610,39609,9785,59775,44283,59779,12279,12278,705,36829,704,45807,149262,738,718","4716132,542177575,1080502680,1080502682,1080502685,1209649895,11160222,12535036,782395449,1105398528,1105398529,754330313,211260230,211260232,198132973,144987851,5323142,1105398542,1105398543,713493692,1105398544,791668582,1105398545,1189963744,166317780,198136308,203048340,203048345,48718674,1105398547,1105398546,48718679,203048351,22961642,1261386957,203048342,1261386962,1310769901,203048350,1164612964,23825848,1164586913,1164586914,45542221,83144507,1125821134,,"
5,12,random,213,21205132427,212051324,718,21205132002,212051320,"213,77522,214,81639,141290,4882,154,153,5080,51732,51733,54832,56700,1523,94851,91480,6089,39612,39613,39604,39609,9785,59775,44283,59779,12279,36831,12278,705,704,45807,149262,738,718","466906892,1102309069,542177575,1080502680,1080502682,1080502685,1209649895,12535027,4709621,782395450,782395449,1105398528,1105398529,144987842,166317777,211260230,180708619,782395452,1105398542,1105398543,713493692,1105398544,791668582,1105398545,1189963744,166317780,198136308,48718681,574623969,48718676,48718673,203048346,22961642,1261386957,203048342,1261386962,1310769901,203048350,1164612964,83144510,1164586912,1164586913,4868459,83144507,1125821134,,"
5,13,random,213,21205132427,212051324,718,21205132002,212051320,"213,214,81639,141290,4882,4883,5080,51732,54832,51734,54834,56700,39850,94851,91480,6089,6090,39613,39612,5000,39610,6091,6096,49605,95207,56401,40012,149262,738,718","4716132,542177575,1080502680,1080502682,1080502685,1209649895,11160222,12535036,782395449,1105398528,1105398529,754330313,180708618,211260231,211260232,782395453,781525357,49678860,781525358,713493692,1105398544,791668582,1105398545,1189963744,15475366,166317781,48718681,203048340,203048345,48718674,1105398547,1105398546,48718679,50127314,1202426991,198137433,784123277,784123278,1105398550,1105398551,1105398554,1105398552,,,"
5,14,random,213,21205132427,212051324,718,21205132002,212051320,"213,214,81639,141290,4882,51735,50402,204,53887,44719,44720,11787,39611,39,39603,39613,39604,39609,9785,59775,44283,59779,12279,36831,12278,705,704,45807,149262,738,718","4716132,542177575,1080502680,1080502682,1080502685,1209649895,1169285785,1169285786,1370083526,630163827,1109937560,1109937561,1109937558,70193973,1190725428,155204408,1209649896,155204407,1202456566,386599209,1166300072,1199314203,1199314205,1199314204,1167895576,1199314201,1167895575,1202456559,1199314202,203037918,1209647862,1209647861,1199314206,48718680,167571335,574623972,574623969,48718676,48718673,203048346,22961642,1261386957,203048342,1261386962,1310769901,203048350,1164612964,83144510,1164586912,1164586913,4868459,83144507,1125821134,,"
